Label,Text
non_depressive,বলব ভাই বিনোদন আরেক নাম কবিরাজ
depressive,আমি সময় অনুমান করি আমি অন্যের মতো হতে পারছি না।আমি সময় অনুমান করি আমি যেটা প্রয়োজন তাতে আমি সেটা করতে পারবো
depressive,আমি নিজের মধ্যে একটি সামান্য প্রেমের অনুভূতি মানতে চাই কিন্তু পাওয়া যাচ্ছে না।টাকা থাকলে শান্তিতে মরাও যায় ভাই। এটাই সত্যি
non_depressive,ভাই ওইটা ইউটিউবার ইউটিউবাল হবে
depressive,শেখ হাসিনার বাংলাদেশের উন্নয়নের অবস্থা প্যারালাইসিস চিকিৎসার অবস্থা একই কথা।
depressive,আমি নিজেও সমস্যায় ভুগছি।।।কোনো কিছুই ভালো লাগে নিয়ে চিন্তা করি কেন খারাপ থাকে নিজেও বুঝতে পারি
non_depressive,বিপক্ষে মতন একটা লোকের শটগান যদি থাকতো তাহলে বাংলাদেশ আরো আগে উন্নত হতো
depressive, আজব একটা মানুষ তুমি ! দুঃখের গল্প বললেও তুমি কষ্ট পাও । সুখের গল্প বললেও দেখি কষ্ট পাও । কারণ ঐ সব গল্পে তো আমি থাকি না । থাকে অন্য কেউ । 
non_depressive,ওনাকে আইনের আওতায় নিয়ে কঠিন শাস্তি দিতে হবে
non_depressive,থেকে ওয়াদা করলাম জিবন থাকতে টিকা দেব আল্লাহ উপর বিশ্বাশ রেখে সময় চলব
depressive,মনে পড়ে গেল সেই চিলেকোঠায় থাকার কোথা
depressive,জাতি মুক্তিযুদ্ধ করে দেশ স্বাধীন করেছে সেটা আমার বিশ্বাস করতে কষ্ট তার অন্যতম কারণ হচ্ছে যখন চাপিয়ে দেওয়া হচ্ছে তাই আমরা গ্রহণ করছি।
depressive,মানুষটার জন্য কাঁদতে কাঁদতে এখন চোখে পানি আসেনা
non_depressive,অনেক উপকার হইল নিউজ জানলে জিবনে অনেকটা পিছিয়ে পরতাম
non_depressive,এরা কারা প্রথম দেখলাম চিনিনা এদের এরা করলো করলো তাতে মিডিয়ার আসে যায় সমস্যা হলে থানা দেখবে
non_depressive,বক্স অফিস নাকি গুলিস্তানে বাস কাউন্টার।
non_depressive,আমাকে দায়িত্ব দেন মিনিটে ঠিক করে দিব নাহ আমার পকেট থেকে সকল যাত্রী দের বর্তুকি দেব
non_depressive,ঘটনার তিব্র নিন্দা জানাই আসামিদের সর্বচ্ছো সাজা দেয়া হউক
depressive,"বাসের তলায় পিষছে মানুষ , হাসছে নরপিশাচ ! তিন তিনটা লাশ পরেছে খা কির পোলা আর কত লাশ চাস ? বিচার চাই পপাই"
depressive,ফসলের দাম নেই কিষান মান্ডি গুলো চালু নেই শূন্যপদে নিয়োগ নেই শিল্পে বিনিয়োগ নেই চাকরি নেই বাংলা আসলে গণতন্ত্র নেই ধিক্কার
non_depressive,তোমার মূল্য ততক্ষণ থাকবে যতক্ষণ তুমি রস এবং গন্ধ বিলাবে । অতপর তুমি আস্তাকুঁড়ে নিক্ষিপ্ত হবে 
non_depressive,এখন বাংলাদেশে শান্তিতেই আছি
non_depressive,সদ্য ভূমিষ্ঠ হওয়া সন্তানের মৃত্যুতে ২দিন ধরে কাঁদল মা তিমি : 
non_depressive,মহান আল্লাহ করে মানুষের কল্যাণে করে তাই একটাই দিয়েছিলাম।
depressive,ব্যাক্তিগত ইচ্ছার থেকে এখনে পরিবার আশেপাশের মানুষের কথায় আমরা বিকশিত হতে পারি
depressive,বাবু কেটেছে একেলা বিরহের বেলা আকাশকুসুম চয়নে । সব পথ এসে মিলে গেল শেষে তোমার দুখানি নয়নে । 
depressive,স্বার্থক জন্ম আমরা জন্মেছি দেশে রাস্তায় মানুষ মরে মন্ত্রী সাহেব হাসে হায় আফসোস সার্টিফিকেট দিয়ে আমি করবো মনে চায় মরে যাই
depressive,টেস্টে বাজে খেলায় খেলোয়াড়দের অশ্লীল ভাবে গালি দেয়া ছেলে মেয়ে গুলার মূখে এখন প্রসংশা ফুল ফুটে অদ্ভুত
non_depressive,আলহামদুলিল্লাহ সুস্থ আছি
non_depressive,কোরোনার টিকা দেওয়ার কোনো ইচ্ছা ছিলোনা প্রকার জোর করে দেয়ানো হয়েছে
non_depressive,আলহামদুলিল্লাহ মডানা ডোজ নিয়ে এখনও সুস্থ আছি ভালো রাখার মালিক আল্লাহ
non_depressive,পাচার বন্ধ করার জন্য তেলের দাম বাড়াতে হবে কেন প্রশাসন নাকে তেল দিয়ে ঘুমায়
non_depressive,অসাধারণ অসাধারণ অসাধারণ। এটাকেই বলে নাটক। নাটকের সবকিছুই ঠিক ছিল শুধু বৃষ্টির সিনটা একটু পারফেক্ট করা দরকার ছিল।
depressive,"জীবনে মোড় বাঁকুনিতে নতুনত্বের জয়ধ্বনিতে ! অতীতে যেসব স্থান ক্ষেত্রে সর্বদা দাপিয়ে বেড়াইতাম , এখন আর সময়ই হয় না সে সবে ছায়া মাড়াইতাম ! "
non_depressive,কোরআন এবং হাদিসের দিকে লক্ষ কোরুন সুন্দর ভাবে আমকে আপনাকে বুঝিয়ে দিয়েছে
non_depressive,এটাই সুযোগ যারা দেশের খেয়ে বনের মোষ তাড়াও তারা চলে যাও
depressive,বিষন্নতা কোনভাবেই আমার পিছু ছাড়ছে
depressive,কক্সবাজার পৌরসভা নং ওয়ার্ডে ভোটার হাজার নৌকা একা পেয়েছে হাজার
non_depressive,ইসলামের সঠিক জ্ঞান থাকার কারনে পরিস্থিতি।
depressive,সঠিক ভাবে কোন পাওয়া যায় না। সামান্য কিছু টাকা পেতে ব্যাংকে ধরনা দিয়েও কাজ না।
depressive,"এদের কাছে কোন জিনিস না নিয়ে যাবেন্নাহ , কেননা তারা ভাল জিনিস নিয়েই বসে অন্যদের মত ফরমালিন মিসিয়ে নয় কেহ টাকা কামাই করে বিক্রি করে আর কেহ জীবন বাচার জন্য করে "
depressive,ভয়ংকর রকমের মানুষ এরা
depressive,অপরাধীদের জনসম্মুখে ফাশি দেয়া হোক
depressive,রুচির দুর্ভিক্ষের কারনে পরিচিতি পাওয়া ইউটিমার।
depressive,এটা কোন দেশের নিয়ম অস্ত্র ঠেকিয়ে গুলি করে হত্যা করার হুমকি দিয়েছে। পুলিশ সেখানে করল।
non_depressive,বাজারে যেয়ে আণদআজই খবর।
non_depressive,অজানা অচেনা রাস্তায় চলতে গিয়ে নিরাশ হলেই তাকে উৎসাহ দেয় । 
non_depressive,সময়োপযোগী নিউজ করার জন্য ধন্যবাদ
non_depressive,বাংলাদেশ থেকে প্রত্যেক বছর কয়েকশো কোটি টাকা দেশের বাইরে চলে যাচ্ছে যার কারণে মুদ্রাস্ফীতি হচ্ছে।
depressive,আমি ইকবাল রোড বসবাস করি এরকম বেপরোয়া গাড়ি প্রতিদিনই চালায় কমবেশি দুর্ঘটনা প্রায় ঘটে কিন্তু এদেরকে কেউ কিছু বলতে পারে
non_depressive,সবাই পেঁয়াজের পরিমাণ কমিয়ে দেন
depressive,আমার ধারণা সত্য হলোআমার হার্ট সময় জ্বালা করে।অনেক ডাক্তার দেখালাম রোগ ধরতে পারছে না।
depressive,তিন সিটি করপোরেশন নির্বাচনে ব্যাপক অনিয়মে গভীর উদ্বেগ প্রকাশ সরকার ও সরকারের আজ্ঞাবহ নির্বাচন কমিশন তিনটি সিটি করপোরেশনের নির্বাচনকে ভোট ডাকাতি ও প্রহসনের নির্বাচনে পরিণত করেছে : ? 
non_depressive,তটিনীর অভিনয় খুব ভালোলাগেমনে শুধু তটিনী নিয়ে একটা নাটকের পৃথিবী গড়ি।
non_depressive,আমি জানি অনেকেই এখানে কমেন্ট পড়তে আসবে। তাদের উদ্দেশ্যে বলছি আমার একটা পুরাতন সাইকেল আছে বিক্রি করব
non_depressive,সবাইকে একটা করে বিয়ে করান তাহলে জামেলা শেষ হেড লাইন দেখে মনে হচ্ছে তাদের একার সমস্যা  মানে বানিয়ে লেখা বয়কট করছি
depressive,আমার মাথায় মৃত্যুর চিন্তা আসে
depressive,জুম্মা মোবারক নামাজের একটা সেল্পি সবাই লাইক কমান্ড কলেন
non_depressive,রাজনীতি দিক দিয়ে তাকালো মনে হয় বলল না।
depressive,ভাই মনে গরমে পাগল হয়ে নিজের মনভাব প্রকাশ করে ফেলসে।
non_depressive,আপনি যখন কোন ভালো কাজে মনোনিবেশ করবেন পাশ থেকে বন্ধু বা নিন্দুক বলবে এটা তুই করতেই পারবি না । মনের ভিতরে যে শয়তান থাকে সে তো আরও বলবে তুই এটা পারবি না । এটা ভেবে পিছিয়ে যাওয়া বড্ড বোকামি । মনের সাহসই বড় সাহস । তার সাথে আল্লাহর রহমত । এ দুটোই সংমিশ্রণ হলে সফলতা অবশ্যই আসবে
depressive,মাছমাংস খাওয়া হয়না আছেই ইফতারে ভালো কিছু খাবে তাও না। ঋণগ্রস্তদের অবস্থা আরো খারাপ। সময় উপযোগী সংবাদের জন্য ধন্যবাদ।
non_depressive,সকল অপরাধী ক্রসফায়ার করা হোক
non_depressive,বইয়ে আছে জেনেই উনারা মাঠে নেমে গেছেন।
non_depressive,বিষের চেয়েও বেশি বিষাক্ত একটা মানুষের মিথ্যা অভিনয় 
non_depressive,শেষ কিছুদিন নাটকটি কথায় অসাধারণ কথাই নাই
non_depressive,আমি প্রধান মন্ত্রী হলে আপনাকে আমার উপদেষ্টা হিসাবে রাখমুকারন এতো জ্ঞানী মানুষ এখন সহজে পাওয়া যায়না
non_depressive,চাকুরির পিছনে ছুটবেন ছোটো করে হলেও উদ্যোক্তা হোন। পরিশ্রম করুন সময় দিন ইনশাআল্লাহ সফল হবেন। চাকরি চাকর ব্যাবসায়ী মালিক
non_depressive,দেশের চিকিৎসা দালালীর অবস্তা তার চেয়ে এইটা ভাল
non_depressive,সকল কে জানাই ঐতিহাসিক মোহনবাগান দিবস এর সবুজ মেরুন শুভেচ্ছা এবং আন্তরিক অভিনন্দন । জয় মোহনবাগান 
non_depressive,নিচি আলহামদুলিল্লাহ সুস্থ আছি
depressive,ছিঃ এভাবে টাকা খেয়ে নিজের মাতৃভাষার বদলে অন্যভাষা প্রচার করা ? ধীক্কার জানাই কে । বাংলা খেয়ে হিন্দির প্রচার : 
depressive,হ্যাঁ এটা একটা খুব ভয়াবহ রোগ আমিও রোগে আক্রান্ত ছিলাম উপর আল্লাহর অশেষ রহমতে আমার ফ্যামিলির সাপোর্টের মাধ্যমে আমি এখন অনেকটাই সুস্থ
non_depressive,"সিলেটে পাঠানটুলা জামেয়া কেন্দ্র পুলিশের সহায়তায় দখল ! ছাত্রশিবিরের বিক্ষোভে পুলিশের গুলি । রেজাউল ও মামুন নামে দুজন ভাই গুলিবিদ্ধ । অনেকে আহত । আল্লাহ হেফাজত করুন , আমীন । "
depressive,গণতন্ত্রের লেবাছ হলো জনগণ সকল ক্ষমতার উৎস । আর ভিতরটা হলো শাসক সকল ক্ষমতার উৎস । 
non_depressive,ইসলামের ছায়াই জীবন পরিচালনা করলেসবাই পরিবার পরিজনকে ভালোবাসতে শিখেবিচ্ছেদ মতো পাপ থেকে দূরে রাখে
non_depressive,কথা আমার অনেক আগেই আমাকে জানিয়ে দিয়েছে জন্যই টিকা দেইনি।
non_depressive,এসব বাদ দেনরিজিকের মাধ্যম হিসেবে অন্য রাস্তা অবলম্বন করুন
depressive,লেখাটি পড়ে আমার মনে হচ্ছে অত্যন্ত দুখজনক ঘটনা ঘটেছে। আসুন দেশটাকে গিলে খাই ভাত উপর চাপ কমাই
non_depressive,বাংলাদেশ নতুন মন্দির বানানো হচ্ছে নাকি
depressive,আজকাল কোন নাটক কোন টেলিফিল্ম কোন ওয়েব ছিরিজ বুঝার খমতা নেই
depressive,সব থেকে বিরক্তিকর ব্যাপার হচ্ছে যখন ঘুম থেকে উঠে বুঝতে পারলাম আমার প্রচন্ড মাথা ব্যথা এই মাথা ব্যথা নিয়ে পড়ছি শত ঝামেলায় এখন ট্যাবলেট টা খেয়ে ঝিম মেরে শুয়ে থাকবো বিদায় পৃথিবী 
non_depressive,খুবই ভালো চিকিৎসা। বাংলাদেশের মানুষের জন্য উপযুক্ত চিকিৎসা যারা রাস্তার ধারে প্রশ্রাব করে ময়লা ফেলে ড্রেন বন্ধ করে ছোটখাট বিষয়ে চিৎকার ঝগড়া করে।
depressive,মায়ের থেকে মাশির দরদ বেশি
depressive,এমন সম্পদ বাবা রেখে যায়নি তাই বাবার বেহেশত নসিব কামনা করছিবাবা ভালো থেকো ওপারেসম্পদ থাকলেও এখনো তোমাকে আগের মতো ভালোবাসি বাবা
depressive,কিসের এতো ভয় বলো যেখানে ভালোবাসা শূণ্যতার উপর দাঁড়িয়ে সেখানে তোমাকে হারানোর ভয় বোকামী শুভ সকাল
non_depressive,সকল নাট্যকার মধ্যে সেরা জুটি ইয়াস রোহান তটিনী পুরো নাটক দেখলাম অনেক সুন্দর হয়েছে
depressive,নামের কষাই হাত থেকে রক্ষা পেতেই আগের চিকিৎসা পদ্ধতিতে ফিরে যেতে হব।
non_depressive,এখন পর্যন্ত আমার দেখা সবগুলো ভিডিওর মধ্যে এটার গ্রাফিক্স এবং এডিটাংটাই সবচেয়ে সুন্দর এটাই সবচেয়ে অসাধারণ
non_depressive,"এই সমাজের মানুষগুলা বড্ড বেশী স্বার্থপর । প্রয়োজনে সবাই কাছে আসে , প্রয়োজন ফুরিয়ে গেলেই সবাই চলে যায় ! "
non_depressive,এখন আন্তরার সাথে তালাক হওয়ার ভিডিও টার জন্য আপেক্ষা করতে আছি
depressive,মুসলমান ছাড়া মুসলমানদের বন্ধু কেউ হতে পারেন না
depressive,জামায়াত কেন্ যে রাজশাহী অার বরিশালে তাদের প্রার্থী দিলো না তাহলে নিশ্চিত বিএনপি অারো ২টি মেয়র পেতেন 
depressive,এই ফালতু আধার ফাধার হ্যাক না করে প্যারাডাইসের ডাব শরবতের রেসিপি হ্যাক করুন দিকি
depressive,ভালোবাসায় গভীরতা থাকলে অভিমানের গভীরতা পরিমাপ করা যেত অভিমানের গভীরতা মনে থাকলে ভালোবাসার গভীরতা কখনোই বুঝা যেত না।
non_depressive,দিনের মধ্যেই ইন্ডিয়া থেকে পেঁয়াজ বাংলাদেশে ঢুকবে।
depressive,পরিবার আপনজনবন্ধু এরাই মূলত ডিপ্রেশন রোগী বানিয়ে দেওয়া মূল হাতিয়ার তারা কিভাবে ডিপ্রেশন দূর করতে সাহায্যে করবে
depressive,কমেন্ট করে গেলাম অনেক বছর কেউ এসে লাইক দিলে বুঝতে পারবো নাটকটি আমি তাগড়া যোয়ান বয়সে দেখেছিলাম আবার ফিরে এসে আপসোস নিয়ে চলে যাবো আমিতো এখন যোয়ান নেই।
depressive,শেষ পর্যন্ত চোখের পানি ধরে রাখতে পারলাম কোনো সম্পর্কের সম্পৃক্ততা বৃষ্টির সাথে হোক
non_depressive,এসব নিউজও করতে আরটিভিকে
non_depressive,মালুদের ওপার নিয়ে যাওয়ার দাবী জানাই
non_depressive,বাংলাদেশে চিনের ভ্যাকসিন ঐটার নাম ছিলো
depressive,সমস্ত দ্রব্যের দাম অনেক বেশি তাদেরকে বর্জন করা হোক দাম কোমে জাবে।
depressive,যায় দিন যায় রাত থাকি দিশেহারা তরে ছাড়া বড় একা একা লাগে তরে ছাড়া 
non_depressive,অসংখ ধন্যবাদ সময় টিভি
non_depressive,নদীর কূল কহে ছাড়িয়া নিঃশ্বাস ওপারেতে সুখ আমার বিশ্বাস নদীর ওপার দীর্ঘ নিঃশ্বাস ছাড়ে
depressive,মৃত্যু পর্যন্ত চলতে থাকবে তার অসীম আকাঙ্ক্ষার
non_depressive,আল্লাহ পাক যেন সুস্থ রাখেন আমীন
depressive,তোমাদের প্রতিযোগিতার ফলাফল হিসেবে আমরা আমাদের মৃত্যু মেনে নিয়েছি ! 
depressive,আমাদের দেশে ব্যাপারে অনেক সচেতনতা দরকার। অনেক মানুষের প্রাণ বাঁচবে
depressive,আমি যদি খাইতে পাইলাম তবে সমাজের উন্নতি দিয়ে করবো বিড়াল
non_depressive,উন্নয়নের দরকার নেই বাজারে দ্রব্রুমূল্যের দাম দাম কমানো হক।সাধারণ মানুষের দাবি।
depressive,ডিপ্রেসন আমার লাইফ শেষ করে দিচে
depressive,লাভ যাকে কোন দিনই পাবো তার জন্য অপেহ্মা করে
non_depressive,যে মানুষ চুষে খাওয়া চকলেট চিবিয়ে খেয়ে ফেলে তার কাছে ধৈর্য প্রত্যাশা করাটা সত্যিই মূর্খতার নামান্তর
non_depressive,লোকটাকে আইনের আওতায় এনে বিচার করা হোক
depressive,আমার মেয়ের জন্য একটি সুন্দর নাম দিন । অর্থসহ । টিভি চ্যানেলের জন্য নাম দিন । অমুক প্রতিষ্ঠানের জন্য নাম দেন । ইত্যাদি ইত্যাদি । অনেককেই দেখেছি ফেসবুক টুইটারে নাম চায় । এদেরকে আমার গাধা বলে মনে হয় । 
non_depressive,অসাধারণ উপস্থাপনা। দুজনের অভিনয়ের কোন খামতি নজরে পড়ল না।
non_depressive,"যে মাঠে গান্ধী জি , রবীন্দ্রনাথ , নেতাজী স্পর্শ আছে , যে মাঠ বিপ্লবীদের স্পর্শে ধন্য , সেই মাঠ কে কলংকিত করেছেন মোদী মানস ভূঁইয়া"
depressive,কিছুদিন আগে আমি ভাবতাম জীবনের সমস্যার সামনে আমি কিভাবে সম্মুখীন হতে পারবো। আমি এখন বুঝতে পারছি সেটা হলো কীভাবে হবে।
depressive,"আমরা মেয়ের ইচ্ছা পূরণের জন্য যা কিছু দরকার তাই করার চেষ্টা করতেছিলাম । কিন্তু , আমাদের সব আশা ধূলায় মিশে গেলো । : "
depressive,অঙ্কটা আজও মিলে নাই।
non_depressive,খুনিদের ফাঁসির জোর দাবী জানাচ্ছি
non_depressive,নাচের কথাটা বলতেই কাঁচা বাদামের পোজটা দিলেন
non_depressive,উচ্চ শিক্ষিত হওয়া দেশে বড় পাপ।
depressive,ভাই বর্তমানে লক্ষ্য লক্ষ্য পরিবারের এমন অবস্থা সারা দেশে।
depressive,আমার কিছুই ভালো লাগেনা শুধু একা থাকতে ভালো লাগে কোথাও দূরে হারিয়ে যেতে মনচায়
depressive,হাড্ডি কখনো গোস্ত বাঙ্গালী কখনো মানুষ না৷
depressive,আমি দেখেছিলাম তাকে শাড়িতে।মন ভরে দেখতেও পারিনি তাকে তবে আমি ফ্রেম বন্ধি করতে পারিনি। পারিনি তাকেও আমার করতে। পেলাম তার থেকে কষ্ট অবহেলা।
depressive,কৃষিকাজই আমাদের ভবিষ্যৎ মনে হচ্ছে।
depressive,শান্ত বুকের তপ্তক্ষুনে শক্তমাটি রক্তলাল মজলুমানের আর্তনাদে আরশে আজিম কম্পমান মানবতা দূর্বিপাকে আবাসভুমি ঘোর শ্মশান
non_depressive,খুশি হলাম শ্রীরাম
non_depressive,টিভি ভিউর জন্য এসব পোস্ট করে
non_depressive,", অন্তরে যার নাম লিখেছি প্রেম এঁটেছি খামে ! হাজার স্তুতি কাব্য পাঠাই সেই সে মহান নামে ! অঙ্গেও তার রঙ মেখেছি পণ করে নিজ দাঁতে ! তার কবিতায় সুর তুলে যাই রোজ প্রতি সিজদাতে ! "
depressive,প্রতিটি কৃষক বাজারে ব্যাঙ্কের শাখা খোলার কথা ছিল । একটিতেও হয়নি । সরকারের সাইকেলসহ নানা জিনিস লাট হয়ে পড়ে থাকে কৃষক বাজারগুলিতে । প্রায় কোন কৃষক বাজারেই কৃষকরা ফসল নিয়ে বিক্রি করতে যান না । অর্থাৎ পুরো প্রকল্পটিই অর্থহীন হয়ে গিয়েছে । টাকা জলে গিয়েছে । ২ ২ 
depressive,মায়ের থেকে মাশির দরদ বেশি
non_depressive,ভালো ভালো চিকিৎসা টাইগার সাব মেডিকেলে নিয়ে গিয়ে থেকে শিক্ষা নেওয়া হোক চিকিৎসকদের
non_depressive,আত্মার সম্পর্ক মাঝে মাঝে রক্তের সম্পর্কেও অতিক্রম করে যায় 
non_depressive,আল্লাহ মালিক লোকটাকে সুস্থ করে দেন আমীন
non_depressive,বলা অনেক সহজ কিন্তু বাস্তবে অনেক কঠিন থেকে বের হওয়া।
non_depressive,এতোদিনে ভালো একটা নিউজ করলেন
non_depressive,বাংলাদেশের সমাজে সাধারণ নাগরিকদের শিক্ষার দৈন্য মানবতাবোধের অভাব সর্বত্র প্রকট
non_depressive,আপনাকে ভালো লাগছে
non_depressive,আল্লাহর রাস্তার চেয়ে ভালো রাস্তা নেই।
depressive,ছিড়া সাধারণ মানুষের জন্য বিব্রতকর
depressive,"জীবনকে এক পেয়ালা চায়ের সঙ্গে তুলনা করা যেতে পারে । যতই তৃপ্তি সহকারে আমরা তা পান করি , ততই দ্রুত তলার দিকে অগ্রসর হতে থাকি । "
depressive,আমিও সুইসাইড করতে চাই।এটাই লাইফের মুক্তি
non_depressive,অভিনন্দন এ এইচ এম খায়রুজ্জামান লিটন ভাই ; নবনির্বাচিত নগর পিতা রাজশাহী সিটি কর্পোরেশন । অভিনন্দন সেরনিয়াবাদ সাদিক আবদুল্লাহ নবনির্বাচিত নগর পিতা বরিশাল সিটি কর্পোরেশন । অপেক্ষায় বদর উদ্দিন আহমেদ কামরান । 
non_depressive,ভাগ্যিস আমি এখনো একটা টিকা নেই
non_depressive,সবচেয়ে বড় সমস্যা হচ্ছে চাকুরীর জন্য চায় অভিজ্ঞতা। যেইটা আমি মনে করি সবচেয়ে বড় ফাঁদ।
depressive,হয়রে মানুষ হায়রে মানুষের বিবেক বিচার
non_depressive,"যৌতুকের জন্য যদি স্ত্রীকে পেটানো হয় তাহলে , দেনমোহরের জন্য স্বামী কেও পেটানো উচিত । কে কে আমার সাথে একমত ? আপনাদের মতামত আশা করছি "
non_depressive,বউ হবে বউয়ের মতো । বাসর রাতে দরজা বন্ধ করে একসাথে সিগ্রেট টানবো । আমি ওর মুখে ধোয়া ছুড়ে দিবো আর ও আমার মুখে । এক্কেবারে ভালোবাসায় ঠাসাঠাসি
depressive,আমিও এরকম একটি বৃষ্টির দিনের জন্য অপেক্ষায় থাকব
non_depressive,এমন ভিউ ব্যবসায়ীদের বিশ্বাস করাই ভুল। কোনটা আসল কোনটা নকল এটাই বুঝিনা।পরে আমাদের মতো সহজসরল মানুষেরা ধোকা খাই
depressive,মানব তোমার কাফনের কাপড় বাজারে এসে গেছে তুমি এখনো বেখেয়াল
non_depressive,তোমাগো দেশ হয়ে জনগনেই ভালো যানে।
depressive,"আমার একদিন প্রচুর টাকা হবে , কয়েকশ প্রেম কিনবো দু , চারটে প্রেমিকা বন্ধুদের গিফট করবো শুভ রাত্রি ওসমান গনি "
non_depressive,জীবন প্রথম রকম চিকিৎসা দেখলাম।
depressive,চিকিৎসা করা ব্যয়বহুল তাই চিকিৎসা করতে পেরে সাধারণ মানুষের অবস্থা
depressive,ভালোবাসা বাসি না করে কতক্ষণ হাল চাষ করালে বরং বেটার হয় ! বিরোধী কেউ থাকলে ম্যানশন করুন 
depressive,আল্লাহ বৃষ্টিটা একটু থামাও সবার ঘরে নাই
non_depressive,সরকারের দরকার বাড়িটা খুব যত্ন হবে রাখার যাতে কেউ যাতে এটার উপর আঘাত করে বাংলাদেশে ইতিহাসের কিছুই থাকে
depressive,আমি সময় অনুমান করি কেউ আমাকে ভালোবাসে এবং আমি হারিয়ে যাচ্ছি।
depressive,হতাশা থেকে বাচার উপায় বিধাতাকে স্মরণ রাখা। নামাজ পড়া ধর্মীয় বিধিনিষেধ মেনে চললে হতাশা ঘিরে ধরবেনা।
non_depressive,ভদ্র হয়ে বিপদে পরলাম কাউকে তার প্রাপ্প গালিটুকুও দিতে পারি
non_depressive,কিছু কাজকে ছোটো করে দেখা রিস্ক নেয়ার প্রবণতা থাকাও বেকারত্বের কারণ।
depressive,সঠাৎ কইরা আমার চেহারা কালা হইয়া গেছে থুতু দেশের কয়লা আবার উড়ে উড়ে চেহারায় পড়ে নাই সন্দেহ লাগতেছে
non_depressive,ক্ষমতা চিরদিন সবার থাকে না। ফুরিয়ে যায়
depressive,কেউ কোনদিন বকবে আমাকে মায়ের সেই ভালোবাসা বাবার সেই সুপরামর্শ ঠাম্মার সেই আদর পাবো
non_depressive,এইসব ফালতু নিউজ কেন দেন থেকে অনেক গুরুত্বপূর্ণ নিউজ আছে।এরা মরে চুলোয় যাক।
non_depressive,স্বার্থক জন্ম আমরা জন্মেছি এই দেশে রাস্তায় মানুষ মরে আর মন্ত্রী সাহেব হাসে হায় আফসোস
non_depressive,প্রিয় মানুষের ভালোবাসা সুন্দর
depressive,কিসের যেন একটা অভাব দেহের ভিতর বসবাস করছে । মাঝে মাঝে অনেক ভাবি কী হতে পারে এটা । ভেবেও কোন কূলকিনারা পাইনা ! 
non_depressive,আসামে বাঙালি খেদাও চলছে : এনআরসি র রিপোর্ট নিয়ে কেন্দ্রকে তোপ মুখ্যমন্ত্রীর : 
non_depressive,সেই ভাইরাল ডায়লগ তখন আমার আবেগে কাজ করছে বিবেগে কাজ করে নাই
depressive,বাবা বেচে নেই আমার কলিজা ফেটে যায় বাবার জন্য বলবো জানি
depressive,আমি কান্না করতে চাই কিন্তু শেষ পর্যন্ত কান্না করে থাকতে পারলাম নাটকটা অসাধারণ হয়েছেধন্যবাদ এরকম একটা নাটক উপহার দেওয়ার জন্য
depressive,শ্রাবণ ধারায় এতো চেনা কি খুঁজে পাও ? যা আমার মাঝে নেই একবিন্দু পরিমাণও আমার সরল রেখায় চিন্তা ধারায় আড়াড়ি করে দাগ কাটো কেনো ? নাকি কাঁদিয়ে আমাকে সেই চোঁখের জলে ভেজো ! তৃষ্ণার্ত হৃদয়ে শুধুই আমি মরীচিকার মতোই
depressive,টেস্টে বাজে খেলায় খেলোয়াড়দের অশ্লীল ভাবে গালি দেয়া ছেলে মেয়ে গুলার মূখে এখন প্রসংশা ফুল ফুটে অদ্ভুত
non_depressive,বর্তমানে গ্রামের মানুষরাই সুখে শান্তিতে আছে৷
depressive,মানুষ বাঁচলে উন্নয়ন নিয়ে হবে
depressive,আমার মনে হয় আমি অবাক অবস্থানে রয়েছি নিরাপদ নয়।
non_depressive,এরা বলে নিজেরাই জানে না।পাচার বন্ধ করে।দাম বারালে সমাধান হবে
depressive,নাটক তার মায়ায় ফেলে দিলো সত্যি খুব ভালো লেগেছে শেষ অনুভব করতে পারবে তারা যারা প্রিয় মানুষ হারিয়েছে
depressive,সবাই ডিশের লাইন কেটে দিয়ে বিটিভি দেখুন বছর বাতাবিলেবুর ফলন অনেক ভাল হয়েছে সার্টিফিকেট দিয়ে আমি করবো মনে চায় মরে যাই
non_depressive,এটা নিউজ চ্যানেল মিউজিক ভিডিওর
non_depressive,আলহামদুলিল্লাহ একটা টিকাও নেইনাই।আল্লাহর রহমতে অনেক ভালো আছি।
depressive,আমি সময় অনুমান করি আমি নিজের সাথে সন্তুষ্ট নই।আমি সময় অনুমান করি আমি যেটা প্রয়োজন তাতে আমি সেটা করতে পারবো
non_depressive,উন্নয়ন হচ্ছে। তাই উন্নয়ন খেয়ে বেঁচে থাকতে হবে।
non_depressive,মাঝে মাঝে মধ্যে মনেহয় আমরা এখোনো পরাদিন।
depressive,টেস্টে বাজে খেলায় খেলোয়াড়দের অশ্লীল ভাবে গালি দেয়া ছেলে মেয়ে গুলার মূখে এখন প্রসংশা ফুল ফুটে অদ্ভুত
non_depressive,নির্দিষ্ট স্থান এবং পার্কিং ছাড়া রাস্তায় দাঁড়ানো নিষিদ্ধ করা হোক রাস্তায় গাড়ি দাঁড়ালে মোটা অংকের জরিমানা করা হোক
depressive,ভাই আপনি বেকার সমস্যার আসল কারণ গুলোই তুলে ধরলেন না।
non_depressive,দেশের জনগন চায় চায় এটা সরকারের জানা উচিত
depressive,এখন বর্ষাকাল হলেও বিপরীত মৌসুমে এই রকম সাকোতেই বাসাইল সখীপুরের কয়েক গ্রামের মানুষের চলাচল করতে হয় । স্বাধীনতার ৪৭ ববছরেও উন্নয়ন স্পর্শ করেনি যে এলাকায় তার নাম হাতিবান্দার চাকদহ । বংশাই নদী । 
non_depressive,বলার ভাষা কখন শুরু থেকে শেষ হয়ে গেল বুঝলাম তাদের দুজনের অভিনয় অসাধারণ
depressive,গরীবেরে দিলে কমে যেত
non_depressive,চিকিৎসা কার্যকরী চিকিৎসা।
depressive,আমরা প্রবাসে এমন দেখি আমাদের দেশের মানুষ সরকারের কথা শুনে
depressive,আহারে কোন নিউজ পাইলি
depressive,আমি সময় অনুমান করি আমি অস্থির এবং অস্থির হতে চাই।আমি সময় অনুমান করি আমি যেটা প্রয়োজন তাতে আমি সেটা করতে পারবো
depressive,পেরেমে পেরেমে সময়কাল চলে যাচ্ছে
non_depressive,কেউ কাউকে অযথা মারেনা আমার মনে ছেলেটিও তাদের সাথে এমন কিছু করেছে তারাও মানুষ গুলো লোকের ভিতরে একজনের মস্তিষ্ক হলেও ভালো ছিলো
non_depressive,আমার ত্রাস তটুনি এবং প্রিয় অভিনেত্রী
depressive,আমি সময় অনুমান করি কেউ আমাকে ভালোবাসে এবং আমি হারিয়ে যাচ্ছি।হতাশা দুচিন্তা বেকারত্বের প্রধান কারণ।
non_depressive,চোর আরেক চোরদের প্রসংশা করে। এইটা নিয়ে অবাক হওয়ার কিছুই নাই
non_depressive,"অনেক দিন হয় প্রশ্ন করা হয়নি ভালোবাসো আমায় ? , অনেক দিন হলো শোনা হয়নি খুব ভালোবাসি তোমায় । প্রতিটা মুহুর্ত কান পেতে থাকি শুনতে রাশি রাশি , ফিসফিস করে বলছো তুমি ভালোবাসি ভালোবাসি । "
depressive,কোন ছেলেটা ক্রাশ খেলো লেখলো প্রেমের নাম বোঝে প্রেমের এখন নাই কোন নাই দাম সার্টিফিকেট দিয়ে আমি করবো মনে চায় মরে যাই
depressive,আমি মাজে একজন বুক্ত ভূগি।কারন টিকা নেওয়ার আমর এলার্জির সমস্যা হয়ছে এটাতে আমি খুবি সমস্যায় আছি।
depressive,সময় চলে যাচ্ছে এবং আমি আমার স্বপ্ন হারিয়ে যাচ্ছি এটি খুব দুঃখজনক।টাকা থাকলে শান্তিতে মরাও যায় ভাই। এটাই সত্যি
non_depressive,সমস্ত চিকিৎসা খরচ বড়লোক বাপের বহন করা উচিত।সাথে লক্ষ টাকা কমপক্ষে জরিমানা দেওয়া উচিত পরিবারটিকে।
depressive,আমি জানি আমার জীবনের ব্যস্ত অনুভব কেউ বোঝতে পারবে না।
non_depressive,ভালোবাসা সব সময় রং রূপ দিয়ে হয়না এগুলো তারই প্রমাণ এসিড দগ্ধ মেয়েটি । 
depressive,এপিসোট দেখে চোখ থেকে নিজের অজান্তে পানি বের হলো
depressive,জীবনের অজানা গোপন পাথরে আমি অনেকটা খুঁজে পাচ্ছি।টাকা থাকলে শান্তিতে মরাও যায় ভাই। এটাই সত্যি
depressive,সিনেমা বন্ধ হয়ে যাক চিরকালের মতো
depressive,বাসের তলায় পিষছে মানুষ হাসছে নরপিশাচ তিন তিনটা লাশ পরেছে কির পোলা লাশ চাস
non_depressive,এইটা আজকা জানলেন আপনারাআমিতো অনেক আগেই জানি
depressive,জীবনের অজানা পথে আমি সবসময় হারিয়ে যাচ্ছি এবং নিজেকে খুঁজে পাচ্ছি না।
depressive,প্রশ্ন ফাঁসের জন্য বর্তমানে অনেকের চাকুরী পরীক্ষার প্রতি অনীহা চলে এসেছে।
non_depressive,যেসব দোকানিরা এইসব মেডিসিন বিনা প্রেসক্রিপশনে বিক্রি করে তাদেরও ধরা উচিত
non_depressive,পশ্চিমবঙ্গের পশ্চিম টুকু থাক । এই পশ্চিম এই রয়েছে বাঙালী হিন্দুর অস্তিত্ব । চাই না বাংলা ! : 
depressive,আমাদের জীবনে অসম্ভব দুঃখ আমাদের অগ্রদিকে নিয়ে যাচ্ছে যেখানে আমরা শুধু আনন্দ খুঁজে বের করতে চাই।
depressive,"কতোদিন প্রাণ আমার হাসে না , ঠোঁটের কোনে তোমরা যা দেখো আসলে তা হাসি না । "
non_depressive,এজন্যই ঢাকার পবিত্র রাজারবাগ দরবার শরীফ থেকে টিকা নিতে নিষেধ করা হয়েছিল। জাহাঙ্গীর কবিরও একই কথা বলেছিল
non_depressive,মারার ভ্লগ কবে পাবো তাহলে
non_depressive,আমরা ওনার বিচারের অপেক্ষায় রইলাম
depressive,আমি সময় অনুমান করি আমি কিছুই নিয়ে করতে পারি না।
depressive,জাতি মুক্তিযুদ্ধ করে দেশ স্বাধীন করেছে সেটা আমার বিশ্বাস করতে কষ্ট তার অন্যতম কারণ হচ্ছে যখন চাপিয়ে দেওয়া হচ্ছে তাই আমরা গ্রহণ করছি।
non_depressive,উপজাতি দের কঠোর বিচার চাই
non_depressive,জন্যই অংক মিলে
non_depressive,"সেই মুহূর্তটাই সবচেয়ে কঠিন মনে হয় , যখন মন খারাপ হলে কাউকে নিজের করে খুঁজে পাওয়া যায় না যার মন খারাপ হলে নিজেই নিজের মন ভালো করতে হয় সে বড় দুঃখী মানুষ কারণ সবাই বলে না তোমার মন খারাপ হলে আমাকে বইলো অমন মানুষ এ জগতে খুব কম "
non_depressive,এটাকে থেকে লাথি মেরে বেরকরে দিয়ে শাস্তির আওতায় আনা হোক
depressive,ভাই দব্রমুল্য দাম বারলে সরকারের কিছুই করার থাকেনা তবে সরকারে করনিও হলো সরকারি বেসরকারি চাকরি জিবিদের বেতন বাজারের সাথে মিল রেখে বারানো হোক
depressive,সরকার যদি বারবার ক্ষমতায় থাকে তাহলে সরকারের মন্ত্রী এমপি নেতা করুক কেনোতাদেরকে ধরে রাখার কেউ থাকেযার কারনে পরিণতি
non_depressive,পাহাড়ি লোকদের সাথে বন্ধত্ব করা থেকে বিরত থাকা উচিত তারা কখনো আমাদের সাথে আন্তরিকত হতে পারবে না
non_depressive,মারুফ একটা নায়ক হইলো
depressive,নাটকটা খুবই সুন্দর ভালোবাসা কেন এতো অসহায়
depressive,আখেরাতের পাসপোর্ট বেহেশতের ভিসা পরকালের পাসপোর্ট নাকি ধর্মের ব্যবসাএত সার্টিফিকেট দিয়ে আমি করবো মনে চায় মরে যাই
non_depressive,এইটা নিউজ করার মতো কিছু হলো এদের এতো গুরুত্ব দিচ্ছেন আপনারা মিডিয়ারা তাইতো আমাদের দেশে ফালতু ইউটিবার জন্ম নিচ্ছে প্রতিবন্ধী হয়ে উঠছে সমাজ।
depressive,এতোদিন আপনারা এটা নিয়ে একটা নিউজও আফসোস কোন প্রতিষ্ঠিত চ্যানেলো
depressive,স্বার্থক জন্ম জন্মেছি দেশে গাড়ীর চাপায় মানুষ মারে মন্ত্রী সাহেব হাসে কান্না সারা দেশের
depressive,জীবনের অজানা দিক গুলোতে হারিয়ে যাওয়া অনুভুতি আমাকে সবসময় প্রেশার দেয়।
depressive,কোন মুখ কোন মুখোশ ভিডিও দেখলে বুঝতাম না।প্রবাসি ছাড়া বিমানবন্দর অচল
depressive,গরমতো লাগবই আরো রেকর্ড করো কটি টাকা খরচ করে গাছ লাগিয়ে রাস্তা করে
depressive,হৃদয় থেকে বৃষ্টি নেমে আসে দুটি আঁখি বেয়ে পড়ে ফোটায় ফোঁটায়
depressive,ভালো বাসা এমনি ।আমি আমার প্রিয় মানুষটাকে ভিশন ভালো বাসি ।আল্লাহ্ যেন চিরজীবন একসাথে রাখেন।ইহকাল পরকাল সবসময় যেন সাথে থাকতে পারি
depressive,আমি সময় অনুমান করি আমি অত্যন্ত অল্পমাত্রে জানি এবং আমি কোন কারণে কাউকে আমার কাছে বুঝতে পারছি না।হতাশা দুচিন্তা বেকারত্বের প্রধান কারণ।
depressive,গরমতো লাগবই আরো রেকর্ড করো কটি টাকা খরচ করে গাছ লাগিয়ে রাস্তা করে
depressive,তার সুখের ঘরণী হয়ে তুমি ভাবছো আমার কথা
non_depressive,রাকিব টিউবার জানলাম
depressive,কারো দোষ তালাশ করা মানে দুর্গন্ধ কিছু নাড়াচাড়া করা ! মানে যতো দোষ তালাশ করা হবে পরিবেশ ততো নষ্ট হবে । কারো গুন তালাশ করা মানে সুগন্ধি নাড়াচাড়া করা ! মানে যতো নাড়বে ততো পরিবেশ সুগন্ধিময় হবে । 
non_depressive,রাকিব অন্তরা ছিলো
non_depressive,এমন নায়ক দিয়ে মুভি করলে তার থেকে বেশি কিছু আশা করা যায় না।
non_depressive,প্রত্যেক মানুষই নিজেকে জীবনের কোনো না কোনো সময় নিঃসঙ্গ মনে করে । ভিক্টর হুগো 
depressive,আমি নিজেকে হারানোর অনুভূতি নিজেকে সবসময় আত্মহত্যার পথে নিয়ে যাচ্ছে।অনেক দিন ধরে আমি অশান্তির মধ্যে ভুগছি।
depressive,এটা আমাদের জন্য দুঃখজনক এমন চলতে থাকলে ইন্ডাস্ট্রি ধ্বংস হয়ে যাবে
depressive,ডিপ্রেশন নামক জেলখানার ভীতর আমি অর্ধমৃত কয়েদি
depressive,মেয়েটা সৎকিন্তু সামান্য ভুলের জন্য শেষ হয়ে গেলো
depressive,একমাত্র বিদ্যুতই দিচ্ছে খাটি জিনিস কোন ভেজাল নাই বিশ্বাস না হলে হাত লাগিয়ে দেখে নিন 
depressive,বাংলাদেশ আগের থেকে অনেকটা নিচে নেমে গেছে
depressive,টিউমার নিয়া লাইফ ত্যানা ত্যানা হয়ে গেল।
non_depressive,"আপনার সন্তান যদি আপনার জন্য দোয়া করতে না পারে , হুজুর আনিয়ে বকশিস দিয়ে দোয়া করাতে হয় ? তবে জেনে রাখুন নিঃসন্দেহে আপনার পিতৃত্বের জীবন বৃথা । "
non_depressive,নাটক হৃদয় ছুয়ে গেল
depressive,নাটক দেখি বিনোদনের জন্য অবসর সময় কাটানোর জন্য একটু রোমান্টিক মুড থাকার জন্য এখন নাটক দেখে পুল ডিপ্রেশন চলে যাচ্ছি
depressive,ডিপ্রেশন এমন একটা জিনিস আকস্মিক মৃত্যুর দিকে ঠেলে দেয়
depressive,প্রায় ৪০ লক্ষ বাঙালি দেশ ছাড়া হতে চলেছে সামলাতে পারবে তো পৃথিবী ? 
depressive,আমি সময় অনুভব করি আমি অবশ্যই অন্যের হতে হবে।
depressive,কখনো কখনো মনে হয় নিজেদের আপন জনদের থেকেও প্রবাসী ভাই বোনরাই প্রবাসী ভাই বোনদের সুখ দুঃখটা বেশি বোঝে আপন জনদের প্রকৃত পরিস্থিতি সব সময় বোঝানো কঠিন হয়ে পড়ে বাস্তবতা
non_depressive,আমাদের মাননীয় প্রধানমন্ত্রী শেখ হাসিনা আপনি ভিডিওটা মনোযোগ দিয়ে দেখবেন আপনার কাছে একটা অনুরোধ রইল
non_depressive,ছবির নাম আজই প্রথম শুনলাম
depressive,বিষন্নতা রোগের আমরা ভালো চিকিৎসা পাব কোথায় যদি কোন ভাইয়ের জানা থেকে তাহলে আমাকে অবশ্যই জানাবেন
depressive,আমি মরে যাব রেখে যাব সবই
non_depressive,জনগণের ভোট চুরি করে ক্ষমতায় আসা ওই নিয়ত আমাদের নাই আওয়ামী লীগ নেত্রী শেখ হাসিনা এভাবে নৌকার পক্ষে ভোটে ডাকাতি করছেন লজ্জা লাগেনা ছিঃ বাসদ নেত্রী ড মনীষা চক্রবর্তী । 
depressive,শহর ছাইড়া দিয়া গ্রামে গিয়ে চাষ করেন তাহলে দাম কমে যাবে
depressive,বাসের তলায় পিষছে মানুষ হাসছে নরপিশাচ তিন তিনটা লাশ পরেছে কির পোলা লাশ চাস সার্টিফিকেট দিয়ে আমি করবো মনে চায় মরে যাই
depressive,নতুন করে দেবে।কিন্তু বাবার সৃতি ভেঙে ফেললো।
non_depressive,"পৃথীবির সবথেকে কঠিন কাজ হলো , মানুষের মনের সত্যিকারের ভালোবাসা অর্জন করা ! "
depressive,তেমন কিছু না।ফেসবুক আইডি খুলেই ভুল করছিলাম
depressive,জীবনের অনুভুতির ক্ষণে কখনো জীবনের অসম্পূর্ণতা সম্পূরণ ধরে নেওয়া সম্ভব হয় না।
depressive,বাঙালি তোদের ছেড়ে দেবে ভেবেছিস বাংলাপক্ষ জয়বাংলা
non_depressive,দুনিয়ার সবচাইতে শান্তি হচ্ছে সুস্থ থাকা আলহামদুলিল্লাহ
non_depressive,"১৭১ দিন , প্রতিহিংসার কারাগারে বন্দী আপোষহীন দেশনেত্রী বেগম খালেদা জিয়া । মনে হচ্ছে অনন্তকাল দেখিনা আমার নেত্রী আমার মা কে । সেই কবে এক ঝলক দেখাল আর কোন খোঁজ নেই । আমরা আসলেই অক্ষম , কিছুই কারার নেই এক আল্লাহর কাছে দোয়া করা ছাড়া । আল্লাহ্ আমার নেত্রীকে হেফাজত করুন , আমিন "
non_depressive,বাচ্চাদের মৌটর সাইকেল দেবার আগে অভিভাবক দের একটু চিন্তা করা উচিত।
depressive,অামি পড়ে অাছি। তার নেশায়
depressive,জীবনের অনুভূতি কেউ জানে কতটা দুঃখজনক এবং অজানা।অনেক দিন ধরে আমি অশান্তির মধ্যে ভুগছি।
depressive,"পঞ্চায়েত নির্বাচনে আমরা ৩০ জন কর্মীকে হারিয়েছি । খুনি তৃণমূল । আমরা ভেবেছিলাম পঞ্চায়েত নির্বাচনের পর খুনের রাজনীতি বন্ধ হবে । এখনও যে তৃণমূলের রক্ততৃষ্ণা যায়নি , সেটা মন্দিরবাজারের খুন থেকে বোঝা যাচ্ছে । শক্তিপদকে খুন করেছিল তৃণমূল নেতারা । "
depressive,আমি অনেকদিন ধরেই বলে আসছি যে বিজেপি আর সংঘী রা প্রবল ভাবে বাংলা ও বাঙালি বিদ্দেষী । কিন্তু এরা ভেবে দেখেছে এই লক্ষ বাঙালির সঙ্গে আমরাও যদি কেন্দ্র সরকারের বিরুদ্ধে যাই তাহলে সামলাতে পারবে তো ? এর বিরুদ্ধে এ রাজ্যের বিজেপি নেতারা চুপ কেন ? ভক্তদের মানসিকতা দেখুন 
depressive,মধ্যযুগে বাবাকে টুকরো টুকরো করত ছেলে মধ্যযুগীয় বর্বরতা কাকে বলে বলতে পারেন আধুনিক বর্বরতা
depressive,সময়ের চেয়ে ক্ষমতার মূল্য বেশি
non_depressive,রাজনীতি দিক দিয়ে তাকালো মনে হয় বলল না।
non_depressive,চাকরী থাকলে চাকরী করবে।
non_depressive,আমাদের দেশের সেনাবাহিনী করে বাংলাদেশ থেকে উপজাতি নির্ধারন করা দরকার
depressive,অজান্তেই চোকে পানি চলে এলো
non_depressive,হোমিওপ্যাথিক চিকিৎসা নিন আমি অনেককেই দেখেছি হোমিওপ্যাথি চিকিৎসা নিয়ে সুস্থ হয়েছে।
non_depressive,আপনাদের খবর গুলি বরাবরই মিথ্যা।এখনো কোথাও পেয়াজের দাম কমেনি।
depressive,জীবনের পথে স্বাভাবিক হারানো এবং অসম্মান সংঘাতের ব্যাপারে আমরা বেশি চিন্তিত হতে চলেছি।
non_depressive,রহান ভাই নাটক আমার মোতো কার ভালো লাগে
depressive,পেরেমে পেরেমে সময়কাল চলে যাচ্ছে 
non_depressive,আলহামদুলিল্লাহ একটি টিকাও নেইনি কোন প্রবলেম হয়নি অতিরিক্ত জিনিসই ক্ষতিকর
depressive,কিজে করি বুঝতে পারছি সংসার চালাতে হিমসিম খাচ্ছি
depressive,আমি বছর সমস্যা ভুগছি এখন আমার স্বরন শক্তি অনেক কমে গেছে।একটা চাকরির জন্য মরিয়া হয়ে খুঁজছি কিন্তু এখন পেলাম না।
depressive,সঠিক করোনার থেকেই এরকম হয়ে গেছে প্রচন্ড রাগ ওঠে কন্ট্রোল করতে পারি সেন্স থাকে রাগ ওঠলে
depressive,বাংলাদেশের সিনেমা বন্ধ করে দেওয়া উচিৎ।
depressive,বুঝা গেলোবক্স অফিস থেকে দান বক্স ভালো
depressive,কোভিড তিন ডোজ ভ্যাকসিন নেভার অনেকে এলার্জিতে রোগী অসুস্থ এবং আমি আছেন এলার্জির রোগী টিকা দেওয়ার
depressive,আমার চেয়ে বেশি ভালোবাসা হারিয়ে যাওয়া কোনোটাই একে অন্যের ভালোবাসার অনুভূতি দেয় না।
depressive,নিকোটিনের ধোয়ায় সময় কাটে রাতে রাতটা আমার জন্য দিন দিনটা রাত
non_depressive,এসি রুমে বসে বেতন নিতে পারলে। গরমে বের হওয়ার দরকার কি।
depressive,জীবনের প্রতিটি দিনে আমি হারিয়ে যাচ্ছি আমার জীবন শূন্যের মধ্যে থাকতে লাগছে
non_depressive,জেনে জেনে কথা বলবেন এখানে রাকিবের ফেমেলির কেও ছিল এখানে অন্তরার বোনেরা ছিলা তাই এখানে টিম রাকিব হোসেনের দোষ নেই
non_depressive,আমার দেখা তাদের দুজনের সেরা নাটক এটা।
non_depressive,শাহবাজ শরীফ নিজেই পাকিস্তানের বোঝা
non_depressive,অনেক দিন মাজহারুল মুহাজির এটিএন বাংলা শুনলাম ভাইয়ের কাজ অসাধারণ
depressive,তালাক এখন অনেক মুসলিম নারীর কাছে এককালীন টাকা উপার্জনের সেরা উপায় । যার কারনে ৭৫ তালাক হয় নারী কর্তৃক । 
non_depressive,নিউজ কারা লাগে আপনাগো
non_depressive,শুধু খারাপ ডিপ্রেশন হতে পারে না।
depressive,খুব ডিপ্রেশনে আছি সবাই দোয়া কইরেন পারতেছিনা
depressive,আহারে টাকাগুলা বিহুদা নষ্ট করলে এতিম পোলাপাইনেরে যদি খাওয়াইতো লাভ হইত মরার কবরে গিয়ে শান্তি পেত
depressive,দিল্লিতে অনাহারে মৃত্যু বেআব্রু অাচ্ছে দিন তিন শিশুকন্যার এক দানা খাবার জোটেনি আট দিন 
non_depressive,ব্যাবসা সফল হইবো এইবার
non_depressive,"নেশার গতি এবার ইতি । সপ্তাহের শেষে পরীক্ষকের বেশে । জোরে চালালে গাড়ি হাতে পড়বে বেড়ি । সৌজন্যে কলকাতা পুলিশ , দক্ষিণ শহরতলি বিভাগ যাদবপুর । "
depressive,আমি সময় অনুমান করি আমি অন্যের সাথে সঙ্গে পরিচিত নইকাজের মানসিকতা সম্পন্ন কোন শিক্ষিত সমাজ পাবোনা বেকারত্বের ভুগবে
non_depressive,যখন ডাক্তারদের আবিস্কার তখন চিকিৎসা ছিল আধুনিক চিকিৎসা
non_depressive,অসুস্থ ধারনা প্রতিযোগিতা থেকে বের হতে সমাজ সরকার রাষ্ট্র অভিভাবকদের এগিয়ে আসতে হবেজনসংখ্যা কমাতে হবেটেকনিক্যাল শিক্ষা চালু করতে হবে।
depressive,আর বাস চালাবেন না মিমের বাবা : 
depressive,বিচার হবে ঘটনার সঠিক বিচার যদি হইত তাহলে এসব হইত না।
depressive,"অরন্যদেব ছবিতে যে ছিল আমার কন্যা , সে আজ থেকে ভূমিকন্যা "
non_depressive,আমিও ব্যাচেলর বাসায় থাকিছাদের চাবি চাইতে গেলামবাড়িওয়ালা বললো চাবি হারিয়ে গেছে
non_depressive,কোনো টিকা দেই নাই আল্লাহ তালা ভালো রেখেছেন আলহামদুলিল্লাহ
depressive,বড় পুকুরিয়া কলাখনির শ্রমিকেরা দাঁত মেজে টনের বেশি কয়লা শেষ করে ফেলেছে
depressive,"বিভিন্ন রাজ্যে বাঙালি মার খাচ্ছে , আসামে চলছে বাঙালি খেদাও । এই নিয়ে একটি প্রতিবাদ ও আমরা দেখি না । যারা আজকে বিজেপিকে বাঙালি বিরোধী বলছে তাঁরা কি খুব ভুল বলছে ? এরপরে বাংলায় কোন মুখে বিজেপি ভোট চাইবে ? "
depressive,", শান্ত বুকের তপ্তক্ষুনে শক্তমাটি রক্তলাল , মজলুমানের আর্তনাদে , আরশে আজিম কম্পমান ! মানবতা আজ দূর্বিপাকে , আবাসভুমি ঘোর শ্মশান ! "
depressive,এখানে ছেলেটার অসুস্থতা বাদে প্রত্যেকটা কাহিনী আমার জীবনের সাথে মিলে যায়।
non_depressive,লিডার হলে এমনই হতে যার নাম শুনলে পুরো বাংলাদেশে ভূমিকম্প শুরু হয়ে যায়
non_depressive,ধন্যবাদ বিবিসি বাংলাকে আপনারা বললে সরকারের কানে লাগে
non_depressive,আমি যদি এখানে থাকতাম তাহলে ঠিক থাকত
depressive,খোজ নিলে দেখা যাবে বাসের ফিটনেস রুটপার্মিটও চালকের ড্রাইভিং লাইসেন্স নাই ।।।।।।
non_depressive,", কোন সন্তানের জীবন অধ্যায়ে থাকতনা দুঃখের সাগর ! মা জননী যদি ক্ষমতা পেত তাদের ভাগ্য লিখে দেবার ! "
non_depressive,"প্রচুর ধোয়া জাতিও ইঞ্জিনের ঘ্রান আর দেয়াল ঘরের রঙের ঘ্রান আমার খুব ভাল লাগে মাঝে মাঝে মনে হয় , ধোয়া এবং রঙ খেয়ে পেলি ফরমালিন গবেষক । "
depressive,কোন দেশে বাস করি আমরা যেখানে জীবনের নিরাপত্তা নেই বললেই চলে
depressive,পরীক্ষা নিরিক্ষা আমাদের সন্তানরা গিনিপিগ
non_depressive,উন্নয়ন ভাই আমাগো অবস্তা উপরে ফিটফাট ভিতরে সদরঘাট
non_depressive,আমরাই প্রথম পরীক্ষা দেব
non_depressive,দুনিয়াতে সবাই স্বার্থপর কিন্তু অাজকাল অামরা এতোটাই স্বার্থপর হয়েছি যে কেউ যদি অামাদের ভুল ধরিয়ে দেয় অামরাও তার দোষ ভুল খুজতে উঠে পড়ে লেগে যাই দোষ না পাওয়া পর্যন্ত শান্তি পাই না তবুও নিজের ভুল শুধরাই না ওসমান গনি 
depressive,"আমি জানি আমাকে ছাড়া তুমি ভাল থাকবে , কিন্তু কষ্ট লাগে তো ঠিক তখনি যখন ভাবি আমি তোমাকে ছাড়া ভাল থাকতে পারব না । "
non_depressive,জারা জারা ডিপ্রেশনে আছে আল্লাহ সবাইকে ডিপ্রেশন থেকে মুক্তি দিয়া দাও আমিন
depressive,সকালে উঠিয়া আমি মনে মনে চিল্লাই এতো বড় হইছি আমার নাই কিল্লাই
depressive,"আজ একটি ঘটকালি করতে এইলাম মেয়েটা ডাঃ , প্রায় ৫ বছর আগে সলিমুল্লাহ থেকে এম বি বিএস পাশ করছে , বাবা মা , ভাই ভাবী , সবাই ডাঃ , মেয়েটা কেনাডা যাবে পড়তে , সঙি খুজছে , সাথে বিয়ে করে নিয়ে যাবে , তবে মেয়েটা বিয়ে করেছিলো , ১ বছর পর ঘর টিকেনাই । এমন কোন থাকলে যোগাযোগ করতে পারবে , "
depressive,মাঝে মাঝে মনে হয় এমন জায়গায় চলে যাই যেখানে কেউ থাকবেনা শুধু আমি থাকবো
depressive,পীরের মুখে দাড়ি নাই মাথায় টুপি নাই তিনি নাকি আবার জাকের পার্টির হারামজাদা
depressive,খবরের মাঝখানে অ্যাড দিলে মেজাজটা অনেক খারাপ হয়ে যায়
non_depressive,মারুফ ভাই আপনাদের আশুলিয়া মডেল টাউন প্লট আছে আমার বাড়ি আশুলিয়া মডেল টাউনে
depressive,জীবনের অনিশ্চয়তা সবসময় আমাকে নিরাপদ অনুভব করতে দেয়।অনেক দিন ধরে আমি অশান্তির মধ্যে ভুগছি।
non_depressive,বাংলাদেশের সকল হিন্দুদের ভারতে আশ্রয় দিলে খুশি হতাম
depressive,দুদকের তদন্ত প্রতিবেদনঃ গায়েব নয় দাঁত মেজেই ১লাখ ৪৩ হাজার মেট্রিকটন কয়লা শেষ 
non_depressive,টিকা গুলো কেন দিয়ছেন ফাযলামো করেন আপনারা দেশের মানুষদের কোন নিরাপত্তা নেই কেন
depressive,তিব্র নিন্দা পতিবাদ জানাচ্ছি সঠিক বিচার করা হোক
depressive,অসম্ভব সুন্দর একটা নাটকদেখতে দেখতে চোখের পানি আটকে রাখতে পারলাম নাভালো থাকুক সবার ভালোবাসা
depressive,ধরনের কুসংস্কার শুধু বগুড়াতেই সম্ভব
depressive,এতো সুন্দর একটা বাবা ভাবে মারতে পারলো আল্লাহ তুমি মাকে ধযদারন করার শক্তি দাও আমিন
depressive,আমিতো মধ্যবিত্ত পরিবারের ছেলে। আমিতো ভিক্ষা করতে পারবো না। জানিনা কখন খেয়ে মরতে
non_depressive,হর্তাকর্তাদের আগে বিদায় করা উচিৎ
non_depressive,ভাই তরা এতদিনে জানলি
depressive,বাংলাদেশের প্রাইভেট কোম্পানিতে জবের নিদিষ্ট কোন ওয়ার্ক আওয়ার নাই শুরু আছে কিন্ত শেষ নাই সময়ের
depressive,"ইতিহাস তুমি কেঁদোনা আমারও কান্না আছে , কাঁদিনা তোমারই জন্য তুমি ভেসে যাও পিছে "
non_depressive,"মহিলারা ৪টি কাজ করবেন , ১ ৫ ওয়াক্ত সলাত ২ রমজানের সিয়াম , ৩ লজ্জা স্থানের হেফাজত , ৪ স্বামীর আনুগত্য করুণ এতে জান্নাতের যে কোন দরজা দিয়ে প্রবেশ করতে পারবেন । সহিহ ইবনু হিব্বান ৪১৬৩ , মুসনাদে আহমাদ ১৬৬১ , "
non_depressive,"সিলেটে গুলিবিদ্ধ শিবির নেতা ফাহাদকে হাসপাতালে দেখতে মেয়র প্রার্থী এড জুবায়ের প্রচুর রক্তক্ষরণ হয়েছে , ইতোমধ্যে কয়েকব্যাগ ব্লাড দেয়া হয়েছে , বিপি উঠানামা করছে । সবার কাছে ভাইটির জন্য দোয়া চাই , আল্লাহ যেন দ্রুত সুস্থ করে দেন । আমীন । "
non_depressive,গলা বাজিতে বাংলাদেশ পৃথিবীর সেরা উন্নত দেশ
depressive,হেটার্স বেড়ছে সাথে ব্লক লিস্ট টাও লম্বা হচ্ছে ফ্রি থাকছে সম্মান দিলে সম্মান পাবে লাইক দিলে লাইক পাবে দুইটার মধ্যে কোনো পার্থক্য নাই টুইটার
non_depressive,এরা কারা এদেরকে জীবনে প্রথম দেখলাম
non_depressive,আলহামদুলিল্লাহ একটাও নেইনি টিকা।
non_depressive,সিন্ডিকেটের লোকেরাই বেশি ভালো ভালো কথা বলে। খাবার নিয়ে যারা সিন্ডিকেট বাজি করে তাদেরকে কোন ধরনের খাতির করা যাবে ।।।
depressive,এখন সবকিছু উল্টাপাল্টা এমনটা হওয়াটাই স্বাভাবিক
non_depressive,আল্লাহ সমস্ত আজব চিকিৎসা থেকে আমাদের সবাইকে হেফাজত করুন আমিন
non_depressive,ঠিকা নিয়ে মনে হচ্ছে আগের থেকে অনেক ভালো আছি। কারণ জ্বর খুব হয়না বললেই চলে।
non_depressive,নিয়ে আগাছা পরিষ্কার হবে
non_depressive, গুলো আরো কঠিন মৃত্যু দেওয়া উচিতসহজ এদের কিছু হবে
depressive,আমরা ফরিদপুরেই গেলাম অথচ ফিলিস্তিনে যেতে পারার আফসোস।
depressive,আমি আমার নিজের মাঝে আত্মহত্যা করতে চাই কিন্তু আমি অসমর্থ।
depressive,তার পরতার কিআর কখনো কথা হয়নি
non_depressive,গবেষক যেমন তাদের গবেষণাও তেমন।
depressive,নিজেকে হারিয়ে ফেললাম জাস্ট অসাধারণ আবারো দেখা হবে কোন নিঝুম রাতে
depressive,চাকরীর বাজারে experience চাই হচ্ছে দুর্নীতি
depressive,মোদির দেশে অনাহারে মরে দেশ তাতেও ভারতের রাজার নাহি খেদ 
depressive,স্বার্থক জন্ম জন্মেছি দেশে গাড়ীর চাপায় মানুষ মারে মন্ত্রী সাহেব হাসে কষ্ট দিবিরে তোরা
non_depressive,আপনার ভিডিও গুলো খুব ভালো লাগে।
depressive,টেস্টে বাজে খেলায় খেলোয়াড়দের অশ্লীল ভাবে গালি দেয়া ছেলে মেয়ে গুলার মূখে এখন প্রসংশা ফুল ফুটে অদ্ভুত
depressive,ঈশ্বর খুবই দুঃখজনক ঘটনা
non_depressive,চিন অনান্য দেশে টিকা ব্যবহার করেছে তাদের অবস্থা
non_depressive,খুবই ফজিলত পূর্ণ বয়ান দিলেন সাংঘাতিক ভাই
non_depressive,আমি মনেকরি Depression মহাঔষধ হলো নামাজ️
depressive,দিল্লিতে অনাহারে মৃত্যু বেআব্রু অাচ্ছে দিন তিন শিশুকন্যার দানা খাবার জোটেনি দিন
non_depressive,গার্মেন্ট সেক্টরের অরাজকতা শিল্প পুলিশ গঠনের মাধ্যমে সমাধান করা হয়েছে তাই দূত বাজার মনিটরিং পুলিশ ইউনিট গঠন করা হোক।
depressive,অনেক কষ্ট পেলাম কাঁদলাম যাইহোক খুব ভালো লাগলো
depressive,যতদিন যাচ্ছে নানা নানা নাটক দেখা যাচ্ছে বাংলাদেশের প্রশাসনকে হাতে চুড়ি পড়ে বসে থাকে তাই যদি থাকে তাহলে মানুষ সাহস পায় ভাবে
depressive,জামিন পাবেই তো।একে টাকা আছে তার উপর মেয়ে
non_depressive,"কিছু আহ্লাদ , কিছু উচ্ছ্বাস । যা দিয়ে নিজের ছেলেবেলাকে আজও ফিরে পাই । : ? "
depressive,তিন সিটি করপোরেশন নির্বাচনে ব্যাপক অনিয়মে গভীর উদ্বেগ প্রকাশ সরকার ও সরকারের আজ্ঞাবহ নির্বাচন কমিশন তিনটি সিটি করপোরেশনের নির্বাচনকে ভোট ডাকাতি ও প্রহসনের নির্বাচনে পরিণত করেছে : ? 
non_depressive,খোঁজ নিলে দেখা যাবেওখানে উনার পারিশ্রমিকই কোটি টাকাআর সিনেমার খরচ লাখ টাকা
non_depressive,ভাগ্য ভালো আমার মোবাইলে youtube ছিল হলে বিনোদন দেখতে পারতাম
depressive,আমাদের জীবনে অসম্ভব দুঃখ আমাদের অগ্রদিকে নিয়ে যাচ্ছে যেখানে আমরা শুধু আনন্দ খুঁজে বের করতে চাই।
depressive,মেরে ফেলছে খুব দুঃখজনক কিন্তু বলে মানুষের মাংস খেয়ে নিবে আমার মনে হচ্ছে ওদেরকে মেরে টুকরো টুকরো করে চাইনিজ হোটেলে দিতে হবে
depressive,একটা চোখ ঢেকে রাখা আরেক চোখে স্পর্ধা পুড়েই গেলো এবার বুঝি ভালোবাসার পর্দা
non_depressive,বউ হবে বউয়ের মতো । বাসর রাতে দরজা বন্ধ করে একসাথে সিগ্রেট টানবো । আমি ওর মুখে ধোয়া ছুড়ে দিবো আর ও আমার মুখে । এক্কেবারে ভালোবাসায় ঠাসাঠাসি
non_depressive,আল্লাহ সমস্ত আজব চিকিৎসা থেকে আমাদের সবাইকে হেফাজত করুন আমিন
non_depressive,বেতন বাড়ার আন্দোলন করেন। মুজুর মুজুরি বাড়ার আন্দোলন করেন। ধান খাদ্য শস্য দাম বাড়াতে আনদোলন করেন
non_depressive,আমি নিজেই ভারতের কাছে আশ্রয় চায়
non_depressive,", কেউ ভাবেনি এই নিষ্পাপ প্রাণ গুলোর অচিরেই থেমে যাবে পথ চলা ! ড্রাইভারের অধৈর্য অসতর্কতায় ডুবে গেল তাদের জীবনের ভেলা ! "
non_depressive,যাতে গার্মেন্টস সেক্টর বেসরকারি সেক্টরে আমাদের দেশের কর্মীরাই পদে চাকরি করতে পারে।
depressive,আবার বিজেপি কর্মী খুন ছিঃর উন্নয়ন বাহিনীর হাতে । মন্দির বাজার এলাকার বাসিন্দা শক্তিপদ সর্দারকে কুপিয়ে মারা হল কিন্তু পুলিশ প্রশাসন চুপ । দ্বিচারিতার কোন পর্যায়ে চলে গেলে একটা সরকার এতটা নির্মম হতে পারে ? আমি ওনার পরিবারকে গভীর সমবেদনা জানাই । 
depressive,তার নাই চরিত্র খুঁজে পবিত্র
non_depressive,বাস্তব কথা ফুটে ওঠেছে।
depressive,"একজন মেয়েকে বিনা বেতনে ৪ বছর বাসায় কাজ করিয়ে মেয়েটার বিয়ের সময় ৫ হাজার টাকা দেয়া হয়ছে , হয়রে মানুষ হায়রে মানুষের বিবেক বিচার । "
non_depressive,এইরকম নেতা অনেক আছে প্রতি এলাকায়
non_depressive,আমরা খুব খুশি হলাম নির্যাতিদের পাশে দাঁড়ানোর জন্য আপনাকে অসংখ্য ধন্যবাদ
depressive,কক্সবাজার পৌরসভা নং ওয়ার্ডে ভোটার হাজার নৌকা একা পেয়েছে হাজার
depressive,খুব দুঃখজনক এদেশে ভাইরাল হলেই চাকরি মেলে।
depressive,স্বার্থক জন্ম জন্মেছি দেশে গাড়ীর চাপায় মানুষ মারে মন্ত্রী সাহেব হাসে
non_depressive,হ্যাঁ আমরা ভাত চাই উন্নয়ন চাইনা।
non_depressive,জয় বাংলা জয় বঙ্গবন্ধু দেখে খুব ভালো লাগলো বাংলার আদর্শ সৈনিক।
depressive,খুবই দুঃখজনক ঘটনা ঘটনার তীব্র নিন্দা প্রতিবাদ জানাচ্ছি
depressive,ভাই মনে গরমে পাগল হয়ে নিজের মনভাব প্রকাশ করে ফেলসে।
depressive,মনে হয় জীবনের অনিশ্চয়তা মেলে গিয়েছে নিজের মনে যেটি ফিরিয়ে পেতে অসম্ভব মনে হয়।
depressive,সন্তানরা যদি অস্রবাজ তাহলে পিতাগুলো হবে
depressive,আমি প্রায়ই কিছু খেতে চাই এবং বোধহয় আমি অন্ধকারে ডুবে থাকি।
non_depressive,খুব ভালো লাগলো কথা শুনে
non_depressive,প্রতিটা রাত্রির নিশ্চুপ নিরবতাগুলই ভালো জানে নির্ঘুমতা ঠিক কতটা কষ্ট বিষাদ আর যন্ত্রণাময় 
non_depressive,বিষয়ে আমি পদক্ষেপ নিতে পারিআমার সাথে মিলে যাচ্ছে
non_depressive,উন্নয়ন খাবো কিবেতন বাড়ছে শুধু দাম বাড়ছে।কোন উদ্যোগ নেই শুধু চিড়া ভেজানো টাইপ বুলি যাতে চিড়া ভিজছে না।
non_depressive,ভালো মুবি গ্রান কার্ড
depressive,নিউইটা শুনে প্রথমে মনে হলো তাহসানের মিথিলাকে পিটিয়েছে ইউটুবার। আপনাদের নিউজের এতো অভাব। প্রথম নাম শুনলাম এইগুলার।
depressive,সার্টিফিকেট দিয়ে আমি করবো মনে চায় মরে যাই
non_depressive,দোষ বাস চালকের ইললিগাল পার্কিং হয়ে আছে একটা ট্রাক তার কোন দোষ নেই
non_depressive,টা ফাসি হলে ঠিক হয়ে যেত পরিবহণ খাত খুবি বাজে
non_depressive,ধন্যবাদ বিবিসি বাংলাকে সত্যের সাথে থাকার জন্য।
depressive,শিক্ষক নেই নিয়োগ নেই বিনিয়োগ নেই চাকরি নেই বাংলা আসলে গণতন্ত্র নেই
depressive,ধরনের প্রতিবেদন এখন কিছু মানুষ অসুস্থ হবে এগুলো এখন বলে লাভ
depressive,হে প্রিয় মুসলিম ভাই ! আপনি কি পরকালের পাথেয় সংগ্রহ করেছেন ? আপনি কি আমলের হিসাব নিকাশ করেছেন ? আপনি কি আজ নামাজ পড়েছেন ? আপনি কি মৃত্যু ও কবরের কথা মনে করেছেন ? আপনি কি কেয়ামত ও তার ভয়াবহতার কথা মনে করেছেন ? আপনি কি আল্লাহর ভয়ে কখনো কেঁদেছেন ? 
non_depressive,ইতিহাস মুভি ছাড়া তার কোনো মাস্টারপিস মুভি নাই। দারুণ ব্যাবসা করেছে ইতিহাস মুভি
depressive,", কেউ ভাবেনি এই নিষ্পাপ প্রাণ গুলোর অচিরেই থেমে যাবে পথ চলা ! ড্রাইভারের অধৈর্য অসতর্কতায় ডুবে গেল তাদের জীবনের ভেলা ! "
depressive,কমেন্ট করে গেলাম স্মৃতি হয়ে থাকবে। লাইক দিলে নোটিফিকেশন পেয়ে আবার ফিরে আসবো কোনো নিঝুম রাতে নাটক দেখার জন্য
non_depressive,প্রশাসনের সঠিক বিচার থাকলে কেউ সাহস করে খারাপ কাজ জীবনে করত যাইহোক টাকা আছে যার প্রশাসন পকেটে আছে তার। টেনশন কিসের।
depressive,এইসব দেখার দিন দিন মানুষের উঠে যাচ্ছে হত্যা করা বেডে যাচ্ছে আল্লাহ তুমি সবাইকে হেদায়েত দেও
depressive,বডারগাট আছে তো। দাম কমানো হোক
depressive,আমি জানি আমি কখনোই আত্মহত্যা পথে যাবো না।
non_depressive,"জ্ঞানত কোনদিন কারো চোখে জল ঝড়াইনি । আমি বিশ্বাস করি কারো চোখের একফোঁটা জল ঝড়ালে তার দ্বিগুণ আমাকে ঝড়াতে হবে । যখন দেখি আমার চোখে জল ঝড়ানো কেউ দ্বিগুণ চোখের জলে নাকানিচুবানি খাচ্ছে , তখন আমার বিশ্বাসের ভিত টা আরো মজবুত হয়ে যায় । "
non_depressive,"টুইটারে আমার আপনার পোষ্টগুলোই কিন্তু আমাদের রুচিবোধ , বিবেকবোধ , পারিবারিক শিক্ষা আর পরস্পরের সম্পর্কে ইতিবাচক ও নেতিবাচক ধারণা সৃষ্টি করতে পারে । আপনার মাঝেই আপনার ব্যাক্তিত্ব , চরিত্র , নম্রতা ভদ্রতা লুকিয়ে আছে , কোন না কোন ভাবে আপনার , আমার স্বরুপ বের হয়ে আসবেই ! "
non_depressive,সুষ্ঠু বিচার চাই
non_depressive,রাজশাহী সিটি কর্পোরেশন নির্বাচেনে ভোট কেন্দ্রে বিএনপি প্রার্থী মোসাদ্দেক হোসেন বুলবুলের সন্ত্রাসী কর্মকান্ড দেখুন 
non_depressive,বাংলাদেশ ইসলাম পূর্ব বর্বর লাহাব জাহেলদের অনুসারীদের আশকারা দিচ্ছে সুতরাং এমন ঘটনায় অবাক হওয়ার কিছু নেই।
depressive,মানুষ মরে গেলে আলহামদুলিল্লাহ বলে।কি আজব মানুষ আমরা
depressive,ধর্মকে পুঁজি করে রাজনীতি
non_depressive,চিল্লা সময় দিন তাবলীগে।
non_depressive,হেতে হাসলে কান্না মনে
depressive,সত্যি কারের ভালোবাসা মানুষকে জীবন্ত লাশ বানিয়ে দেয়
non_depressive,আলহামদুলিল্লাহ তিনটা নেওয়ার পরেও এখনো সুস্থ আচি। ভালো রাখার মালিক আল্লাহ।
non_depressive,কমেন্টে লাইকের নোটিফিকেশনের শব্দ শুনে আবারও ফিরে আসবোনাটক নামের জীবনের গল্পটা দেখার জন্য।
non_depressive,দারুণ সুন্দর নাটকটি।ইয়াশ রোহান তটিণী জুটি অসাধারণ সুন্দর। পরবর্তীতে অপূর্ব মেহজাবিন জুটির জায়গা ওরা নেবে সেটা স্পষ্ট।
non_depressive,রিযিকের জন্যই নফল নামাজ পরতে থাকবো ব্যবসা চাকরির চেষ্টা করতে থাকবো। সূরা ওয়াকিয়া রাতে পরবো।
depressive,এদের যন্ত্রণাই ইউটুবে দুকি
depressive,আমি সময় অনুমান করি আমি নিজের সাথে সন্তুষ্ট নই।আমি সময় অনুমান করি আমি যেটা প্রয়োজন তাতে আমি সেটা করতে পারবো
depressive,শেষ পর্যন্ত বৃষ্টি চলে আসলো।ভেজা হলো। মনে পরের বৃষ্টিতে ভেজা হবে
non_depressive,ই ফেব্রুয়ারী বিশ্ব লুচ্চামী দিবস
non_depressive,আলহামদুলিল্লাহ পাস করেছি
non_depressive,এখন বাস রাস্তায় চলাচলে বন্ধ করে দেওয়া হোক। তাদের সূত্র অনুসারে
depressive,এইসব ফাইভ বুলেট ট্রেনের স্বপ্ন আছে বলেই আমরা বাসের পাদানিতে টেম্পুর পাদানিতে গাদাগাদি করে দাঁড়িয়ে প্রতিদিন চলাফেরা করতে পারি
depressive,"ভেবেছিলাম জীবনের সব অপ্রাপ্তি গুলার হিসেব ছেড়ে দিব তোমাকে পেলে । কিন্তুু তা আর হলোনা মিথ্যে হাসি আর গুছিয়ে কথা বলা শিখে গেছি , কি লাগে আর ভালো থাকার জন্য এলিজাবেথ"
depressive,আজব একটা মানুষ তুমি দুঃখের গল্প বললেও তুমি কষ্ট পাও সুখের গল্প বললেও দেখি কষ্ট পাও কারণ গল্পে আমি থাকি থাকে অন্য কেউ
non_depressive,আমার দেখা জুটির সেরা অভিনয়
non_depressive,"কোন শিল্পীকেই আমার পছন্দ না , তবে তাদের গাওয়া কিছু কিছু গান গুলু শুনতে পছন্দ আরকি"
depressive,ইয়াশ তটিনি নাটকগুলো এতো কষ্ট দেয়কেন
non_depressive,রাশেদুল পূর্বে কোন রাজনৈতিক দলের কর্মী ছিলো জাতি জানতে চায়।
depressive,মানুষ কতটা নোংরা জঘন্য মানুষিকতার হলে কাজ করতে পারে হায়রে ময়না হায়রে জীবন আল্লাহ তুমি বাবা কষ্ট সহ্য করার শক্তি দিও আমিন
depressive,আগে ছিল কম্বল চোর এখন হয়েছে কয়লা চোর সোনার বাংলা এখন সোনা চোরের বাংলা
non_depressive,আমার বাসার সামনে ঘটে ঘটনা
depressive,বৃষ্টিতে আরামে এক্টু ঘুমাতে পারলাম না এই সকালে আম্মু বাজারে পাঠাইল তাও আবার মাছ কেনা লাগবে রুই মাছ । জীবনেও আমি মাছ কিনি নাই । 
non_depressive,তেলের পাচার বন্ধ করে দাম বাড়ানো এটা কেমন মুর্খতা
depressive,মেরে ফেলছে খুব দুঃখজনক কিন্তু বলে মানুষের মাংস খেয়ে নিবে আমার মনে হচ্ছে ওদেরকে মেরে টুকরো টুকরো করে চাইনিজ হোটেলে দিতে হবে
non_depressive,গুলো এমন হবে আমি আগেই অনুমান করেছিলাম তাই কোন টিকাই নেই নাই আলহামদুলিল্লাহ ভালো আছি
depressive,কষ্টে আছি দিন পরে ফাইনাল পরীক্ষা কিছু পারিপার্শ্বিক কারণে Depression গ্রাস করেছে।
depressive,খুবই খারাপ লাগল আমার কেন
depressive,বর্তমানে হারে টিকটকার বাড়ছে ওটা টিকটক ছিলো নাকি সত্যি সত্যি মারা মারি ছিলো পুলিশের বুঝা দায় হয়ে গেছে
depressive,"আওয়ামী পুলিশ কতটা নির্মম , কতটা বর্বরতার পরিচয় দিয়েছে ! কেন্দ্র দখলের প্রতিবাদ করায় শিবির নেতার পায়ে পিস্তল ঠেকিয়ে গুলি করে পা চুর্ণবিচ্ছুর্ণ করে দিয়েছে ! আওয়ামী হায়েনাদের রুখে দাঁড়াও । "
non_depressive,আল্লাহ আমাদের সবাইকে ভালো সুস্হ রাখুন আমিন
depressive,আমি অনেকটা আবারও একে একে নিজের সাথে বিরক্ত হচ্ছি। এটা কিছু সাধারণ এটা কিছু বিশেষ।
non_depressive,দুই জুটির নাটক দেখতে কার কার কাছে ভালো লাগে
non_depressive,"সিরিজ জেতা মানেই তো সব না । অনেক জায়গায় এখনও অনেক উন্নতির দরকার , যেগুলো এখন আমরা পারছি না , বলেছেন মাশরাফি : "
depressive,যতগুলো লক্ষন এখানে বললেন সবগুলই আমার মাঝে লক্ষনিও
depressive,বিচার হবে ঘটনার সঠিক বিচার যদি হইত তাহলে এসব হইত না।
depressive,আমি আপনি করলে হয় অপকর্ম মহাপুরুষেরা করলেই সেসব লীলা খেলা হয়ে যায়
depressive,জীবনের অজানা পথে আমি কতবার হারিয়ে যাচ্ছি কেউ জানে না। আমার মনে অনিশ্চিততা কখনো শেষ হবে না।অনেক দিন ধরে আমি অশান্তির মধ্যে ভুগছি।
depressive,জীবনের দুর্দশায় আমি নিজের হারিয়ে গেছি যেটি ফিরিয়ে পেতে অসম্ভব মনে হয়।অনেক দিন ধরে আমি অশান্তির মধ্যে ভুগছি।
depressive,বৃষ্টিতে ভিজে এলার্জি দ্বারা লাঞ্চিত লোরাটিডিন ট্যাবলেট কাছে বিচার দিলুম রায়ে বস্তা ঘুম ঘাড়ে চাপিয়ে দিছে দেশে বিচার নাই
non_depressive,মনের বিরুদ্ধে গিয়ে কোন কাজ করলে সফল হওয়ার চান্স খুব কম ! কারন মন আর শরীর দুটোর সম্মিলিত প্রচেষ্টার মাধ্যমেই যে কোন কাজে সফলতা আসে ! 
depressive,"মনের ভেতর যুদ্ধ আমার নিজের সাথেই লড়ি , স্মৃতির দেয়াল ছুঁয়ে হাজার মূর্তি গড়ি । চোখের দেখায় যা দেখি আর হয়নি যা দেখা অভিমানের নদীর তীরে দাঁড়িয়ে থাকি একা "
non_depressive,সারা বছর জুড়ে নিত্যপ্রয়োজনীয় পণ্য মূল্য নিয়ন্ত্রণে রাখতে সকল এলাকায় সরকারি তত্ত্বাবধানে ন্যায্য মূল্যের দোকান করতেই হবে।
depressive,সময় কতই প্রতীক্ষা করে কিন্তু হয়তো প্রতীক্ষার পূর্ণফল পাওয়া যায়নি।
depressive,"শুভ জন্মদিন দাদা , বৌদিরে পাইয়া আমাগো ভুইল্লাগে , নাকি বৌদির বোনগুলারে আমাগো হাতে না দেওনের ইচ্ছাতে টুইটার ছাঁইড়া দিলা , "
depressive,জীবনের অতীতে আমি নিজের মনের অদৃশ্য বন্ধনে আবিষ্ট হয়ে গেছি যেটি ফিরিয়ে পেতে অসম্ভব মনে হয়।
non_depressive,সুস্হতা মহান আল্লাহর বড় এক নেয়ামত ! যা আজ ৩ দিনে বুঝতে পারছি ! পাশে থাকা লোকটার ও ধকল কম যাচ্ছে না ! শুকরিয়া ইয়া রব এমন জীবন চলার সাথী দানকরার জন্য দোয়া চাই সুস্থতার জন্য 
non_depressive,যারা ইসলামের আইন মানবে ইসলাম ছোট করবে কোনো লাভ নেই কারণ তারা নিজেরাই ছোট লাঞ্চিত হবে।
depressive,আমি সর্বদা খুব বিরক্ত। কোন কারণে আমি সময় নিরুদ্দিপ্ত মনে হয়।হতাশা দুচিন্তা বেকারত্বের প্রধান কারণ।
depressive,জীবনের অনেক সময় হারিয়ে যাওয়া স্বপ্নগুলি আমার দুঃখের জলে ডুবে আসে।
depressive,এইসব মানুষদের দেশে কেমন নেতা কিংবা নেতৃত্ব থাকতে পারে
depressive,তার মাংস খাওয়া সম্পর্কে কিছুই বললো নাটাইটেলে লিখে দিছে তারা নাকি ছেলেটার মাংস খেয়েছে
depressive,সবছে বেশি ভালো লাগে পুলিশের কাছথেকে ছিনিয়ে নিয়ে মেরেছে নিজের বিচার নিজেকে করতে হবে
non_depressive,সত্যি তারা খুব ভাগ্যবান যারা জানতে পারে সুন্দর পৃথিবী ছেড়ে যাওয়ার সময়। নাটকটি অসাধারণ
depressive,আমি সময় অবমাননা নীরসতা অনুভব করি আমার জীবনের প্রতিটি সময়ে।হতাশা দুচিন্তা বেকারত্বের প্রধান কারণ।
non_depressive,দিনে ওজন কমে গিয়েছিল আলহামদুলিল্লাহ এখন অনেক ভালো আছি।
non_depressive,তাহলে বাংলাদেশ ভারত তুলনা করছেন তাহলে টাকার মান কেনো সমান উওর দিয়ে জান
depressive,সবাই ডিশের লাইন কেটে দিয়ে বিটিভি দেখুন বছর বাতাবিলেবুর ফলন অনেক ভাল হয়েছে সার্টিফিকেট দিয়ে আমি করবো মনে চায় মরে যাই
non_depressive,বিপদের সময় পৃথিবীর দরজা বন্ধ হয়ে গেলেও আল্লাহ তায়ালার দরজা সময় খোলা থাকে
depressive,ত্রিপুরাতে প্রতিশ্রুতি মতো কোনও কাজ করছে না বিজেপি সরকার । আদিবাসী ও গ্রামের মানুষদের রোজগারের প্রকল্প রেগার কোনও কাজ হচ্ছে না । অনাহার শুরু হয়েছে রাজ্যে । তাই ত্রিপুরায় মানুষ ইতিমধ্যেই প্রশ্ন তুলতে শুরু করেছেন । : মানিক সরকার : 
non_depressive,পাকিস্তানের কাছে পারমাণবিক বোমা আছে কাকু
non_depressive,ওকে সঠিক ভাবে বিচার করতে হবে।
depressive,আরও ক্রিকেটে করুন বেকারত্ব দূর করে
non_depressive,মহান সৃষ্টি কর্তার কাছে ফরিয়াদ সবাই সুস্থ রাখেন সেই সাথে আমাদের সুস্থ রাখেন আমিন
non_depressive,", বৃষ্টিতে ভিজতে কার কার ভালো লাগে ? "
depressive,আধার সন্ত্রাস দমন করতে পেরেছে কেন্দ্রকে তোপ মুখ্যমন্ত্রীর
non_depressive,বাংলাদেশের পোস্ট অফিস চিনি কিন্তু বাকস অফিস
depressive,নারী নারীদের দ্বারা অবহেলিত
depressive,কমেন্ট করে গেলাম কেও লাইক দিলে পেয়ে আবার ফিরে আসবো কনো নিঝুম রাতে নাটক দেখার জন্য
non_depressive,লাস্ট জুলাই  মোট টি ডোজ দিয়েছি আলহামদুলিল্লাহ আল্লাহ শুকরিয়া ভালো রাখছে।
depressive,বাদদেন ভাই এটা বাংলাদেশ। বাংলা
depressive,শান্ত বুকের তপ্তক্ষুনে শক্তমাটি রক্তলাল মজলুমানের আর্তনাদে আরশে আজিম কম্পমান মানবতা দূর্বিপাকে আবাসভুমি ঘোর শ্মশান
depressive,আগামী দিনগুলোতে সমস্যা আরও প্রকট হবে।
non_depressive,মানুষ চলে নিঃশ্বাসে মন চলে বিশ্বাসে
depressive,আজব একটা মানুষ তুমি দুঃখের গল্প বললেও তুমি কষ্ট পাও সুখের গল্প বললেও দেখি কষ্ট পাও কারণ গল্পে আমি থাকি থাকে অন্য কেউ
non_depressive,অবসরপ্রাপ্ত সরকারি কর্মচারিদের বেতন বাড়ানোর জন্যে জোর দাবি জানাচ্ছি
depressive,সিধ কাটিয়া তোমার ঘরে করতে গেলাম চুরি আসতে গিয়া অন্ধকারে আটকে গিয়াছে ভূড়ি
non_depressive,জীবন দিচ্ছে পাড়ি আবার ফিরছে বাড়ি চেনা মুখের সারি রাখি হাত ওই হাতে আমি শুভ রাত্রি 
depressive,বেশ ্যা যদি নষ্ট হয় পুরুষ কেন তার কাছে যায় পুরুষের যদি খিদে পেতো নারী করে বেশ ্যা হতো খারাপ ভাববেন
depressive,মারাত্মক খুবই মারাত্মক ।।। জিন্দা লাশের মতো জীবন ।।।।।
non_depressive,"ভাঙ্গা মন আর ভাঙ্গা কুলার মধ্যে অন্যতম পার্থক্য হল , ভাঙ্গা কুলা মেরামত করা যায় কিন্তু ভাঙ্গা মন আর মেরামত সম্ভব নয় ! টুইট বিশ্লেষক ! অনুভব করছেন চিন্তাশীল"
depressive,রাস্তা ঘাটে কেনো এখন মা বোন হয় সম্ভ্রম হারা ! পাক সেনা রাজাকার নাই তা হলে আজ এরা কারা ! কারা এখন মাদক বেচে চোরাচালান করে সোনা ! তারা কি সব পাকিস্তানী রাজাকারের পোষ্য পোনা ! 
depressive,একটা চোখ ঢেকে রাখা আরেক চোখে স্পর্ধা পুড়েই গেলো এবার বুঝি ভালোবাসার পর্দা
non_depressive,পুলিশ ছাত্রলীগের হামলার শিকার প্রথম আলোর সাংবাদিক : 
depressive,অসম্ভব ভালো লাগলো চোখের ধরে রাখা যায় এতো সুন্দর অভিনয় দুজনের
non_depressive,এদেরকে কঠিন শাস্তি দেওয়া উচিত যাতে এমন কাজ কেউ সাহস পায়
depressive,হেক্সিসলের গন্ধে আমি তোমার গন্ধ পাইনা অসাধারণ অভিনয় জীবনের প্রতিটি অধ্যায় মানুষকে ভাবায় জীবন ভয়ংকর সুন্দর মৃত্যু আরও বেশি সুন্দর
depressive,দৃর্ঘ বছর ধরেই ডিপ্রেশনে আছি।কবে মুক্তি পাব সেটা আল্লাহ পাকই ভাল জানেন।
depressive,"যে মাঠে গান্ধী জি , রবীন্দ্রনাথ , নেতাজী স্পর্শ আছে , যে মাঠ বিপ্লবীদের স্পর্শে ধন্য , সেই মাঠ কে কলংকিত করেছেন মোদী মানস ভূঁইয়া"
depressive,কিচ্ছু বলার নাইঠিক বলেছে বেচে থাকলে উন্নয়ন দিয়ে করবো
non_depressive,বিশ্বাস করেন আমি কিচ্ছু জানিনে
depressive,যার ওনেক ভুক্তভোগী আমি লিপিড প্রোফাইল কোন কারন ছাড়াই বেড়ে যাচ্ছে। আরো সমস্যায় ভুগছি কিচ্ছু বলার নাই।
depressive,্যারা কাকে বলে বইগুলো তার উদাহরণ অলরেডি বছর এসব পড়ছি আবার বছরের জন্য পড়তে হবে পরির জীবনটা শেষ
non_depressive,আমি নিজেই ভারতের কাছে আশ্রয় চায়
non_depressive,জন্য সরকার দায়ীঅন্য কিছু করতে হলে পুঁজি লাগে ভাই
depressive,আমি এইভাবে অনেকদিন ধরে বিচ্ছিন্ন মনে করছি।
depressive,ভদ্রলোক নিকোটিন ছাড়ার আশায় নিকোটিন গাম খাওয়া শুরু করলেন । কিন্তু এখন তিনি নিকোটিন গামে আসক্ত হয়ে পড়েছেন । নিকোটিন গাম ছাড়ার জন্য কি করতে হবে সে চিন্তায় তিনি আবার সিগারেট ধরলেন । নিকোটিন চক্রের শেষ নেই । হারকিউলিস
non_depressive,এতো দিন আসলো খবরটা
non_depressive,এগুলো কিয়ামতের আলামত
depressive,প্রেমের অপেক্ষায় আমার অনেক স্বপ্ন হারিয়ে যায় কিন্তু প্রেম আসতে পারে না।
non_depressive,গুণীজন সম্মাননা পেলেন বাংলাদেশ ওয়ানডে অধিনায়ক মাশরাফি । বিস্তারিত : 
non_depressive,আসন্ন যুবাদের এশিয়া কাপ অনুষ্ঠিত হবে দেশের মোট চার ভেন্যুতে । বিস্তারিত প্রতিবেদনে : 
non_depressive,আন্তর্জাতিক জীববিজ্ঞান অলিম্পিয়াডে পদক অর্জনে অভিনন্দন অদ্বিতীয় নাগ । 
non_depressive,আচ্চা মিনিট একসাথে হাটতে হবে নাকিকিছুক্ষণ হাটলেও হবে
non_depressive,আলহামদুলিল্লাহ ভালো কাজ করছে এগিয়ে যাও
non_depressive,বালিকা এমন ফটো দেখলে মনের ভিতর গোলাপফুল ফুটে আর অপেক্ষার প্রহর গুনে কবে যে শুভাশ ছডাবে আহ আমার যে কবে হবে ? 
depressive,জ্ঞানের ফেরিওয়ালা সালাম তোমায় অভাগা এইদেশে জ্ঞান আহরণের সুযোগটুকুও নেই তোমারএত সার্টিফিকেট দিয়ে আমি করবো মনে চায় মরে যাই
non_depressive,আমি mss পাশ করে বছর ঘুরে এখনও একটা চাকরি পেলাম না। তবে এখন আমি একজন ইলেক্ট্রনিক ঠিকাদার।
depressive,অনেক কিছু সম্পর্কে অজানা হওয়া অনেক বেশি কষ্টদায়ক যেন হৃদয়ের মুখে একটা ঘুম পড়ে যায়।
depressive,জীবিত থেকেও কিছু মানুষ মৃত্যুবরণ করে প্রতিদিন। অনুভূতি মায়া ভিষন বাজে
non_depressive,আল্লাহ তায়ালা আমাদের হেপাজত করুন
depressive,"এক লোক আত্মহত্যা করার জন্য রেল লাইন এর উপর শুয়ে আছে , পাশে আছে একটি টিফিন ক্যারিয়ার । এক লোক তাকে জিজ্ঞাসা করল , ভাই মরতে এসেছেন ভাল কথা তো খাবার এনেছেন কেন ? লোকটি উত্তর দিল , ট্রেনের শিডিউলের যা অবস্থা পরে না খেয়ে মরি আর কি ! ছ্যাকা"
non_depressive,কয়েকজন বেনজিরের মতো লোক পাঠাতে হবে।
depressive,আমি টিকার কারনেই বিভিন্ন চর্ম রোগে ভুগতেছি। করব এখন বুঝতেছি
non_depressive,"রাসূল সা বলেছেন , যে আল্লাহর নিকট কিছু চায়না আল্লাহ তাহার প্রতি অসন্তুষ্ট থাকেন । "
depressive,মানসিক রোগের কষ্ট কারো বোঝানো সম্ভব নয়
non_depressive,খুব দ্রুত গতিতে বাইক চালানো ছেলেটা ও আজ খুব সাবধানে হূইল চেয়ার চালায় । পরোটা বাবা 
non_depressive,অতএব এটাও বাইক দুর্ঘটনা।
non_depressive,এখানে তোর নিউজ করার হয়লো
non_depressive,মোটরসাইকেলের গতি মনে বেশি ছিলো
depressive,আমি সময় অনুভব করি আমি একটি বোঝা মানুষ নই।হতাশা দুচিন্তা বেকারত্বের প্রধান কারণ।
depressive,বাস চাপায় ছাত্রদের মর্মান্তিক মৃত্যুতে যে খানে শোক প্রকাশ করার কথা উল্টো আমাদের মন্ত্রী নির্লজ্জের মতো হেসে বলছে জানেন ভারতে প্রতি মিনিটে কতো জন মানুষ মারা যায় ! 
depressive,স্বার্থক জন্ম আমরা জন্মেছি দেশে রাস্তায় মানুষ মরে মন্ত্রী সাহেব হাসে হায় আফসোস কান্না সারা দেশেরএত অস্বস্তি
non_depressive,সুবর্ণ সুযোগ হিন্দুদের মিস করা উচিত
non_depressive,আল্লাহ মালিক লোকটাকে সুস্থ করে দেন আমীন
non_depressive,ফারনাজ আপনার চেহারা মাশাল্লাহ খুব সুন্দর আল্লাহর ওয়াস্তে পরিস্কার করুন।
depressive,দেশ সমাজ পরিবার পরিস্থিতি খারাপ ডিপ্রেশন প্রবনতা আরো বাড়বে।
depressive,সাব্বাস বাংলালি খাব পেয়াজ দেখি কতদিন মুজুত রাখে এরা
non_depressive,নিউজ সত্যি অনেক গুরুত্বপূর্ণ ছিল আরো বেশি ভালো লাগলো কমেন্টেস গুলো পড়ে সবাইকে আল্লাহ্ পাক নেক হায়াত দান করুনআমীন
non_depressive,আলহামদুলিল্লাহ চারটা ডোজ কম্পিলিট করেছি আল্লাহর রহমতে কনো সমস্যা নাই
depressive,কোন দেশে বাস করি আমরা যেখানে জীবনের নিরাপত্তা নেই বললেই চলে
depressive,পেরেমে পেরেমে সময়কাল চলে যাচ্ছে
non_depressive,"যারা জানে এবং যারা জানে না ; তারা কি সমান হতে পারে ? চিন্তা ভাবনা কেবল তারাই করে , যারা বুদ্ধিমান । ৩৯ সূরা আল যুমার ৯ "
depressive,হয়তো একদিন রাস্তায় পরে থাকবো আমি বাসের চাকায় লেগে থাকবে রক্ত বীভৎস কুৎসিত অচেনা এক লাশহয়ে থাকবো পরিচয়ের অপেক্ষায়
depressive,মানুষের মৃত্যুতে শুধুমাত্র কাফন বিক্রেতার মুখে হাসি ফুটে উঠে ! 
depressive,নিজের একটি চোখ বিক্রি করে আইফোন কিনে সবাইকে দেখিয়ে বেরাচ্ছেন আমাদের নিমা । পরোটা বাবা 
non_depressive,ডক্টর নাজনীন আহমেদ কথাগুলো খুবই যৌক্তিক এবং যথার্থ।
depressive,দেশের সাংবাদিকদের এখন কমেডিয়ান মনে হয়
depressive,হ।আমার মায়েরে বোনেরে কেউ এটা বুঝাইয়েন।।
non_depressive,জয় শ্রীরাম থেকে সত্যিই খুব খুশি হলামবাংলাদেশের নির্যাতিত সংখ্যালঘুদের পাশে দাঁড়ানোর জন্য
non_depressive,দেনমোহর সর্বোচ্চ কতটাকা করা যাবে তার নির্দিষ্ট পরিমাণ উল্লেখ করে দেওয়া হোক
depressive,আমি সময় অনুমান করি আমি অন্যের জন্য অপরিচিত।আমি সময় অনুমান করি আমি যেটা প্রয়োজন তাতে আমি সেটা করতে পারবো
non_depressive,বেটা ডলার পাওয়ার আসায় এমন মিউজিক দিলো।
non_depressive,একটি কলেজের শিক্ষাথি কিভাবে ফেল করে। এটা কিভাবে সম্ভব।
non_depressive,সিন্ডিকেট ঘুষ দুর্নীতি বন্ধ করতে হবে। পাশাপাশি নৈতিকতা জ্ঞান থাকতে হবে
depressive,হওয়ার একমাত্র কারণমুভি রিলিজ হওয়ার আগে অনেক বড় বড় অহংকারী কথা।
non_depressive,এসি রুমে বসে বেতন নিতে পারলে। গরমে বের হওয়ার দরকার কি।
depressive,গানটা শুনি সিগারেট খাই ফিলটাই অন্য রকম
depressive,ভারতের আসাম থেকে লাখ অবৈধ বিদেশি এখন কোথায় যাবে কষ্ট দিবিরে তোরা
non_depressive,চিন্তা করতেছি RTV কেও Walton জভান আপুর মতো বয়কট করতে
depressive,বিশ্রী শহরে থাকতে চাইনা আমি
depressive,প্রতিদিন আমি আরও দুঃখে ডুবে যাচ্ছি। সবার মাঝে আমি নিজেকে হারিয়ে ফেলার মধ্যে অবজ্ঞা করছি।অনেক দিন ধরে আমি অশান্তির মধ্যে ভুগছি।
depressive,কিছু কিছু মানুষ এতো নিখুঁত ভাবে অভিনয় করতে পারে তার কাছে সিনেমা জগত হার মানবে দুনিয়া দুই দিনের
non_depressive,ভারতের সাতে আমাদের সাতকি
non_depressive,পাপ বাপ চারে
depressive,আল্লাহ বৃষ্টিটা একটু থামাও সবার ঘরে নাই
depressive,আমি সময় অনুমান করি আমি অন্যের জন্য অপরিচিত।আমি সময় অনুমান করি আমি যেটা প্রয়োজন তাতে আমি সেটা করতে পারবো
depressive,শোক একটা কেটে ওঠতে না ওঠতেই আরো দুটো লাশ পেলাম । আমরা বাঙালি এক দূর্ভাগা জাতি । মাতমেই মাস কাটে বছর ঘুরে । 
non_depressive,একটা নাটকের এন্ডিং এতটা স্পর্শকাতর করে ভাই সুন্দর
depressive,ফসলের দাম নেই । কিষান মান্ডি গুলো চালু নেই । শূন্যপদে নিয়োগ নেই । শিল্পে বিনিয়োগ নেই । চাকরি নেই । বাংলা তে আসলে গণতন্ত্র নেই । ধিক্কার 
non_depressive,আমি অর্নাস র্থ বর্ষে পড়ি বাট সাথে প্রাণ এলের কভার ভ্যান চালাই।
depressive,ছিড়া সাধারণ মানুষের জন্য বিব্রতকর
non_depressive,এমন অর্ধউলঙ্গ হয়ে ক্যামারার সামনে আসলেই ভালো আমরা গুনাহ গার হতাম না
non_depressive,অভিনন্দন তামিম আরেকটি হান্ড্রেড 
depressive,একটা ওয়াড নেতার যদি এতো ক্ষমতা বাকিদের অবস্থা
depressive,ব্যর্থতা আমার নষ্টের প্রতিদান নষ্ট আমার কর্মের অবদান আমি এক ভ্রষ্ঠ পথিক হাঁটতে হাঁটতে দিক ভুল করি চলতে চলতে পেছনে চলি । এভাবে কখন পিঠ ঠেকে গেছে শেষ সীমানায় অবশেষে চোখ মেলে দেখি শুকতারা ডুবে গেছে নীল দরিয়ার বেলাশেষে । আমি নিরুপায় দু হাত পেতে আছি ঘন অন্ধকারে এ এক নির্মম শুন্যতা । 
depressive,শহর ছাইড়া দিয়া গ্রামে গিয়ে চাষ করেন তাহলে দাম কমে যাবে
non_depressive,কৃষকের জিনিস দাম ভালো থাক
non_depressive,হঠাৎ মনে হলো নাটক দেখি নাম দেখে প্লে করলাম। সত্যিই অনেক ভালো লেগেছে। গল্প অভিনয় সবকিছু ভালো ছিল। শুভকামনা জানাচ্ছি নাটকের প্রান দুই নায়ক এবং নায়িকা।
non_depressive,"ডাক দিয়েছে মমতা , ব্রিগেড চলো জনতা দু হাজার উনিশ , বিজেপি ফিনিশ "
non_depressive,বাংলাদেশ কোন্ ডাঃ আছে ভালোকরে
non_depressive,ভাল করসে মেয়ে ঝগরুটে
depressive,এপারের বকুলের গন্ধ আজো পারের সেই মানুষটিকে তাড়িয়ে বেড়ায় কেন এমন নেশা আছে সেই গন্ধে জানতে দেখুন মাটি
non_depressive,বেকারত্ব সরকারের রাজস্ব আদায়ের অন্যতম খাত। চাকরির আবেদন করতে পরিমাণ অর্থ খরচ হয়
depressive,আওয়ামী লীগের নেতা মন্ত্রী আমলাদের নিজেদের উন্নয়নের জোয়ারে ভাসছে বাংলাদেশ ডুবছে সাধারণ মানুষ।
non_depressive,পছনে গেম খলতা ছেন
non_depressive,টিকা নিলে এয়ারপোর্ট থেকে ছাড়পত্র দেয় করার আছে
depressive,এ কান্না আজ সারা দেশের : রুবেল হোসেন : 
non_depressive,রাজধানীতে বাসের চাপায় ২ শিক্ষার্থীর মৃত্যু : 
non_depressive,আল্লাহ তুমি উনাকে সুস্থ করো
depressive,ফেসবুকের শেয়ারে নামায় মুহূর্তেই হাওয়া হয়ে গেছে এতোগুলো টাকা
depressive,আমি নির্বাক।। কথা বলার ভাষা পাচ্ছিনা। নাটকে এমন কোনো মুহূর্ত ছিল যেখানে চোখের পড়েনি।। ভালো উপস্থাপনা প্রশংসার ঊর্ধ্বে।।
non_depressive,সত্যি নাটকটা অসম্ভব সুন্দর
non_depressive,৪০০৭০৭৮ হিন্দু ও মুসলমান বাঙালীর নাগরিকত্ব কাড়ল বিজেপি । তৃণমূল সাংসদ সৌগত রায় প্রতিবাদে লোকসভায় মুলতবি প্রস্তাব এনেছে । 
non_depressive,শীতকালে বেশী করে তরকারি খেলে পিয়াজ লাগে
non_depressive,আলহামদুলিল্লাহ টিকা ছাড়াই ভালো আছি।
non_depressive,মধ্য প্রদেশে শিশু ধর্ষণে মৃত্যুদণ্ডের আইন পাশ হয়েছে । এই আইনে দোষী রাজকুমারকে ফাঁসিতে চড়ানোর নির্দেশ দেওয়া হয়েছে দিনের মধ্যে বিচারের রায় ঘোষণা করে । 
depressive,সময় চলে গেছে এবং চলছে চলতি জীবনের গল্প বলছে পাল্টে গেলি তুই আমিও পাল্টে গিয়েছি মাঝ পথে হাতে হাতে বন্ধু খবর দিন দেখ হয়নি
depressive,সিন্ডিকেট ইস্যুতে নরেন্দ্র মোদীর পাল্টা হিসাবে বলেছেন বিজেপি কে হারাতে তৃণমুল মানুষের সিন্ডিকেট করছে । এটা বলা মানে তৃণমুল সিন্ডিকেট করছে ? তাহলে মোদীবাবু সংসদে দাঁড়িয়ে বুক বাজিয়ে নিজেকে ভাগীদার বলেছেন তাহলে কি আমরা ধরে নেব চৌকিদারই আসল ভাগীদার ? 
depressive,টেস্টে বাজে খেলায় খেলোয়াড়দের অশ্লীল ভাবে গালি দেয়া ছেলে মেয়ে গুলার মূখে এখন প্রসংশা ফুল ফুটে অদ্ভুত
depressive,জোর করে আমাদেরকে এসব নিতে বাধ্য করা হয়েছে। এখন এমন মারাত্মক রোগের কথা বলা হচ্ছে।
non_depressive,"চোখ থেকে ঝরে পরা অশ্রুকে মুছে ফেলা যায় , কিন্তু অশ্রু ঝরার কারণটিকে মন থেকে মুছে ফেলা যায় না । "
non_depressive,খুব ভালো লাগলো ভিডিও
depressive,"একটা ফালতূ কথাটা আমাদের সমাজে বেশ প্রচলিত আছে , পাপীকে নয় , পাপকে ঘৃণা কর ! তাহলে তো বলতে হয় , ডাকাতিকে ঘৃণা কর , ডাকাতকে নয় ! ধর্ষণকে ঘৃণা কর , ধর্ষককে নয় ! "
non_depressive,দেশের অবস্থা তাইলে কেমনে
non_depressive,একটা সময় ছিলো যখন মেহেদি ছিলো তখন অনেক ভালো লাগতো। মুলত মেহেদির জন্যই দেখতাম এখন মেহেদি চলে গিয়ে অন্তরা ঢুকিয়ে পুরো পায়খানা বানিয়ে ফেলেছে
non_depressive,সবশেষে যাই বলুক ইসলামের বাইরে গিয়ে শান্তিপূর্ণভাবে জীবন যাপন করতে পারবেনা
non_depressive,আল্লাহর মনোনীত জীবনব্যবস্থা ইসলাম মানার মধ্যেই রয়েছে প্রকৃত কল্যাণ।
depressive,টাকাটা ব্যাংকে রাখলেও কাজে দিতো
non_depressive,"আজ বৈদ্যবাটী তে ভারতীয় জনতা পার্টী র একটি অনুষ্ঠানে উপস্থিত ছিলেন শ্রীরামপুর সাংগঠনিক জেলার সভাপতি সুমন ঘোষ , হুগলী সাংগঠনিক জেলার সভাপতি সুবীর নাগ সহ অন্যান্য জেলা ও রাজ্য নেতৃবৃন্দ প্রাকৃতিক দুর্যোগ সত্বেও এই অনুষ্ঠান টিকে সাফল্যমণ্ডিত করে তোলার জন্য সকলকে জানাই গৈরিক অভিনন্দন "
non_depressive,"এবার কেন্দ্রীয় সরকার বুঝুক বাঙালি যেমন কলম দিয়ে কবিতা লিখতে জানে তেমন কলমের খোঁচাও দিতে জানে । বাঙালি খারাপে খারাপ আর ভালোয় ভালো , তাই বাঙালিকে এবার সমঝে চলো । "
non_depressive,দিগন্ত লীন মাঠের ওপর থাকছি আমি শুয়ে এই কপালের সমস্ত তাপ বর্ষা দেবে ধুয়ে এর বেশি কি পাওয়ার থাকে এর বেশি কে চায় আজ বরষা নামলো সারা আকাশ আমার পায়ে আজ শ্রাবনের বাতাস বুকে এ কোন সুরে গায়ে 
non_depressive,যখন মোবাইলের সাথে রিলেশন আসা শুরু হয় তখন টিভির সাথে ব্রেকআপ করে দিই 
depressive,ভালো বাসলে এতো কস্ট কেন্ পেতে হয়  রাত  headphone কিছু স্মৃতি ভুলতে চাই ভালো থাকুক্ prithibir ভালোবাসা
non_depressive,ইলিয়াস কানচন সাহেব কোথায় শুধু বলে মটরসাইকেল চালোকরাই বাজে গাড়ি চালায় রাস্তায়।
non_depressive,"সম্মান , শ্রদ্ধা , ভালোবাসা অনেকটা আয়নার মতো তুমি কাওকে যতটা দেখাবে তার কাছ থেকে ঠিক ততটাই ফেরত পাবে ! "
depressive,যার মানসিকতা তাকে ডিপ্রেশন দ্রুত আগরে ধরে
non_depressive,দুইটা টিকা নিয়েছিলামআলহামদুলিল্লাহ ভাল আছি।
non_depressive,আধ্যাত্বিক নগরী সিলেটের জন্য চাই সৎ দক্ষ যোগ্য ও ইসলামী ব্যাক্তিত্ব সম্পন্ন একজন প্রার্থী । এড এহসানুল মাহবুব জুবায়ের ভাই সেই কাঙ্ক্ষিত প্রার্থী । টেবিল ঘড়ি প্রতীকে ভোট দিয়ে জুবায়ের ভাইকে জয়যুক্ত করুন । : 
depressive,আসলে মানুষগুলোর ভুল ধারণার জন্যে আমাদের চিকিৎসা ব্যবস্থাই দায়ী। আমাদের চিকিৎসা ব্যবস্থার উপর আমাদের সাধারণ মানুষের কোনো আস্থা নাই
non_depressive,ঘাতক বাচ্চা লোককে খুঁজে বের করে তার একটা বিচি গেলে দেওয়া হোক এতেই তার শিক্ষা হয়ে যাবে। ড্রাইভিং লাইসেন্স থাকলে দুইটা বিচি গেলে দিতে হবে
depressive,দিল্লিতে অনাহারে মৃত্যু বেআব্রু অাচ্ছে দিন তিন শিশুকন্যার দানা খাবার জোটেনি দিন
depressive,বাস চালাবেন মিমের বাবা সার্টিফিকেট দিয়ে আমি করবো মনে চায় মরে যাই
non_depressive,ওরে কঠিন শাস্তি দেওয়া উচিৎ
non_depressive,অনাকে আইনের আওতায় আনা উচিত এবং কঠোর শাস্তি দাবি করছি।
non_depressive,আলহামদুলিল্লাহ ভালো আছি আল্লাহ সবাইকে হেফাজত করুন
depressive,তোমাকে হারালে হয়তো অনুভূতিটা সহজে বুঝতে পারতাম যদি পারে চাওয়া যায় তোমাকেই চাইবো প্রিয়
depressive,একটা চোখ ঢেকে রাখা আরেক চোখে স্পর্ধা পুড়েই গেলো এবার বুঝি ভালোবাসার পর্দা
depressive,কক্সবাজার পৌরসভা ১নং ওয়ার্ডে ভোটার ৮ হাজার । নৌকা একা পেয়েছে ১২ হাজার ? কয়লা গায়েব হয়ে উড়ে যায় ? গায়েবী ভোটে নৌকার বাক্স ভরে যায় ? 
depressive,আমি মডানা দুই টিকা নিয়ে দুই বসর অসুস্থ ছিলাম এখনো আমার নানা ধরনের সমস্যা আমি এখন করবো জানা থাকলে বলবেন
non_depressive,সম্ভববের দেশ বাংলাদেশ
depressive,ইতিহাস টাই ছিলো সর্ব প্রথম ছবি ভালো করছিলোএর পরে ফ্লোপ
non_depressive,আমি মোবাইলে দেখেছি এরকম লবন দিয়ে শুয়ে চিকিৎসা করতে বাহিরের দেশে
non_depressive,ঈমানী কথা বলার কোন ইতি নেই ! যতো বেশি আলোচনা হবে উম্মতের ঈমানী জযবা ততো বেশি পয়দা হবে । 
depressive,ইয়া মালিক জালিম সরকার নিপাত করো আমিন
non_depressive,খানে বাস ড্রাইভার চাইতে ট্রাক ড্রাইভার দোস বেসি কারন রাস্তার মাজ খানে কেনো ট্রাক পার কিং করবে
non_depressive,হিন্দু দাদা দিদিদের ইদের দাওয়াত দিলাম শেষবারের মতো দেখতে পারবেন দেশে মিস করবো আপনাদের
depressive,ডিপ্রেশন ডিপ্রেশন ডিপ্রেশন মুক্তি পাওয়ার কোন উপায় খুঁজে পাচ্ছি না। পারছি মরে যেতে পারছি বেঁচে থাকতে জীবনটাই অদ্ভুত। যদি চিৎকার করে কাঁদতে পারতাম
non_depressive,এবার বাস মালিক সমিতি বলবে দোষ মোটরসাইকেলের
non_depressive,"কোনটা বুঝবো , মেয়ে বলছে ছোলেটা আমাকে প্রোফোস করছে , আর ছেলে বলছে মেয়েটা আমাকে প্রোফোস করছে । আমার দারনার বাহিরে এখন ! "
non_depressive,বাংলাদেশের ফরিদপুর জেলার সকল হিন্দুদের নাগরিকদের নাগরিকত্ব দেন তাদেরকে ভারতে নিয়ে যান
non_depressive,খুব ফজিলত পূর্ণ খবর
non_depressive,"নৌকা নিয়ে হাওরে বেরিয়েছে । একপর্যায়ে নৌকা থেকে হাওরের পানিতে ঝাঁপ দিয়ে দুরন্তপনায় মেতেছেন এক তরুণ । উল্ল্যেয়ার হাওর , তাড়াইল উপজেলা , ২৭ জুলাই । ছবি : তাফসিলুল আজিজ "
non_depressive,ভাই সাউন্ড দিলে হতো
depressive,"অষ্টম শ্রেণীর ছাত্রীর বিয়ে আটকাতে রুখে দাঁড়াল তার বান্ধবীরা । শাব্বাসএটা বাল্যবিবাহ ছিলো কিন্তু পরের দিনই মেয়েটি অন্য ছেলের সাথে পালিয়ে গেল সমস্যা নাই , এটা আধুনিকতা বলে চালিয়ে দেয়া যায়"
non_depressive,ঢাকার সকল সরকারি জমিতে সরকারি বনায়ন সকল ছাদকে ছাদকৃষি বাধ্যতামূলক করা উচিৎ তাছাড়া তাপমাত্রা কমবে নাহ
depressive,হায়রে দুনিয়া দুনিয়া সবাই দাঁড়িয়ে তাকায় রইল আমরা কার পিছে ছুটছি
non_depressive,"আপনার সন্তান যদি আপনার জন্য দোয়া করতে না পারে , হুজুর আনিয়ে বকশিস দিয়ে দোয়া করাতে হয় ? তবে জেনে রাখুন নিঃসন্দেহে আপনার পিতৃত্বের জীবন বৃথা । "
depressive,"মনে চাইছে গুম করে পেলাইছে । মন চাইছে ক্রসফায়ার দিয়ে দিল । মন চাইছে ব্যাংক , স্বর্ণ , কয়লা , শেয়ার বাজার লুট করে নিল । মন চাইছে জনতার উপর গাড়ি তুলে পিসে দিল । রাজার রাজত্ব চলছে যেনআল্লাহ আর কি করবে যখন মন চাইবে পৃথিবীটা উল্টাই দিবে"
depressive,দেশে কোনো বিচার নেইনা হলে এয়ন খবর শুনতে হতো না।
non_depressive,ধন্যবাদ খবর আমরা দিন আগে শুনেছি ঠিক সেই খবর টিভি আমাদের মাঝে এখন প্রকাশ করছেন এইটা দুঃখ্যজনক
depressive,চেষ্টা করছি কাটিয়ে ওঠার অনেকটাই পেরেছি তবুও মাঝে মাঝে মনে নতুন করে শুরু হচ্ছে শেষপর্যন্ত হবে জানিনা
depressive,আমি তাই কৃষি কাজ করি। দুবেলা খাবার জন্য সারাদিন কাজ করি।
depressive,"আগে শুনতাম ছেলেরা নাকি মেয়েদের কাছে ছবি চায় । আর এখন কোনো মেয়ের সাথে ২ মিনিট চ্যাটিং করার পরেই ছবি চাওয়া শুরু করে দেয় , আর না দিলেই বলে ভাব দেখাই । কি দিন আইলো রে বাবা । জীবনটা একদম ঝালা ফালা বানাই ফেললো । "
non_depressive,কোম্পানি চায় আমাদের স্কুলে পড়ানো সরকারকে সেদিকে নজর দিতে হবে সিলেবাস চেঞ্জ করতে হবে শিক্ষাব্যবস্থা কঠিন করতে হবে
non_depressive,আপনার ভিডিও ভাই অনেক খানি ইম্প্রুভ হইয়া যাচ্ছেআজকের ভিডিওটা একটু আসলেই ভালো এডিটিং ছিল।অনেক ভাল্লাগছে ভাই
non_depressive,এরা কারা কোত্থেকে এলো এরা
non_depressive,সকল অপরাধী ক্রসফায়ার করা হোক
non_depressive,আলহামদুলিল্লাহ একটা টিকাও নাইআল্লাহ ভালো রাখছে
depressive,আমি সময় অনুমান করি আমি কোন কারণে অপরিচিত।আমি সময় অনুমান করি আমি যেটা প্রয়োজন তাতে আমি সেটা করতে পারবো
non_depressive,ইনশাআল্লাহ শেখ হাসিনার সরকার বাংলাদেশে যতদিন পর্যন্ত থাকবে বাংলাদেশ আরো এগিয়ে যাবে
depressive,এটাই আশা করি ! কারণ এইসব আবালদের জন্যই দলের বদনামী ! এগুলারে ডাস্টবিনের ময়লার সাথে চালান দেয়া দরকার ! ধন্যবাদ প্রধানমন্ত্রী ! স্যালুট আপনাকে 
depressive,হুম ভাই প্রেম করতে পারি তাই ডিপ্রেশনে আছি
non_depressive,আমরা বাঙালি। আমরা জেনারেল শিক্ষা দিয়ে করব কারিগরি শিক্ষায় যথেষ্ট।
depressive,ভারতের আসাম থেকে লাখ অবৈধ বিদেশি এখন কোথায় যাবে কান্না সারা দেশের অস্বস্তি
non_depressive,তারে আইনের আওতায় আনা হউক
non_depressive,বাংলাদেশে জন্ম নিয়ে আমি গর্বিত আমাদের দেশের মানুষের মাথায় কতো বুদ্ধি। এদের বুদ্ধি অনেক
depressive,কপাল ভালো বাংলাদেশে জন্মেছিনা হলে কিছু দেখার বাকী থাকতো।।।
non_depressive,সবই সাংবাদিক বলছে উনার মুখ থেকে কিছু শুনছি না।
non_depressive,চাঁদাবাজি কমাতে পারলে কিছুটা দাম কমতে পারতো
depressive,জন্য মানুষ এখন শরীফ থেকে শরীফা হওয়ার চেষ্টা করে
depressive,কৃষিকাজই আমাদের ভবিষ্যৎ মনে হচ্ছে।
depressive,লেখাটি পড়ে মনে হচ্ছে কষ্টের পথে হলেও অস্বাভাবিক মনে হয়েছে।আসুন দেশটাকে গিলে খাই ভাত উপর চাপ কমাই
non_depressive,আমার মেয়ের জন্য একটি সুন্দর নাম দিন । অর্থসহ । টিভি চ্যানেলের জন্য নাম দিন । অমুক প্রতিষ্ঠানের জন্য নাম দেন । ইত্যাদি ইত্যাদি । অনেককেই দেখেছি ফেসবুক টুইটারে নাম চায় । এদেরকে আমার গাধা বলে মনে হয় । 
non_depressive,কিছু কিছু স্মৃতি এমন হয় যে মনে পড়তেই এক ঝলক হাসি এনে দেয় মুখে 
depressive,জীবন রেখে লাভ যদি ওদের টিমে থাকতে পারি
non_depressive,বিচার চাই জোর দাবি
depressive,জীবনে অনেক ব্যথা এসেছে কিন্তু কারো সাথে এটা ভাগ করতে পারিনি।
depressive,ভারতের আসাম থেকে লাখ অবৈধ বিদেশি এখন কোথায় যাবে কান্না সারা দেশের
depressive,অশ্রু জড়লো আবেগ আসলো অভিমান ভাঙলো ভালোবাসা জন্মালো
non_depressive,সন্ধ্যা ছয়টার পুর্বে দোকানে সিগারেট কেনাবেচা নিষিদ্ধ আইন চাই।
non_depressive,কিছু কিছু বাবা আছে রকম হওয়া দরকার
non_depressive,যতই চাপাচাপি কোন লাভ নাই এটা বন্ধ হবে
depressive,ভাই মনে গরমে পাগল হয়ে নিজের মনভাব প্রকাশ করে ফেলসে।
non_depressive,অসাধারণ একটা নাটক
non_depressive,খুব মজার বিনোদন দেখলাম সত্যি বাংলাদেশেই এরকমটা সম্ভব
depressive,বাঙালি তোদের ছেড়ে দেবে ভেবেছিস বাংলাপক্ষ জয়বাংলা
depressive,বড় ঘূর্ণিঝড় হবে মনে হয় বছর
depressive,সময় news reporter নাম লিখে দিলে হয়তো আমার ডিপ্রেশনটা অনেকটাই কেটে যাবে
non_depressive,Rtv সুন্দর সুন্দর নিউজ করে একদম মুগ্ধ হয়ে উপায় নেই।
non_depressive,"চোখের ঘুম তো তারাই কেড়ে নেয় যারা এক সময় বলত অনেক রাত হয়েছে , ঘুমাও এখন"
depressive,নাটক দেখা শেষ অবদি বহু বার চোখ বেয়ে পড়েছে ঈদের শেরা নাটকটা দেখে ফেললাম
depressive,পীরের মুখে দাড়ি নাই মাথায় টুপি নাই তিনি নাকি আবার জাকের পার্টির হারামজাদা
depressive,আমরা আনন্দ চেষ্টা করি বিপর্যয়ের সাথে অসংখ্য প্রতিযোগিতা করে নিয়ে আসি।আর কষ্ট দিবিরে তোরা বাঙালি
depressive,মানুষের অবস্থা একি। দেখার কেউ নাই
depressive,আমার মনে হয় আমি শেষ পর্যন্ত একা অনুভব করবো।
non_depressive,ফাম দিস নাফাম দিস
depressive,ডিপ্রেশন নামক জেলখানার ভীতর আমি অর্ধমৃত কয়েদি
depressive,সরকারী চাকরি নাই বিধায় বিয়ে করতে পারছি নামেয়ের অভিভাবকরা সরকারী চাকরিজীবি পাত্র খোঁজেন এখন আমরা করবো
non_depressive,চোরের আবার লজ্জা শরম মজা পেলাম।
non_depressive,মেডিটেশন করুম নিয়মিত ভালো থাকবেন। ইনশাআল্লাহ।
depressive,ডিপ্রেশন আমার জীবনটাকে তিলে তিলে শেষ করে দিচ্ছে আমি মুক্তি পেতে চাই সবাই আমার জন্য দোয়া করবেন
depressive,আমি সময় খারাপ মনে করি
non_depressive,মূল কারন বিদ্যা শেখানোর পাশাপাশি স্কিল করানো হয়না।
depressive,মামা তার ভাগিনা বউকে পেটায়
non_depressive,এরা কারা কোত্থেকে এলো এরা
depressive,কতোদিন প্রাণ আমার হাসে ঠোঁটের কোনে তোমরা দেখো আসলে হাসি
depressive,বাঙালি তোদের ছেড়ে দেবে ভেবেছিস ? বাংলাপক্ষ জয়বাংলা 
depressive,নাটকটির প্রতিটা মুহুর্তে প্রিয় মানুষটাকে ভীষণ মিস করছি তার প্রতি ভালোবাসাটা আরো বেড়ে গেলো। তাকে শেষ নিঃশ্বাস পর্যন্ত ভালোবেসে যেতে চাই
non_depressive,ভাব বেশি হলে আসল কথা দুনিয়া রিজিক শেষ।
non_depressive,"কিছু কিছু মানুষকে আমরা এমন একটা জায়গা দিয়ে দেই , আসলে আদো কি তারা সেই জায়গার যোগ্য কিনা তা বিচার করি না । "
non_depressive,ডিজিটাল দেশের স্মার্ট বাজার হলো আমাদের স্মার্ট বাংলাদেশ
depressive,মাঝে মাঝে নিজেকে খুব অসহায় মনে হয় একা একা লাগে মনে হয় পৃথিবীতে আমার কেউ নেই
depressive,"এদেশের ইতিহাস আওয়ামীগের কল্যানে রুপকথার গল্পে পরিণত হয়েছে ! গোপালঞ্জের একজন হলেন ভ্যান চালক হতে পাইলট , আর একজন ভ্যানচালক থেকে কোটিপতি কলারোয়ার যুবলীগ নেতা । : "
depressive,এমন একজনকে ভালবেসে ফেলেছি যাকে চাওয়াটা অন্যায় ভূলে যাওয়াটা অসম্ভব
depressive,আমি সময় অনুমান করি আমি সবার জন্য অপমানিত।
depressive,আজকে টাকা খাই কালকে সোনা খাই পরশু কয়লা খাই ভাতের উপর চাপ কমাই
non_depressive,সহপাঠী হত্যার বিচারের দাবীতে কুরমিটোলায় রাস্তা অবরোধকারী ছাত্রছাত্রীরা উন্নয়ন ও স্বাধীনতা বিরোধী । তারা রাজাকারের বাচ্চা মানবাতার বেশ্যা
depressive,কয়দিন থেকে অনেক বেশী অসুস্থ হয়ে পরেছি
non_depressive,উন্নয়নের এইসব চাপা পড়ে যাচ্ছে।
non_depressive,সুস্থ রাখার মালিক আল্লাহ
depressive,জীবনের মৃত্যুর পথে আমি অবশ্যই ভুগছি।
depressive,সহপাঠী হত্যার বিচারের দাবীতে কুরমিটোলায় রাস্তা অবরোধকারী ছাত্রছাত্রীরা উন্নয়ন স্বাধীনতা বিরোধী
depressive,জীবনের অনিশ্চিততায় আমি নিজের হারিয়ে গেছি যেখানে দুঃখের অপেক্ষায় সুখের আশা ছিল।
depressive,খালি বলবে গ্রেফতার করা হয়েছে তদন্ত করা হবে ব্যবস্থা নেওয়া হবে তারপরে শেষ
depressive,কান্ন করে দিছি দেখে নাটক এতো সুন্দর পৃথিবীতে আমরা সেই প্রিয় মানুষটাকে ধরে রাখতে পারি
non_depressive,আমি মডার্নার তিন ডোজ দিয়েছিলাম। চতুর্থ ডোজের মেসেজ আসছিলো কিন্তু চতুর্থ ডোজ নেইনি। আলহামদুলিল্লাহ এখনো ভালো আছি।
non_depressive,আজ আমার শশুরবাড়ী নাই কইরা আম্মুর শশুরবাড়ীতে থাকতে হয়
non_depressive,বাকি আসামিগুলোকেও জনগণের হাতে তুলে দেয়া হোক যেন তাদেরকে মেরে ফেলে কাজটি করতে পারে আমিন
depressive,বাংলাদেশে জিনিসের দাম বেড়েছে দুবাই আঠারো লিটার তেল ছিল দিরহাম এখন সেই তেলের দাম  দিরহাম এটাও বাংলাদেশ সরকার বারিয়ে
non_depressive,বরাবরেই ইয়াস তটিনির অভিনয় যেন ছুঁয়ে যায়। অভিনয় দিয়ে যেন নিজেই নিজেকে ছাড়িয়ে যাচ্ছে
non_depressive,সিকান্দার বাক্স অফিস কোথায়
non_depressive,"বাসা থেকে বিকালে বের হওয়ার আগে চা বানিয়ে ছিলাম আব্বুর আর আমার জন্যে কিন্তু আমি না খেয়েই চলে যাই । রাতে বাসায় আসার পর আব্বু বলে চা সব খেয়ে ফেলেছিলাম , তাই তোর জন্যে এক কাপ বানাই রাখছি , টেবিলে আছে খেয়ে নে আব্বু মানে ভালোবাসা "
depressive,এখন সবকিছু উল্টাপাল্টা এমনটা হওয়াটাই স্বাভাবিক
depressive,বিদায় কেউ এলোনা এলোনা কেন বোঝাতো গেলোনা মুঠোর মুখোশে কেউ কথা রাখলোনা কাছে ডাকলোনা জিভের মুদ্রা দোষে মুখোশে ছবি সায়ন রায় 
depressive,আমি সময় মনে করি আমি অস্থির এবং অস্থির হতে চাই।
depressive,"আগামীকাল সিলেটের নির্বাচনে যদি কোনো মৃত ব্যক্তি ভোট দিতে আসে , প্লিজ তাকে ফেরৎ যেতে দিবেন না । হয় গনধোলাই দিবেন , নয় তো জাপটে ধরে বাড়িতে নিয়ে যাবেন । আর বরিশালে এবং রাজশাহীতেও মৃত ভোটাররা ভোট দিতে আসবেন । ইচ্ছা করলে স্বজনরা কেন্দ্রে এসে দেখা করতে পারবেন । "
depressive,মনের অজান্তেই চোখ দিয়ে পানি পড়াতে লাগলো
depressive,আমি আমার নিজের মধ্যে একটি অদৃশ্য দুষ্টু মুখ মানতে চাই আমাকে হাস্যকর করে দেয়।টাকা থাকলে শান্তিতে মরাও যায় ভাই। এটাই সত্যি
non_depressive,শাওয়ার নিউজ আমাদের লাভ
depressive,"যে দেশে মানুষের মৃত্যুর খবর শুনে মন্ত্রী মহোদয় হাসে , প্রতিদিন মৃত্যু ভয় নিয়ে বাইরে বের হতে হয় যেখানে প্রিয়জনের ঘরে ফেরার নিশ্চয়তা নেই , যেখানে রাস্তায় মা বোনদের নিরাপত্তা নেই , সেই দেশ আমার না । হয়তো দেশটা একদিন আমার ছিল । এখন আর নেই । এই দেশে আমি অসহায় ! সড়কদুর্ঘটনা"
non_depressive,তাদের প্লানেই এইটা ছিলো আগে থেকেও আন্দাজ করেছিলাম
non_depressive,ঘন্টা সময় নষ্ট করে মানুষ সিনেমা দেখেনা বুঝলেন
depressive,কোন একদিন আমার বাসার লোকজন আমি পালিয়ে বিয়ে করলে মেনে নিবে কিন্তু এখন আমার বাসার লোকজন আমার চুলকাটা মেনে নেয় রংবাজ
depressive,বাংলাদেশের নিয়ম দেখতে হবে কোন সময় হয়তো বাংলাদেশের নাম পাল্টে নিয়মদেশ হবে
depressive,মাদারে গণতন্ত্র বকে দিয়েছেন যেন ফাঁসির থেকেও নির্মম শাস্তি
depressive,আমি তাই কৃষি কাজ করি। দুবেলা খাবার জন্য সারাদিন কাজ করি।
non_depressive,প্রথম দেখার কালে তারে লেগেছিলো ভালো তার জন্য জীবন আমার ধরতে পারি বাজি সাত সমুদ্র তেরো নদী পাড়ি দিতেও রাজি 
non_depressive,ধন্যবাদ ও সবাই কে সময় মত রক্ত দেয়াতে আপুর বোনটা আলহামদুলিল্লাহ অনেকটা ভালো আছে । ধন্যবাদ আবার ও সবাইকে সাহায্য করার জন্য । : 
depressive,আমার এ ঘর ভাঙিয়াছে যে আমি বাধি তার ঘর আপন করিতে কাঁদিয়া বেড়াই যে মোরে করিলো পর যে মোরে করিলো পথের বিবাগি পথে পথে আমি ফিরি তাহার লাগি 
non_depressive,এদের সাজা বিনা জামিনে যাবত জিবোন কারাডন্ডো হোক
non_depressive,আলহামদুলিল্লাহ রোগ থেকে মুক্তি পেয়েছি শুধুমাত্র কুরআনের জন্যই।
non_depressive,সময় ওয়াক্ত নামায পড়ুন আল্লাহ থেকে ডাকেন দেখবেন কোনো ড্রিপেশন থাকবে ইনশাল্লাহ
non_depressive,দেখি অনন্ত জলিলের সিনেমাগুলোকেও হার মানাইছে
non_depressive,জানোয়ার দের বিচার আল্লাহ করবেন
depressive,চুপ কোথায় ? দার্জিলিং খ্যাদানো দিলিপটা মেড়োদের সঙ্গে গাঁটছড়া বেঁধে এবার বাংলা থেকে বাঙালী খ্যাদাতে চায় । এর প্রতিকার আর প্রতিরোধ করতে হবে । : ? 
non_depressive,আলহামদুলিল্লাহ আল্লাহ সুস্থ রাকচ্ছে শুকরিয়া
depressive,কোন একদিন আমার বাসার লোকজন আমি পালিয়ে বিয়ে করলে মেনে নিবে কিন্তু এখন আমার বাসার লোকজন আমার চুলকাটা মেনে নেয় না রংবাজ
depressive,নাটকের কিছু কথা আমার জীবনের সাথে মিলে গেল শুরুতে কথাগুলো বলে
depressive," আয় বিজেপি দেখে যা , দেখবি যত জ্বলবি তত ! "
depressive,আমলারা ব্যবসায়ীদের লাভ সাধারণ জনগণের ভোগান্তি
non_depressive,আমি প্রচন্ড ডিপ্রেশনে থাকি।লক্ষনগুলো আমার মধ্যে আছে
depressive,নাটক দেখে কষ্ট বেরে গেল
depressive,আমার কোনো বন্ধু নেই। তাই বিষন্নতায় আক্রান্ত।
depressive,"মনের ভেতর যুদ্ধ আমার নিজের সাথেই লড়ি , স্মৃতির দেয়াল ছুঁয়ে হাজার মূর্তি গড়ি । চোখের দেখায় যা দেখি আর হয়নি যা দেখা অভিমানের নদীর তীরে দাঁড়িয়ে থাকি একা "
non_depressive,আমি মডেনা টি ফাইজার টি করোনার টিকা দিয়েছি আলহামদুলিল্লাহ আল্লাহর রহমতে ভালো আছি।
depressive,মনে হয় জীবনের অনিশ্চয়তা মেলে গিয়েছে নিজের মনে যেটি ফিরিয়ে পেতে অসম্ভব মনে হয়।
depressive,হাসবো কাঁদবো কিছুই বুঝতে পারছি না। আল্লাহ পাকই ভালো জানেন কিসের থেকে হয়
non_depressive,শুধু খারাপ ডিপ্রেশন হতে পারে না।
non_depressive,নাটক অনেক সুন্দর লেগেছে ভাইয়া বিষেশ করে গানটা দেয়াতে Feelings আরো বেড়ে গেছে।নাটক কেমন যেন একটু অসম্পূর্ণ রয়ে গেল the way শেষ অন্য রকম হতে পারত
depressive,শান্ত বুকের তপ্তক্ষুনে শক্তমাটি রক্তলাল মজলুমানের আর্তনাদে আরশে আজিম কম্পমান মানবতা দূর্বিপাকে আবাসভুমি ঘোর শ্মশান
depressive,আমি সময় অনুমান করি আমি অবিশ্বাস্য এবং আমি আমার ক্যাপাবিলিটির প্রতি বিশ্বাস হারাচ্ছি।হতাশা দুচিন্তা বেকারত্বের প্রধান কারণ।
depressive,এদের বিচার হলে আরো মানুষ হত্যা করবে জানে ফাসি হলে কুলাংগারদের সাজা হবে
non_depressive,"মানুষ আপনার ভালো কাজগুলো ভুলে গিয়ে খারাপ কাজগুলোর সমালোচনা করে , আর আল্লাহ সুবহানওয়া তা আলা আপনার ভালো কাজগুলো গ্রহণ করে খারাপ কাজগুলো ক্ষমা করেন "
non_depressive,"অামার প্রিয় সবুজ বাংলা জীবন সংগ্রামে হেরে যেতে নেই , সোনার বাংলার কৃষকের ক্লান্তিবিনোদন দুমুঠো ভাত ! "
non_depressive,"নানা অভিযোগে ভোট শেষ , চলছে গণনা : "
non_depressive,"ক্যাচ মিস , ফিল্ডিং মিস অতঃপর দুর্দান্ত ফিল্ডিং রুবেলের ডেট ওভার ফাইনালি চেকড ! অবশেষে শ্বাসরুদ্ধকর সিরিজ জয় অভিনন্দন টাইগার্স । জয়"
depressive,যাকে হারানোর ভয়ে বুকের ভিতর উত্তাল সমুদ্র প্লাবিত তাকে ছাড়াই আমৃত্যু কাল বেঁচে থাকতে
non_depressive,আলহামদুলিল্লাহ টিকা ছাড়াই ভালো আছি
depressive,সত্যই মাত্র দুজন বাস চাপা দিছে কিছু বলার নাই সিরিয়াসলিএত সার্টিফিকেট দিয়ে আমি করবো মনে চায় মরে যাই
depressive,মাজে মাজে দেখা পাই চিরদিন কেন পাইনা নাটকটির প্রতিটি মুহূর্ত ছিল চোখে আসার মত।
non_depressive,এইটা নিউজে দেওয়ার জিনিস আজাইরা থাকে কেমনে নিউজ কোম্পানি
non_depressive,দেনমোহর সর্বোচ্চ কতটাকা করা যাবে তার নির্দিষ্ট পরিমাণ উল্লেখ করে দেওয়া হোক
non_depressive,জাতীয় বিশ্ববিদ্যালয়ে পড়ার পাশাপাশি কারিগরি পড়ার সুযোগ দেওয়া উচিত। একাধিক কোর্সে দক্ষতা অর্জনে কোন বিধিনিষেধ রাখা উচিত নয়।
non_depressive,বছরের সবচেয়ে সুন্দর নাটক
depressive,অনেক কিছু সম্পর্কে অজানা হওয়া অনেক বেশি কষ্টদায়ক যেন হৃদয়ের মুখে একটা ঘুম পড়ে যায়।
non_depressive,স্যার ব্যাকগ্রাউন্ডের কবিতাটা ভালো লেগেছে
non_depressive,ধন্যবাদ অমিত শাহ
non_depressive,আলহামদুলিল্লাহ একটি টীকা দেয়নি সুস্থ আছি
non_depressive,এটা কিভাবে সম্ভব সবাই কিভাবে ফেল করে
non_depressive,দূরত্ব কি কাছে টানে ? নাকি দূরত্ব বাড়ায় ? অপেক্ষা আর ধৈর্য কি এক বিষয় ? 
non_depressive,ওনাকে আইনের আওতায় নিয়ে কঠিন শাস্তি দিতে হবে
depressive,ব্যাচেলরদের কষ্ট বেচেলার আছে সেই বুঝবে
non_depressive,নিউজ দেখে মনে হচ্ছে ভারত বাংলাদেশের রাজধানী।
depressive,কথাটি পড়ে মনে হচ্ছে জীবনের অশ্রুজলে অপেক্ষা করা অসহ্য। কান্না সারা দেশের
non_depressive,ভাইয়ের এখন রেড কার্ড।
depressive,কিছু বলার নাইঅনেক কান্না করছি
depressive,"আজকাল বড্ডো মনে পড়ে তোমার সেই কথাটা , আমি তোমাকে ছাড়া থাকতে পারবো না , জানিনা এখন সে কি করে আছে আমায় ছেড়ে । "
non_depressive,ওয়ার্ড নেতার অবস্থা হলে তাহলে ভাবুন ইউনিয়ন উউপজেলা জেলা পর্যায়ের নেতাদের বর্বরতা কতোঠুকু
depressive,প্রিয় তোমারে পেয়ে গেলে হয়তো নাটক দেখা হতো
depressive,আমার জীবনের অনেক সময় আমি মনে করি আমি আমার সময় হারিয়ে যাচ্ছি
non_depressive,রাশেদুল পূর্বে কোন রাজনৈতিক দলের কর্মী ছিলো জাতি জানতে চায়।
depressive,যোগ্য লোক চাকরি পাচ্ছে
depressive,আমি জীবনের কিছু হারিয়ে দিন দিন ডিপ্রেশন ডুবে যাচ্ছি তাই আজকে কয়দিন যাবোত মরতে চাইতে কিন্তু মারতে পারতেছি
non_depressive,চলেন এখন আমরা খুশিতে ডুগডুগি বাজাই
non_depressive,এদের আইনের আওতায় আনা দরকার।
depressive,জিনিসের দাম বাড়িয়ে অনেক বেশিরভাগ লোকেরই সমস্যায় ফেলে দিয়েছে বাংলাদেশ সরকার
depressive,চুপ কোথায় ? দার্জিলিং খ্যাদানো দিলিপটা মেড়োদের সঙ্গে গাঁটছড়া বেঁধে এবার বাংলা থেকে বাঙালী খ্যাদাতে চায় । এর প্রতিকার আর প্রতিরোধ করতে হবে । : ? 
non_depressive,ভালই সবাই দাড়িয়ে সার্কাস দেখছে
depressive,পাপ টাকা পাপ যায়।
depressive,জীবনের অনুভূতি কেউ জানে কতটা দুঃখজনক এবং অজানা।অনেক দিন ধরে আমি অশান্তির মধ্যে ভুগছি।
depressive,জনগণ খেয়ে মরবে কিন্তু ঠিকমত পুষ্টি হবে জনগণের জীবন থেকে সুখ শান্তি উধাও হয়ে গেছে এটাই ঠিক বক্তৃতা বিশ্লেষণ শুনে পেট ভরবে
depressive,এইসব দেখার দিন দিন মানুষের উঠে যাচ্ছে হত্যা করা বেডে যাচ্ছে আল্লাহ তুমি সবাইকে হেদায়েত দেও
non_depressive,খুব ভালো সিদ্ধান্ত বাংলাদেশ থেকে হিন্দু ভারতে নিয়ে যাক
depressive,যাক তাহলে একজন প্রবাসি হয়ে বেকার খাতা থেকে নাম উঠালাম।
depressive,সদ্যপ্রাপ্তঃ বরিশালে বিএনপির পর জামাত ও বাসদের প্রার্থী নির্বাচন বর্জন করেছেন । সেই সাথে তাদের কর্মীরা বিক্ষোভ শুরু করে দিয়েছেন । 
non_depressive,বাংলাদেশ আবার বক্স অফিস কোথায়
non_depressive,জনগন উচিৎ কাজ করেছে
non_depressive,"একদিন আমার ব্যর্থতার নয় , সফলতার কারন হবে তোর অবহেলা "
non_depressive,আমি টিকা দেইনিআলহামদুলিল্লাহ্ অনেক ভালো আছি।
non_depressive,ওয়াক্ত নামাজ কিছুর সমাধান
depressive,সংযুক্ত আরব আমিরাত তে এমন একটি গাছ দেখে দেশের কথা মনে পড়ে গেল 
depressive,প্রিয় তোমারে পেয়ে গেলে হয়তো নাটক দেখা হতো
non_depressive,আল্লাহ হেফাজত করো
non_depressive,আমি টিকা দেইনিআলহামদুলিল্লাহ্ অনেক ভালো আছি।
depressive,"দুঃখ্যে দিলে কষ্ট দিলে , মনটা দিলেনা ভাল বেসে দুরে গেলে কাছে এলে না"
non_depressive,আলহামদুলিল্লাহ তিনটা দিকা নেওয়ার সুস্থ আছি আল্লাহ আমাকে সুস্থ রাখুক দোয়াই সবাই করবেন
depressive,আমি সবকিছুর অনুভূতি মুছে ফেলতে চাই কিন্তু করতে অসমর্থ।
non_depressive,কথাটা সত্যযা আমার ক্ষেত্রে হয়েছে
depressive,পৃথিবী থেকে লজ্জবতী গাছ লজ্জবতী নারী বর্তমানে দুইটা বিলুপ্ত প্রায়
non_depressive,পিয়াজের সাথে সাথে রসুনের দামও বেরে গেছে। রসুন ভারত থেকে আমদানী করা রসুন রপ্তানী বন্ধ হয়ে গেছে।
non_depressive,"হ্যালো ফ্রেন্ডস আমি দিশা , সবার নাকাব মুভি টা কেমন লেগেছে ? : : "
depressive,আমার মনে বর্তমান অবস্থার থেকে বাস্তব সত্যটাই দেনমোহরের জন্য।
non_depressive,এই পৃথিবীতে মন বোঝার কেউ নেই । 
depressive,জিএফ নিয়া ভাব নিওনা একটু মাথা খাটাও মিয়া তোমার জিএফ মফিজ বাইকে ঘুরে পাঠাও নিয়া
non_depressive,এ লড়াই বাঁচার লড়াই এ লড়াই জিততে হবে জয় বাংলা জয় বাঙালি 
non_depressive,সুন্দরী নারির দিক থেকে পাকিস্তান কিন্তু এগিয়ে
non_depressive,ভালো খেলোয়াড় থাকলেই মেসি সেরা আর সাধারণ দলে রোনালদো বেশি ফিট । কিন্তু তারপরও সাধারণ দলে সবসময় মেসিকেই চাইবেন অ্যাতলেটিকো মাদ্রিদের এ কোচ ! : 
non_depressive,লাইক দিলে নাটক আবার দেখবো
non_depressive,গায়েব নয় দাঁত মেজেই ১লাখ ৪৩ হাজার মেট্রিকটন কয়লা শেষ 
non_depressive,অবৈধ টাকা যাদের আছে এবং খরচ করার জায়গা নেই তারা ঠিকই যাবে মালিক পক্ষ এটা ঠিকই জানে
depressive,বাসের তলায় পিষছে মানুষ হাসছে নরপিশাচ তিন তিনটা লাশ পরেছে কির পোলা লাশ চাস
non_depressive,পূর্ণিমাতে জেলেদের জালে ধরা পড়ছে রুপালি ইলিশ । চট্টগ্রামের ফিশারিঘাট এলাকায় ট্রলার থেকে নামানোর পর সারিবদ্ধভাবে সাজিয়ে রাখা হচ্ছে ঠেলাগাড়িতে । পরে তা বিক্রির জন্য নিয়ে যাওয়া হয় বাজারে । আকার ভেদে প্রতি কেজি ইলিশ বিক্রি হচ্ছে ৩৫০ ১০০০ টাকা । ছবি : সৌরভ দাশ 
non_depressive,"হে আল্লাহ ! আমাকে ইসলাম সহকারে দাঁড়ানো অবস্থায় এবং বসা অবস্থায় তথা সর্বাবস্থায় হেফাজত কর । আমার ক্ষেত্রে আমার কোন শত্রু , আমার কোন নিন্দুক বা হিংসুক খুশি হয়ে উপহাস করতে পারে এমন কোন কাজ করনা । সহিহ জামেউস সগীরঃ ১২৬০ "
depressive,অনেক সময় মনে মুক্ত হওয়া ভাবটি মুখ খুলতে দিচ্ছে যেন সময় কাটানোর মুখ খুলা যায় না।আমার জীবনে অন্ধকার বিরক্তি অস্বস্তি
non_depressive,আল্লাহ সুবহানাহু ওয়াতাআলা কাছে শুকরিয়া একটাও নিইনি আলহামদুলিল্লাহ ভালো আছি।
non_depressive,আলহামদুলিল্লাহ আমি করোনার ডোজ নেইনি
depressive,পৃথিবীর সকল প্রেমিকায় চায় শুধুমাত্র তার চোখেই বারবার তার প্রেমিক হতাহত হোক সার্টিফিকেট দিয়ে আমি করবো মনে চায় মরে যাই
non_depressive,আমি স্যারের বড় একজন ফ্রেন্ড
non_depressive,বাজারে পণ্যের দাম বাড়তেই পারে কিন্তু তার সাথে সাথে সরকারি বেসরকারি সকল চাকুরীজীবিদের বেতন বাড়াতে হবে।
non_depressive,"চোখ থেকে ঝরে পরা অশ্রুকে মুছে ফেলা যায় , কিন্তু অশ্রু ঝরার কারণটিকে মন থেকে মুছে ফেলা যায় না । "
non_depressive,ব্যাপার আওয়ামীলীগ সাপোর্ট করলে সবই সম্ভব
non_depressive,সঠিক ইসলামের দিকে ফিরে আসেন ইনশা আল্লাহ সমাজ ঠিক হয়ে জাবে
depressive,এখন কোন হসপিটালের আসে জানান
non_depressive,ভাই নির্যাতন হলো কোথায়
non_depressive,এই পৃথিবীতে মন বোঝার কেউ নেই । 
non_depressive,নদীর নীচে দেশের প্রথম রেল সুড়ঙ্গ তৈরি হয়েছে কলকাতায় । এবার মেট্রো রাইলের সৌজন্যে দেশের সবথেকে বড় ভূগর্ভস্থ রেল ইয়ার্ড পেতে চলেছে কলকাতায় । যা তৈরি হচ্ছে কলকাতা বিমানবন্দরের ঠিক পাশেই । : ? 
non_depressive,দেশের জনগন চায় চায় এটা সরকারের জানা উচিত
non_depressive,বাংলাদেশের টাকা দিয়ে ভারতের ঘাটতি পুরণ হচ্ছে
depressive,মনে হয় জীবনের অস্পষ্টতায় আমি নিজের অভিজ্ঞতা হারিয়ে গেছি যেটি ফিরিয়ে পেতে অসম্ভব মনে হয়।
depressive,সময় বিষন্ন থাকি
non_depressive,ইহা কোথা থেকে আসিলো নতুন নাম শুনলাম
depressive,ভালো বাসা এমনি ।আমি আমার প্রিয় মানুষটাকে ভিশন ভালো বাসি ।আল্লাহ্ যেন চিরজীবন একসাথে রাখেন।ইহকাল পরকাল সবসময় যেন সাথে থাকতে পারি
non_depressive,এগুলো কোন কথা টিকা দিয়ে আবার উল্টাপাল্টা খবর
non_depressive,টিভি কেমন খেয়ে দেয়ে কাম কাজ নাই ফালতু পোলাপাইনগো নিউজ ভাইরাল করার জন্য বইসা থাকে
non_depressive,নামাজ হলো একমাত্র সমাধান
depressive,বাংলাদেশে বছর ধরে কয়লা চুরি গোপন ছিল
depressive,আমি সময় অনুমান করি আমি আমার মূল লক্ষ্য পূর্ণ করতে পারবো না।
depressive,"বাঙ্গালী চুমু দেখিলে সেক্স ভাবে আর এক্স দেখে ভাবে রোমান্স । একারনে ৯ মিনিট , ২৯ মিনিট ভিডিওর পোষ্টের নিচে লিংক হবে ? কমেন্ট করতে থাকে । ধর্ষণের বিচার চাই পোষ্টের নিচে পোষাক নিয়ে প্রশ্ন করে । আবার ওড়না বিহীন মেয়ের ছবির নিচে যেয়ে কমেন্ট করে , "
non_depressive,ইয়াশ তটিনী জুটির একটাও নাটক মিস করি দেখেছি ওদের বেশির ভাগ নাটকে বৃষ্টির মুহূর্ত গুলা আছে আরেকবার নাটকে শেষের দুজনের জড়িয়ে ধরে বৃষ্টিতে কান্না ছুয়ে গেল
depressive,"আসানসোলের সাংসদ হওয়ার সত্ত্বেও রাজ ্য সরকার আয়োজিত অনুষ্ঠানে বারংবার আমাকে আমন্ত্রণ জানানো হয়নি । যার মধ্যে উল্লেখযোগ্য হল উদ্ধোধন , যে অনুষ্ঠানে বাংলাদেশ এর মাননীয়া প্রধানমন্ত্রীও ছিলেন । অবশ্য তৃণমূলের থেকে জির মত মহান মানসিকতা আশাও করা যায় না । "
depressive,তোমাকে এমন ভাবে ভালোবাসলাম তোমাকে এখন ভুলতে গেলে নিঃশ্বাস বন্ধ হয়ে যায় চলে যাওয়া মানুষ যখন ফিরে আসে তখন চাইতে এতো আনন্দের অন্যকিছু হতে পারে
non_depressive,ওরে লাইচেন্স দিছে লাইচেন্স বাতিল করা হউক
depressive,আমি বাবাকেই দেখি নাই ছোট বেলায় বাবা হারিয়েছে
depressive,আমি সময় অনুভব করি আমি কাউকে নির্দোষ প্রতিষ্ঠিত করতে পারি না।
depressive,জীবনের মৃত্যুর পথে আমি অবশ্যই ভুগছি।
depressive,নামের কষাই হাত থেকে রক্ষা পেতেই আগের চিকিৎসা পদ্ধতিতে ফিরে যেতে হব।
depressive,আমি সারাক্ষণ নিস্ਤজ লাগছি
depressive,হিন্দিরঅলারা হতভাগার এমন মস্তিষ্ক প্রক্ষালণ করেছে একেবারে বারোটা বাজিয়ে ছেড়ে দিয়েছে
depressive,কখনো নাটক দেখে কমেন্ট করিনি কিন্তু নাটকটি দেখে কমেন্ট করে পারলাম অসাধারণ একটি নাটক কখন চোখের কোণ দিয়ে পানি পড়ে গেল বুঝতে পারলাম
depressive,মানুষ অনেক বোকা সামান্য আনন্দের জন্য নিজের জীবন শেষ করে দেয়
non_depressive,প্রধানমন্ত্রীর দৃষ্টি আকর্ষণ করছি।
non_depressive,সদ্যপ্রাপ্তঃ বরিশালে অনিয়মের অভিযোগ করে নির্বাচন বর্জনের ঘোষণা দিয়েছেন বিএনপি মেয়রপ্রার্থী মজিবর রহমান সরোয়ার
depressive,হৃদয়ে একটি অনুভূতি আছে নিরন্তর আমাকে বিপর্যয়ে ফেলে।
depressive,দৃর্ঘ বছর ধরেই ডিপ্রেশনে আছি।কবে মুক্তি পাব সেটা আল্লাহ পাকই ভাল জানেন।
non_depressive,জিবনে সঠিক সিদ্ধান্ত নিয়েছি পরাশোনা করি নাই
non_depressive,উপজাতি দের কঠোর বিচার চাই
depressive,এটা কার হোম পেজ হতে পারে যেখানে শুধু মেয়েদের টুইট 
depressive,বাসের তলায় পিষছে মানুষ হাসছে নরপিশাচ তিন তিনটা লাশ পরেছে কির পোলা লাশ চাস
depressive,শোক একটা কেটে ওঠতে না ওঠতেই আরো দুটো লাশ পেলাম । আমরা বাঙালি এক দূর্ভাগা জাতি । মাতমেই মাস কাটে বছর ঘুরে । 
depressive,চৌকিদার ঠেকেদার ভাগীদার নয় সংবিধান সমঝদার একজন প্রধানমন্ত্রী প্রয়োজন সার্টিফিকেট দিয়ে আমি করবো মনে চায় মরে যাই
depressive,হৃদয়ে একটি অচেতন অনুভূতি অন্ধকারে ঢাকা বারবার আমাকে আঘাত করে।টাকা থাকলে শান্তিতে মরাও যায় ভাই। এটাই সত্যি
depressive,এটা কতো কষ্টের আমি জানি।আলহামদুলিল্লাহ আমি এখন অনেক ভালো আছি
depressive,হঠাৎ বদলে যাওয়া মানুষগুলোর অতীত খুঁজতে গেলে বুঝতে পারবে কতটা অবহেলায় ভরা ছিল অতীতটা । 
non_depressive,বক্স অফিস সেটা আবার কোথায়
depressive,বাংলাদেশে এসব মানুষের চিকিৎসা বড়বড় হসপিটালের নামে কসাইখানায় মিলেনা তাই করবে।
non_depressive,আচ্চা মিনিট একসাথে হাটতে হবে নাকিকিছুক্ষণ হাটলেও হবে
non_depressive,দোয়া করি আল্লাহ আপনাকে সুস্থতা দান করুন এবং নেক হায়াত দান করুন আমীন।
depressive,মাঝে মাঝে আপনাদের কিছু নিউজ দেখে আমি খুবই বিষণ্ণতায় ভুগি
depressive,জুম্মা মোবারক নামাজের একটা সেল্পি সবাই লাইক কমান্ড কলেন
depressive,আগে আমাদের বাঁচতে দিন পরে উন্নয়ন করুন
non_depressive,খুবই ভালো চিকিৎসা। বাংলাদেশের মানুষের জন্য উপযুক্ত চিকিৎসা যারা রাস্তার ধারে প্রশ্রাব করে ময়লা ফেলে ড্রেন বন্ধ করে ছোটখাট বিষয়ে চিৎকার ঝগড়া করে।
non_depressive,নামাজ আদায় করুন।দিন পথে চলুন। বিশন্নতা ধারের কাছেও আসবে না।
non_depressive,এদের কিছু দিন পরে জামিন দিয়ে দিবে চিন্তার কোন কারন নেই এদের রিমান্ডে নেওয়া হবেনা কারণ এরা হুজুর নয়
depressive,আমি সময় অনুভব করি আমি কাউকে নির্দোষ প্রতিষ্ঠিত করতে পারি না।হতাশা দুচিন্তা বেকারত্বের প্রধান কারণ।
depressive,এলার্জির ঔষধ খেতে খেতে শেষ কিন্তু ভালো শরীল চুলকাইতে চুলকাইতে চামড়া তুলে ফেলছি ডাক্তার দেখাইছি তাও ভালো আল্লাহ ভরসা সবাই দোয়া করবেন
non_depressive,বাংলাদেশে জন্ম নিয়ে আমি গর্বিত আমাদের দেশের মানুষের মাথায় কতো বুদ্ধি। এদের বুদ্ধি অনেক
non_depressive,অপরাধের কোনো ক্ষমা নাই নাই নাই। কঠিন শাস্তি হোক। যাতে ধরণের কাজ দ্বিতীয় কেউ করতে পারে।
non_depressive,বাংলাদেশ থেকে বিজেপির জন্য শুভ কামনা
depressive,সিপিএমের অতি শিক্ষিত হার্মাদরা এটাও জানে বিষ্ণুমাতা মহালক্ষ্মীর আরেকটা নাম শহিদ শহীদ নিয়ে পারল এবার এটা নিয়ে পড়েছে
non_depressive,মাননীয় প্রধানমন্ত্রী নাম বদনাম করেছেন দলিল যার জমি তার সঠিকভাবে জমি মেপে বুঝিয়ে দেওয়া দরকার তাহলে সঠিক বিচার হবে।
non_depressive,উন্নয়ন খেয়ে বেঁচে থাকো।
non_depressive,আচ্চা মিনিট একসাথে হাটতে হবে নাকিকিছুক্ষণ হাটলেও হবে
depressive,আমি সময় অনুমান করি আমি কিছুই নিয়ে করতে পারি না।হতাশা দুচিন্তা বেকারত্বের প্রধান কারণ।
non_depressive,এগুলা ছবি কেও দেখবে
depressive,কেউ কেউ চার পায় বানানোর জন্য কারো সাম্রাজ্য ভেঙ্গে ফেলা
depressive,কামলা দিয়ে বাসায় এলাম এখন রান্না করতে হবে প্রবাসজীবন সার্টিফিকেট দিয়ে আমি করবো মনে চায় মরে যাই
depressive,মনে হয় জীবনের অস্পষ্টতায় আমি নিজের অভিজ্ঞতা হারিয়ে গেছি যেটি ফিরিয়ে পেতে অসম্ভব মনে হয়।অনেক দিন ধরে আমি অশান্তির মধ্যে ভুগছি।
depressive,বড় ইছে ছিলো এই বাবে জীবনের শেস সময় টুকু তোমাকে নিয়ে কাটাইব বাংগটা এমনি ছিলো শেস সময়টা আসার আগেই জীবের সুখে মহত্ত গুলি শেস হয়ে যাই 
depressive,ঘুম নেই কেন খুঁতায় হারিয়ে গেল মনের অগুরে
depressive,আমি সময় অনুমান করি আমি নিজের সাথে সন্তুষ্ট নই।আমি সময় অনুমান করি আমি যেটা প্রয়োজন তাতে আমি সেটা করতে পারবো
depressive,প্রেম আবার হুদা বাংলাদেশে কাম নাই তাই মুড়ি ভাজা
non_depressive,সন্দেহের জন্য মুই এলাও দেও নাই আল্লাহ সবাইকে সুস্থ রাখুন
non_depressive,তিন থেকে চারদিন আগের খবর অথচ মিডিয়াতে এখন আসে
non_depressive,একজন অভিনয় শিল্পীর সুন্দর কণ্ঠ সত্যিই অসাধারণ
non_depressive,লাগেজ হেন্ডেলিং দায়িত্ব জাপানের হাতে দেওয়াই উত্তম
non_depressive,আল্লাহ সুবহানাহু ওয়াতাআলা কাছে শুকরিয়া একটাও নিইনি আলহামদুলিল্লাহ ভালো আছি।
non_depressive,"নিশ্চয় যারা এটা পছন্দ করে যে , মুমিনদের মধ্যে অশ্লীলতা ছড়িয়ে পড়ুক , তাদের জন্য দুনিয়া ও আখেরাতে রয়েছে যন্ত্রণাদায়ক আযাব । আর আল্লাহ জানেন এবং তোমরা জান না । সূরা নূরঃ১৯ "
non_depressive,নাটকটা সত্যিই সুন্দর কমেন্টা স্মৃতি হিসেবে রেখে গেলাম
depressive,বিদায় কেউ এলোনা এলোনা কেন বোঝাতো গেলোনা মুঠোর মুখোশে কেউ কথা রাখলোনা কাছে ডাকলোনা জিভের মুদ্রা দোষে মুখোশে ছবি সায়ন রায় 
non_depressive,বুঝিনা ইয়াস এতো ভালো অভিনয় করে কিন্তু নাটক এতো কেনো করে
non_depressive,এরা টাকার লোভের কারণে এটা হইছে
non_depressive,আকাশে মেঘেরা খেলা করছে নিছে খেলছে প্রকৃতি । দুইয়ের মিলবন্দনে অন্য রকম একটা মুহূর্ত সৃষ্টি । 
non_depressive,আইন হুজুর দের জন্য বাকিরা জান্নাতি৷
non_depressive,যার জন্য আপনি গলা পানিতে নামতে রাজি সেই লোক যদি আপনার জন্য হাঁটু পানিতে নামতে রাজি না হয় তাহলে তার জন্য সাহায্যের দুয়ার বন্ধ করে দিন । কারণ রা কখনও অন্যের ভালো দেখতে পারে না । এমনকি অন্যের ভালো করতেও জানে না । বাণীতে পথহারা পথিক
non_depressive,এমনো নাটক আমার দেখা শেরা
depressive,আগে ছিল কম্বল চোর এখন হয়েছে কয়লা চোর । সোনার বাংলা এখন সোনা চোরের বাংলা । 
non_depressive,বাংলাদেশের এমন আছে পাকিস্তানের চেয়ে ভালো
non_depressive,বাংলা সিনেমা কেউ দেখে একদম খ্যাত লাগে
depressive,আল্লাহ এদের হেদায়েত করুন জুমার দিন মসজিদেও এসব প্যান্ট পরে আসতে এদের লজ্জা করেনা 
depressive,অসমাপ্ত ডায়েরিটা বড় কর্কশ কন্ঠে প্রতি রাতেই আর্তনাদ করে উঠে আর বলে শেষ করো এই অসম্পূর্ণ যন্ত্রনা 
depressive,মায়ের চেয়ে মাসির দরদ বেশি
depressive,অনেকের আমি একা অনেক সময় কাটাতে ভালোবাসি তবে অন্যের কাছে আমি নিরাশা হয়ে থাকি।
non_depressive,র ্যাঙ্কিংয়েও পুরস্কার পেলেন তামিম : 
depressive,"আমগো পাশে ১টা দেশ আছে ! ওরা আমগো পানি নিতে চায়না , ইলিশ নিতে চায় ! "
depressive,বর্তমান সময়ে সবচাইতে বেশি আক্রান্ত ডিপ্রেশন
non_depressive,ছোট শিশুদের পর্যন্ত যেখানে স্কুল পর্যায়েও টিকা দেয়া হয়েছে সেখানে এটা খুব চমৎকার খবর।
non_depressive,রাকিবের ভিডিও আগে দেখতাম যখন  সাবস্ক্রাইব ছিলো তখোন ভালো ভিডিও কোরতো কিন্তু এখন টিকটকের ছাপরি পোলাপানের মোতো ভিডিও করে বলে এখন দেখিনা
depressive,মেয়ে তুমি নিজে ইন্টার ফেল বিয়ের জন্য পাত্র খুঁজছো ডাক্তার ইঞ্জিনিয়ার তোমার ভাব দেখে মনে হচ্ছে তুমি টিনের ঘরে টাইলস লাগাইবা
non_depressive,বাংলাদেশ ফাকিস্তান ভাই ভাই দির ভাই
depressive,কামলা দিয়ে বাসায় এলাম এখন রান্না করতে হবে প্রবাসজীবন
non_depressive,"যে ভাগ্যে থাকে , সে হৃদয়ে জায়গা পায় না ; আর যে হৃদয়ে থাকে সে খুব কম মানুষের ভাগ্যেই থাকে ! "
depressive,পাশে গার্লফ্রেন্ড ছিলো তাই ভাব দেখায়া ভিক্ষুকরে  টাকা দিলাম। ভিক্ষুক হাসতে হাসতে আমাকে বলল ভাই এসব করেই আমার অবস্থা।
non_depressive,নযটাকা দেশি টাকা বিক্রি হয়েছে
depressive,জীবন আমাকে সবসময় একা এবং নিজেকে প্রেশার দেয়।অনেক দিন ধরে আমি অশান্তির মধ্যে ভুগছি।
depressive,সবাই ডিশের লাইন কেটে দিয়ে বিটিভি দেখুন । এ বছর বাতাবিলেবুর ফলন অনেক ভাল হয়েছে । আয়নাবাজি
depressive,রানে হেরে গেল বাংলাদেশ
depressive,"আমার না খুব হাসি পায় টুইটে আসলে , যখন দেখি কিছু মানুষ কে বোকা বানানোর নাটক করে যাচ্ছে । নিজেই অভিনেতা সেজে । "
depressive,কান্না শুধু তাদের সহপাঠী পরিবার আত্মীয় স্বজনের নয়
depressive,পীরের মুখে দাড়ি নাই মাথায় টুপি নাই তিনি নাকি আবার জাকের পার্টির হারামজাদা
non_depressive,অবৈধ টাকা যাদের আছে এবং খরচ করার জায়গা নেই তারা ঠিকই যাবে মালিক পক্ষ এটা ঠিকই জানে
depressive,সিলেটে পুলিশ ও মেজিস্ট্রেটের উপস্থিতিতে কেন্দ্র দখল করে নেয় ছাত্রলীগের জঙ্গীরা । এই সময় মেয়র প্রার্থী আরিফুল হক সেখানে উপস্থিত হলে তার উপর ছাত্রলীগের জঙ্গীরা হামলা চালায় । পুলিশ এই সময় ভিডিও করতে বাঁধা দেয় । পুলিশের : 
non_depressive,এগুলা ভাই বস্তির পোলাপান নতুন বড়লোক হইলে
depressive,"সিলেট , রাজশাহী , বরিশালের কবরস্থান গুলোতে আইনশৃঙ্খলা বাহিনী মোতায়েন করার জোর দাবী জানাচ্ছি । যাতে করে মৃত মানুষগুলো রাতের আঁধারে ভোট দিতে ভোট কেন্দ্রে আসতে না পারে । ফ্যাক্টঃ সিটি কর্পোরেশন নির্বাচন"
non_depressive,অবস্থায় আইনের আশ্রয় গ্রহণ করা দরকার
depressive,দিনে দুপুরে যেখানে মানুষের অধিকার হরন হয়সেখানে ইরম আজাব হবে স্বাভাবিক
non_depressive,অারে দালাল তাদের নাগরিক সুবিধা অার অামাদের নাগরিক সুবিধা মিলায়া দেখ।
non_depressive,প্রতিটা রাত্রির নিশ্চুপ নিরবতা গুলোই ভালো জানে নির্ঘুমতা ঠিক কতটা কষ্ট বিষাদ আর যন্ত্রণাময় ! : 
depressive,আজব একটা মানুষ তুমি দুঃখের গল্প বললেও তুমি কষ্ট পাও সুখের গল্প বললেও দেখি কষ্ট পাও কারণ গল্পে আমি থাকি থাকে অন্য কেউ
depressive,আমি সময় অনুমান করি আমি অন্যের মতো হতে পারছি না।আমি সময় অনুমান করি আমি যেটা প্রয়োজন তাতে আমি সেটা করতে পারবো
non_depressive,ধন্যবাদ সময় টিভি ধন্যবাদ তাজরিন রিকা
depressive,গণতন্ত্রের লেবাছ হলো জনগণ সকল ক্ষমতার উৎস । আর ভিতরটা হলো শাসক সকল ক্ষমতার উৎস । 
depressive,ইয়াশ কমপ্লিট অ্যাক্টর তটিনী বেস্ট চোখে চোলে আসছে সেরা নাটক
depressive,এটা বিজেপি শোষিত বিহারের দ্বিতীয় বৃহত্তম সরকারি হাসপাতাল নালন্দার ছবি অসুস্থ রোগীরা যখন হাসপাতালের ভিতরে অস্বাস্থ্যকর জমা জলের নরক যন্ত্রণায় ভুগছেন বিজেপি সরকারের স্বাস্থ্য মন্ত্রী মঙ্গল পান্ডে তখন সিমলায় বর্ষার ছুটি উপভোগ করছেন 
depressive,বালিকার জন্য গেছিলাম ফ্রান্সের বিখ্যাত ভালোবাসার সেতুতে তালা ঝুলাইতে ভাগ্যের নির্মম পরিহাস সেখানে তালা ঝুলানোই নিষেধ করে দিছে
depressive,ঝিনুক নিরবে সহ ঝিনুক নিরবে সহে যাও ভিতরে বিষের বালি বাহিরে মুক্তা ফলাও ? যেটা আমার মতো লোকেরাইই পারে ? 
depressive,মূল্যবোধের অবক্ষয় রোধে শিক্ষা ব্যর্থ কেন মুহাম্মদ রেজাউল করিম
depressive,কোন একদিন আমার বাসার লোকজন আমি পালিয়ে বিয়ে করলে মেনে নিবে কিন্তু এখন আমার বাসার লোকজন আমার চুলকাটা মেনে নেয় রংবাজ
non_depressive,কভিড করোনা টিকা নিয়ে এখন পর্যন্ত বেঁচে আছি তাই আলহামদুলিল্লাহ বলবো বলবোঃ মর্ডানাহামদুল্লিলাহ অর্থাৎ আমি মডার্নার টিকা নিয়েছি
non_depressive,গরীবের পেইজটি একটু ঘুরে আসবেন।
non_depressive,এটাকে থেকে লাথি মেরে বেরকরে দিয়ে শাস্তির আওতায় আনা হোক
non_depressive,দূর্নীতিবাজদের হারামের টাকার ফলাফল।
depressive,এদের এতো টাকা তবু অসুস্থ হলে সরকারের কাছে টাকা চায়।
non_depressive,সোনার ছেলে তোকিছূই হবে
depressive,এইসব ফাইভ বুলেট ট্রেনের স্বপ্ন আছে বলেই আমরা বাসের পাদানিতে টেম্পুর পাদানিতে গাদাগাদি করে দাঁড়িয়ে প্রতিদিন চলাফেরা করতে পারি
depressive,এখানে বলেছেন সবকিছুই আমার বছরের জীবনে চলছে
depressive,প্রতিটি শেষ কাহিনির মধ্যে আমি হারানোর সত্যটি আবার খুঁজে পাই আমার সময় হারিয়ে যাচ্ছে যাতে অনুভব করতে পারব
depressive,অধিকাংশ সময় আমি আমার সময়ের সাথে অনেক স্বপ্ন হারিয়ে যাচ্ছি তবে সময় হারিয়ে গেলে আমি আমার অনেক স্বপ্ন হারিয়ে যাবো
depressive,কিছু মানুষকে দেখলেই ঘাড় থেকে মাথা আলাদা করে দিতে ইচ্ছা করে । 
depressive,চলিতেছে সার্কাস নির্বাচনের নামে জনগণের সাথে প্রতারণা করে তামাশার নির্বাচন চলতেছে পুলিশলীগ বাহিনীর সহায়তায় পুলিশলীগ যথেষ্ট জালভোট ও কারচুপির জন্য ঝৈ বাংলা ধাপ্পাবাজী সামলা 
depressive,আমার অন্তহীন অসুখের অনুভূতি হয়েছে আমি আত্মহত্যায় নিয়ে চিন্তিত হচ্ছি।
depressive,এটা কোন দেশের নিয়ম অস্ত্র ঠেকিয়ে গুলি করে হত্যা করার হুমকি দিয়েছে। পুলিশ সেখানে করল।
depressive,ভালো থেকো প্রিয়ো মানুষ সুখি অন্য কারো বুকে ভালো থাক তোমার আমার পরিবারের মানুষ গুলো
non_depressive,জনগণই ফ্যাসিবাদ সরকারের পতন ঘটাবে ড মোশাররফ : 
depressive,হাস্যকর জিবনেও এতো বাজেটের মুভি এমন হবে যঘন্য
depressive,কখনো আয়নার সামনে দাঁড়িয়ে নিজের প্রেমে পড়েছিলেন 
non_depressive,মিথিলা কেডা রাকিব কেডা বাথরুম ওয়ালা
non_depressive,সুস্থ ছিলাম হঠাৎ করেই কিছুই মনে করতে পারতেছিনা কোন কিছুই মনে করতে পারতেছিনা
non_depressive,ট্রাক বাস ড্রাইভারকে পুরস্কৃত করা হোক মটরসাইকেল চালককে খুজে বের করে সাজা দেয়া হোক।
non_depressive,বাংলাদেশের উন্নয়ন হয়েছে সেই ঠ্যালায় মাছ মাংস খাইতে পারি
depressive,আহারে আমার সোনার বাংলাদেশ সোনার সরকার সোনার আওয়ামিলীগ সোনার দেশ দেশটা নাকি সাধিন হয়েছিলো আমাদের রক্তের বিনিময়ে
depressive,আমি সবসময় ক্ষতিগ্রস্ত মনে হচ্ছে। আমার কাছে দুঃখের ব্যবস্থা করার জন্য কোনো নেই।অনেক দিন ধরে আমি অশান্তির মধ্যে ভুগছি।
depressive,খুব খারাপ অবস্থা যাচ্ছে বিসিবি সংবাদ সময় সত্যি তুলে ধরে
depressive,আমি খুব বাজে ভাবে ডিপ্রেশনে আছি
non_depressive,"বাঙালি ১৯০৫ এও প্রতিবাদ করেছে , ১৯৫২ তেও । ১৯৭১ এও করেছে । ২০১৮তেও করবে "
non_depressive,দিন পরে শুনবেন এটা প্রাঙ্ক ছিল।
non_depressive,মানুষ হাসানোর কাজ করতাছেন আপনারা এবং ওরা
depressive,এরা মৃত্যু কথা কখনো বাবেনা কার জন্য টাকা উপার্জন করে আপনার মৃত্যু হলে টাকা খাবে
non_depressive,এটা মনে দিনের বেলায় ঘটেছে সেই খবর এখন কেনো রাত বারটায়
non_depressive,এইরকম নেতা অনেক আছে প্রতি এলাকায়
non_depressive,আউলিয়ার প্রশংসা দেওলিয়া করতেছে কোনো অপশন পায় নাই
depressive,কোন একদিন আমার বাসার লোকজন আমি পালিয়ে বিয়ে করলে মেনে নিবে কিন্তু এখন আমার বাসার লোকজন আমার চুলকাটা মেনে নেয় না রংবাজ
depressive,আমগো জীবন টাই প্রজেক্ট
non_depressive,এ লড়াই বাঁচার লড়াই এ লড়াই জিততে হবে জয় বাংলা জয় বাঙালি 
non_depressive,হয়তো একদিন রাস্তায় পরে থাকবো আমি বাসের চাকায় লেগে থাকবে রক্ত বীভৎস কুৎসিত অচেনা এক লাশহয়ে থাকবো পরিচয়ের অপেক্ষায়
depressive,কেউ কেউ চার পায় বানানোর জন্য কারো সাম্রাজ্য ভেঙ্গে ফেলা
depressive,"ছেলের বাপ পণ্য চাইলে জাতীয় অপরাধ কিন্তু , মেয়ের বাপ সরকারি চাকরি খুঁজলে সাত খুন মাফ ব্যাপারটা হলো দুটোই আন্তর্জাতিক ভিখারী শুধু ভিক্ষা করারা ধরণ টা আলাদা "
non_depressive,যতোই গরম হোক সতর খোলা উচিত
non_depressive,"রক্তের শেষ বিন্দু থাকা পর্যন্ত আন্দোলন চলবে সাধারণ ছাত্র অধিকার সংরক্ষণ পরিষদের যুগ্ম আহ্বায়ক জালাল আহমেদ বলেছেন , রক্তের শেষ বিন্দু থাকা পর্যন্ত পাঁচ দফা দাবি আদায়ে তাঁদের আন্দোলন চলবে । "
depressive,পাহাড়িরা দিন দিন অনেক দূর্দর্শ হয়ে উঠেছে এখনোই যদি এদেরকে প্রতিহত করা তাহলে ভবিষ্যতে আমরা সাধারণ বাংগালীরা এদের কাছে প্রাণ দেয়া লাগবে
non_depressive,আলহামদুলিল্লাহ কোনো টিকাই নেয় নাই।আল্লাহ এখনও সুস্থ রেখেছে আলহামদুলিল্লাহ
depressive,আমার মনের গভিরে সে এখোনো বাস করে ছুতে গেলেই হারিয়ে যায় কোনো অচিন আজানা পথে তুমি আছো ছিলে থাকবে এই মনেরও ঘরে এখোনো সময় অনেক বাকি হারিয়ে যাওয়া তুমি সেটা জানো কি ? সু হা
depressive,রেডিসন এর পাশে জাবালে নূর এর দুই বাস প্রতিযোগিতা করতে গিয়ে স্কুলছাত্র দের চাপা দেয় । কেন অসুস্থ প্রতিযোগিতা ? কেন কচি প্রান ? তাদের পরিবারের আশাভরসার ? এভাবে তো চলে যাবার কথা ছিল না । এখনো জীবনটা যে দেখা হল না । এমন হাজার প্রশ্নের উত্তর পেলাম না । হয়ত পাবও না । 
non_depressive,আল্লাহ হেফাজত করবে ইনশাল্লাহ
non_depressive,অনেক দিন আগের কথা। একবার নানীর বাড়ি গেছিলাম। নানী কইছিলো দেখবি কিছু লোক হুদাই তোর কমেন্ট পড়বে সময় নষ্ট করবে
depressive,মধ্য আয়ের দেশে উন্নীত হয়ে বাংলাদেশ এখন ভাঙ্গাদেশে রুপান্তরিত হয়েছে ফ্যাক্ট দেড় ঘন্টার রাস্তার অর্ধেক আসতে লাগে সাড়ে তিন ঘন্টা
depressive,হলে বাঙালী বিদ্বেষী হতে হবে বেছে বেছে মণিপুর আসামে বাঙালী দের তাড়ানো হচ্ছে তাতে আপনার কোন প্রতিক্রিয়া নেই
depressive,আমাদের সাধারণ মানুষের রক্ত পানি করা সাড়ে লক্ষ কোটি টাকা দেশে ফিরিয়ে আনা হোক নয়তো জাতি তাদের ক্ষমা করবে পালিয়ে যাবে কোথায়
depressive,একটু ইমোশনাল হয়ে গেলাম
non_depressive,লোক গ্রামে বাস করে যার বেশিরভাগ কৃষিজীবী তারপর দেশের সবাই যার যার পেশা নিয়ে ব্যস্ত।
non_depressive,যেসব স্কুলে সবাই ফেল করেছে সেসব স্কুলে টিকটক সাবজেক্ট বাধ্যতামূলক করা হোক আশা করি সবাই পাস করবে
non_depressive,"বিজেপি বাঙালি কে চায়না বাঙালি বিজেপি কে চায়না ৪০ লক্ষ বাঙালি রাতারাতি উদ্বাস্তু , বাঙালি কি জিনিস জানবে নরেন্দ্র মোদি বাঙালিকে ঘেন্না করা বিজেপি দূর হ বাংলা থেকে ১২বছরটিএমসিএস ২১০হাজারটিএমসিএস বাঙালিজিন্দাবাদ বাংলাজিনদাবাদ তৃণমূলকংগ্রেসজিনদাবাদ দিদিজিনদাবাদ"
depressive,মনে হয় জীবনের অভিজ্ঞতা নিয়ে নিজেকে হারিয়ে গেছি একটি অজানা পথে আমি ভ্রমণ করছি।
depressive,বাংলা সিনেমার দিন শেষ হিন্দি সিনেমার বাংলাদেশ
depressive,বাংলাদেশে এসব মানুষের চিকিৎসা বড়বড় হসপিটালের নামে কসাইখানায় মিলেনা তাই করবে।
depressive,এ কেমন বিউটি পার্লার আটা ময়দার বিপরীতে বেগুন বিক্রি হয় 
non_depressive,"কোর্ট পয়েন্টে টেবিল ঘড়ির সমর্থনে সর্বশেষ নির্বাচনী জনসভা মজলুমের পক্ষে , ইনসাফ ও উন্নয়নের স্বার্থে টেবিল ঘড়িতে ভোট দিয়ে বিজয়ী করুন এডভোকেট জুবায়ের আসন্ন সিলেট সিটি : "
non_depressive,অসাধারণ নাটক ছুয়ে যাওয়ার মতো
non_depressive,রাকিব টিউবার জানলাম
depressive,বিষন্নতা রোগের আমরা ভালো চিকিৎসা পাব কোথায় যদি কোন ভাইয়ের জানা থেকে তাহলে আমাকে অবশ্যই জানাবেন
depressive,গরিবের কথা কেউ ভাবে উন্নয়ন খেয়ে বাঁচব
depressive,শান্ত বুকের তপ্তক্ষুনে শক্তমাটি রক্তলাল মজলুমানের আর্তনাদে আরশে আজিম কম্পমান মানবতা দূর্বিপাকে আবাসভুমি ঘোর শ্মশান
non_depressive,কোটি লাখ নিজের পারিশ্রমিক নিয়েছে লাখ মিলিয়ে খরচ হয়েছে
non_depressive,প্যারালাইসিস আবার নিজে নিজে মাটির নিচে নেমে আসে।
depressive," বাদল দিনের প্রথম কদম ফ , দেখলেই কিনে ফেলি , তখন আমার পোস্টিং ছিল টংগী হাপাতালে , একটা ছেলে কতগুলো তাজা ফুল নিয়ে ঘুরে বেড়াচছে , আমি সবগুলি কিনে নিলেম , আমার সাথে কয়েকজন ডাঃ যেতো , ওরা বলছে টাকা দিয়ে কদমফুল কেনা প্রথম দেখলাম আপা ! আমি বললাম , রবি ঠাকুরকে ভালবাসলে কদমকেও বাস"
depressive,প্রেমে ধোকা খাওয়া মানুষদের বলি অযথা হাত কেটে রক্ত নস্ট করবেন না পারলে ড্রেনের ধারে গিয়ে বসে থাকুন মশাদের রক্ত খেতে দিন যাদের রক্ত দরকার তাদের দান করুন মিস্টিমেয়ে 
non_depressive,মুভির ক্লিপ কেটে মিম বানানো হোক তাও যদি কয়টা টাকা ওঠে
non_depressive,খেলা মাত্র শুরু দাদু আরো অনেক কিছু দেখার জন্য প্রস্তুত হোন
depressive,আমি সময় অনুমান করি আমি আমার জীবনের কোন গুরুত্বপূর্ণ দিক হারাচ্ছি।
depressive,অামি পড়ে অাছি। তার নেশায়
non_depressive,আল্লাহ আপনি তাদেরকে ভালো রাইখেন। আমিন
depressive,স্বার্থক জন্ম জন্মেছি দেশে গাড়ীর চাপায় মানুষ মারে মন্ত্রী সাহেব হাসে কষ্ট দিবিরে তোরা
non_depressive,আওয়ামী লীগ স্মার্ট বাংলাদেশ বলে কথা
depressive,পেরেমে পেরেমে সময়কাল চলে যাচ্ছে
depressive,"আসানসোলের সাংসদ হওয়ার সত্ত্বেও রাজ ্য সরকার আয়োজিত অনুষ্ঠানে বারংবার আমাকে আমন্ত্রণ জানানো হয়নি । যার মধ্যে উল্লেখযোগ্য হল উদ্ধোধন , যে অনুষ্ঠানে বাংলাদেশ এর মাননীয়া প্রধানমন্ত্রীও ছিলেন । অবশ্য তৃণমূলের থেকে জির মত মহান মানসিকতা আশাও করা যায় না । "
depressive,দুঃখ প্রকাশ করা ছারা এদের জন্য কিছুই করতে পারবো না।।।
non_depressive,আপনার ভিডিও ভাই অনেক খানি ইম্প্রুভ হইয়া যাচ্ছেআজকের ভিডিওটা একটু আসলেই ভালো এডিটিং ছিল।অনেক ভাল্লাগছে ভাই
depressive,কাজী মারুফ মনে হয় মুভি মানাবে
non_depressive,ওকে সঠিক ভাবে বিচার করতে হবে।
non_depressive,ধন্যবাদ বিজেপিকে বাংলাদেশ থেকে সম্মান জানাই তোদের চিন্তা চেতনাকে
depressive,আমি বুঝলাম তোরা যারা দেশকে নিজের মনে করতে পারিসনা কেন এদেশে থাকিস
non_depressive,একাকীত্ব কখনোই মানুষকে আনন্দ দিতে পারেনা তাই জীবনের কিছু ছোট ছোট আনন্দের জন্য কিছু বন্ধুরও প্রয়োজন আছে বাস্তব ওসমান গনি 
non_depressive,"বেশ বেশ বেশ , সাবাস বাংলাদেশ । সিরিজের শেষ ম্যাচে গেইল মামুদেরকে হারিয়ে সিরিজ জিতে নিয়েছে টাইগাররা । অভিনন্দন ম্যাশ বাহিনীকে । ম্যাশ মানেই বিজয় ৯ বছর পর বিদেশের মাটিতে সিরিজ জয় "
non_depressive,সুষ্ঠ এবং নির্ভেজাল নির্বাচন দেখতে চান তাইলে বিটিভি চালু করেন আর দক্ষিন অঞ্চলের মুরগীর খামার করে জরিনা বেগমের স্বাবলম্বী হওয়ার গল্প ও দেখতে পাইবেন
non_depressive,বাংলাদেশে ফার্স্ট ডে তে ফার্স্ট শো থেকেই বোঝা গেছে সুলতান দ্যা সেভিয়ার কারো মন্দ লাগেনি । : 
depressive,"ক্ষোভের আগুনে জ্বলছে যখন ভুক্তভোগীরা , সাধারণে তখন দায়িত্বশীল কেউ কেমনে থাকে এত নির্বিকার মনে ? কোন আনন্দ পাওয়াতে কোন সুখ পাওয়াতে কোন মজা পাওয়াতেই জানি মানুষজন হাসে , অথচ মানুষরূপী শয়তানদের অন্যায়ের প্রশ্রয়দানকারীদের মানুষের দূর্ঘটনা , মৃত্যুতে ও মুখে হাসির পোয়ারা ভাসে ! "
depressive,নাটকে ঢুবে গেছিলাম সত্যিই। আবেগে আপ্লুত হয়ে পড়লাম। নাখালপাড়া তেজগাঁও ঢাকা থেকে ছিলাম এবং থাকবো ইনশাআল্লাহ্
non_depressive,এইসব আবার কারা রাকিব কোনো নায়ক টায়ক
depressive,কলিজা পুরে যাক মনটা শান্তি থাক চ্যাকা খোরদের শুভ রাত্রি ওসমান গনি
depressive,আসলে নির্বাচন সুষ্ঠু সুন্দর হয়েছে ভোটারদের কষ্ট করে ভোটকেন্দ্রে যেতে হয় সার্টিফিকেট দিয়ে আমি করবো মনে চায় মরে যাই
depressive,সংবাদটা আমি যখন দেখছিলাম নিজেকে বিব্রতবোধ মনে হচ্ছিল করে সম্ভব
depressive,আমি নিজে একজন মানুষ কিনা বিষন্নতাই ভুগতেছি
non_depressive,মাছ চাষ করতে হলেও বর্তমানে অনার্স পাশ লাগে।বাংলাদেশ বলে কথা।
depressive,কলিজা পুরে যাক মনটা শান্তি থাক চ্যাকা খোরদের শুভ রাত্রি ওসমান গনি
depressive,মনে হয় জীবনের দুঃখসুখে অবিচল হয়ে গেছি আমার হারিয়ে ফেলা নিজের মুখের মুখোশ আজও মনে রয়েছে।
non_depressive,এদেরকে গ্রেফতার করে মাসের মধ্যে জনসম্মুখে ফাঁসি দেওয়া উচিৎ যেন কেউ এমন জঘন্য অপরাধ করার শাহস পায়
depressive,প্রতিবেদনটি যদি দেখে থাকেন পাকিস্তানের নির্বাচনে কেন দেশটির সুফি নেতা পীররা গুরুত্বপূর্ণ
non_depressive,এতোদিনে ভালো একটা নিউজ করলেন
depressive,বাংলাদেশের অর্থনীতি রিজার্ভ ফান্ডে জিরো
non_depressive,নিয়মিত পাঁচ ওয়াক্ত নামাজ পড়েন কিছু ঠিক হয়ে যাবে ইনশাআল্লাহ। বিষন্নতাই আপনি ভুগবেন না।️
non_depressive,টিভির এতো বাজে দিন আসবে ভাবতেই পারিনা এইসব ফালতু নিউজ
depressive,সরকারী চাকরি নাই বিধায় বিয়ে করতে পারছি নামেয়ের অভিভাবকরা সরকারী চাকরিজীবি পাত্র খোঁজেন এখন আমরা করবো
depressive,আমাদের মুখস্থ বিদ্যা কোন কাজে লাগে
non_depressive,সেই নাটকযে নাটক পিক দেখে সবাই ভাবছিলো তটিনী ইয়াসের মধ্যে কিছু চলছে
depressive,তোমাকে পেয়ে গেলে সুন্দর নাটকটা হয়তো দেখা হতো কৃতজ্ঞতা তোমাকে দিলাম
non_depressive,Totini yash নাটক ভালো লাগে প্রতিদিন দুইটা করে দেখতে চায় খুবই ব্যস্ত থাকি তারপরেও প্রতিদিন দেখি নাটক
non_depressive,সিন্ডিকেটের প্রধান সরকার
non_depressive,সরকারী বেতন অর্ধেক করে কর্মঘন্টা অর্ধক করে দ্বিগুণ করতে হবে জনবল।
depressive,আলেমদের রিমান্ডে নেওয়া এবং অন্যায়ভাবে কারাগারে পাঠানোর নিয়ম আাছ অনৈতিক কাজে জড়িতদের ব্যাপারে আদালত একটু বেশি বেশি আবেগী
depressive,ফরিদপুর তিনজন মারা গেল তার কোন খবর নাই আছে অন্য খবর নিয়ে
non_depressive,নামাজ সকল ধরনের বিশন্নতা দূর করে
depressive,উন্নয় চাইলে একুটু কস্ট করতে হবে।
non_depressive,বক্সটা বাংলাদেশের প্রতিটা হাটবাজারে বসায় দিলে আমরা কিছু দিতাম
depressive,মানুষের প্রতি মানুষেত দরদ দিন দিন কমলেও কুত্তা বিলাই প্রতি মানুষের দরদ দিন দিন বাড়তেছে
depressive,"এক একজন ৭ ১০ করে ভোট দেবার সুযোগ পাচ্ছে । সরকার ভোটাধিকার প্রয়োগের সব্বোর্চ্য সুযোগ দিছে , মেনে নিতে হবে । "
non_depressive,টাকা বাড়িয়ে টাকা কমালো
non_depressive,গজব পরেনা এদের উপর যারা টাকার জিনিস  টাকা করে পরে  টাকা করে বলে কমছে
non_depressive,আলহামদুলিল্লাহ আমার মনে রকম কিছু হবেএ জন্য টিকা দিনাই
non_depressive,আমাদের বিজিবি করছে।। তেল রাস্তা ছাড়া নিতে পারবে না।। ভারতে পাচার হবে কথা বলে দাম বাড়ানো কোনো যুক্তি হয়না।
depressive,"৩৩টা লাশ প্রয়োজন বিচার পাওয়ার জন্য । কারণ দাদাদের দেশ ভারতে ৩৩ জন মরেছিলো । লাশ লাগবে লাশ , মাত্র ৩৩টা লাশ ! হেসে হেসে লাশ হতে চাই আমরা । তবুও এদেশে বিচার হোক ! শব্দ"
non_depressive,খুবই গুরুত্বপূর্ণ একটা নিউজ দেওয়ার জন্য ধন্যবাদ
non_depressive,দৃষ্টান্ত মূলক শাস্তি দাবি করছি
non_depressive,মহান আল্লাহ তাআলা সবাইকে সুস্থতা দান করুন লাতা বাসাত্ব হুরুন ইনশাআল্লাহ জাজাকাল্লাহ খাইরান
depressive,আমরা কখনো বুঝেও আমাদের সমস্যার উৎপত্তি নিজের দিকে এগিয়ে নেওয়া সম্পর্কে চিন্তা করি না।
depressive,আমার জীবনে অনেক সময় সমস্যা হারানোর মুখে মুখে আমি একা আমার বিপদে পড়ে থাকি।
non_depressive,কিন্তু ওদের আবেদনে কেউ সাড়া দেয় কেউ আবেদনই করে নাই পটালে
non_depressive,ভারত সকল মুসলিমদের বাংলা পাকিস্তান পাঠানো হোক
non_depressive,আগেই কবর দিয়া দিছে।
depressive,"১৫ কেন্দ্রে জাল ভোট , বিএনপির দাবি ৪১ : "
non_depressive,প্রথম দিকে হুমায়ুন আহম্মেদের নাটকের দৃশ্যপট মনে হয়েছিল
depressive,ঘটছে কার রান্নাঘরে ঘটছে কার শয়নকক্ষে ঘরের খবর পরের কাছে আজকাল বেশী পাওয়া যায়
non_depressive,বাংলা ভাষায় বলি। কিস্তিতে টাকা নিয়ে দামি একটা কিছু কিনলে নিজের হয়ে যায় না৷ লোন পরিশোধ করার ক্ষমতা থাকতে হয়।
depressive,আমি চেষ্টা করছি আমার মধ্যে একটি বিরক্তি অনুভব করতে কিন্তু পাওয়া যাচ্ছে না।টাকা থাকলে শান্তিতে মরাও যায় ভাই। এটাই সত্যি
non_depressive,জীবন এবং নাটক দুটোই আলাদা কিন্তু নাটটির প্রতিটি লাইনি খুবই সুন্দর ছিল।
non_depressive,ড্রাইভার মনেহয় মাল খেয়ে গাড়ি চালাচ্ছিল।
depressive,কোটি কোটি মানুষের কথা। উন্নয়ন দিয়ে হবে যদি পেটে খানা থাকে।
depressive,টিভি এতো নিম্ম মানের নিউজ করবে আশা করি নাই।
depressive,সব সেলিরবেটিদের নম্বর আমার ফোনে আনিকা কবির শখের সুধু ইমো নাই 
non_depressive,যায়গায় যায়গায় হাইওয়ে পুলিশ দেওয়া দরকার
non_depressive,বিজিপি মানেই অন্যরকম ভালোবাসা বিজিপির জন্য শুভকামনা রইলো ভালোবাসা অভিরাম বাংলাদেশ থেকে
non_depressive,আমার বিশ্বাস ছিল করোনার টিকা ভুয়া তার কারনেই দেই নি। এমনিই ভালো আছি আলহামদুলিল্লাহ
non_depressive,লেউরার নিউজ সময় টিভিতে পাওয়া যায়।
depressive,বাসের তলায় পিষছে মানুষ হাসছে নরপিশাচ তিন তিনটা লাশ পরেছে কির পোলা লাশ চাসএত অস্বস্তি
non_depressive,আলহামদুলিল্লাহ টিকা ছাড়াই আল্লাহ আমাকে ভালো রাখছে।
depressive,কিছু বাবা শুধু জন্ম দিতেই জানে সন্তানদের কখনোই বুঝে
non_depressive,বর্তমানে অটো রিক্সার মতো সাংবাদিক বেশি হওয়ার কারণে অটোওয়ালারা যাত্রী পাচ্ছে না।
depressive,মূল্যবোধের অবক্ষয় রোধে শিক্ষা ব্যর্থ কেন মুহাম্মদ রেজাউল করিম
depressive,রাস্তায় ফেলে গেলেও ছেলেটা বাঁচতে পারত
depressive,হজ্ব হোক দুর্নীতি মুক্ত টাকায় ; না হলে এই হজ্বের কোন ফজিলত পাওয়া যাবে না ; এখন অনেক মুখোশধারী দুর্নীতিবাজ হজ্ব করে নিজের নামের সাথে আলহাজ্জ্ব লাগিয়ে আরো বড় মাপের বাটপারি করে ; এরা লেবাসধারী ধার্মিক ! 
non_depressive,জলে স্থলে যতো বিপর্যয় মানুষের হাতের কামাই সূরা রুম আয়াত
depressive,বাংলাদেশ হিন্দু ছিলো  সালে  সালে হিন্দু বেঁচে আছে
depressive,শোক একটা কেটে ওঠতে ওঠতেই আরো দুটো লাশ পেলাম আমরা বাঙালি দূর্ভাগা জাতি
depressive,জীবনের পান্ডুলিপি লেখা শুধু চিরসত্য দুঃখের চোখে।আর কষ্ট দিবিরে তোরা বাঙালি
depressive,একজন করে ভোট দেবার সুযোগ পাচ্ছে সরকার ভোটাধিকার প্রয়োগের সব্বোর্চ্য সুযোগ দিছে সার্টিফিকেট দিয়ে আমি করবো মনে চায় মরে যাই
depressive,হলে বাঙালী বিদ্বেষী হতে হবে বেছে বেছে মণিপুর আসামে বাঙালী দের তাড়ানো হচ্ছে তাতে আপনার কোন প্রতিক্রিয়া নেই
non_depressive,মালুদের ওপার নিয়ে যাওয়ার দাবী জানাই
depressive,সময় থাকতে হস্তক্ষেপ করলে এবং দেনমোহরের হার কমালে অবস্থা আরো ভয়াবহ হবে
non_depressive,"যে ব্যক্তি এসব গুনাবলী অর্জন করবেন , নিশ্চয়ই আল্লাহ তায়ালা তার জন্য বেহেশতের পথ সহজ করে দিবেন । জাযাকাল্লাহ : "
depressive,যায় দিন যায় রাত থাকি দিশেহারা তরে ছাড়া বড় একা একা লাগে তরে ছাড়া
non_depressive,আসামে বাঙালির পাশে দাঁড়ান । বাংলাপক্ষ ওদের আজ আপনাকে প্রয়োজন । জয়বাংলা : ? 
depressive,আমি চিন্তা করি এসব ফিল্ম দেখে
non_depressive,ব্যবসায়ীরা যখন রাজনীতি করে এবং এমপি মন্ত্রী তখন তারা তাদের স্বার্থ দেখবে এটাই স্বাভাবিক।
depressive,কয়লা গায়েব হয়ে উড়ে যায় গায়েবী ভোটে নৌকার বাক্স ভরে যায়
depressive,যোগ্য লোক চাকরি পাচ্ছে
non_depressive,আইনের প্রতি দৃষ্টি আকর্ষণ করছি
non_depressive,কঠিন সাজার ব্যবস্থা করা হোক। এরা সাহস পায় কার পাওয়ারে চলে তদন্ত করা হোক।
depressive,মামা তার ভাগিনা বউকে পেটায়
depressive,"রাজনাথ সিং সংসদে বললেন এই নাকি ফাইনাল নয় । এই লক্ষ লোক কে আবার নাকি সুযোগ দেওয়া হবে নাগরিত্ব প্রমাণ করার । এটা কি আইওয়াশ নয় ? এরা আর কি প্রমাণ দেবেন ? পাসপোর্ট , আধার ভোটার কার্ড সব ই তো বাতিল করে দিয়েছে । আবার অনেক পুরুষের নাম আছে অথচ তাদের পরিবারের নাম নেই । এরা কি করবে ? "
depressive,আমি রাজ্যে দুঃখ নাই সুখ খুজতে গেলে হারিয়ে যাই কষ্টের শহরে
depressive,ডাক দিয়েছে মমতা ব্রিগেড চলো জনতা হাজার উনিশ বিজেপি ফিনিশ
depressive,মধ্য আয়ের দেশে উন্নীত হয়ে বাংলাদেশ এখন ভাঙ্গাদেশে রুপান্তরিত হয়েছে ফ্যাক্ট দেড় ঘন্টার রাস্তার অর্ধেক আসতে লাগে সাড়ে তিন ঘন্টা
depressive,কতোদিন প্রাণ আমার হাসে ঠোঁটের কোনে তোমরা দেখো আসলে হাসি
depressive,আমি সময় মনে করি আমি অস্থির এবং অস্থির হতে চাই।
non_depressive,বাংলাদেশের সংখ্যা লঘুরা কোনো সমস্যায় নাই এটা একটা সুখী জনগোষ্ঠীর মধ্যে জগরা বিভেদ সৃষ্টির উদ্দেশ্য
depressive,ভালোবাসার মানুষটি হারিয়ে গেলেই তার প্রতি ভালোবাসা বৃদ্ধি পায়
non_depressive,রাকিবের ভিডিও আগে দেখতাম যখন  সাবস্ক্রাইব ছিলো তখোন ভালো ভিডিও কোরতো কিন্তু এখন টিকটকের ছাপরি পোলাপানের মোতো ভিডিও করে বলে এখন দেখিনা
non_depressive,এদের কয়টি ফাঁসি দিতে হবে
depressive,"পথের শেষ এসে দেখি অনেক হিসেব বাকী , জীবনে যাহা করলাম তার অর্ধেক টাই ফাঁকি "
depressive,আপনার নাকি ? একটু ছাতা ধরতে ও বেচারা নিজ দলের কাউকে পাইলোনা এই চর্বি ওয়ালা কর্মীরা করবে আবার আন্দোলন করবে বা কেমনে বিদেশে কেউ দেশে বসে বসে শুধু অনলাইন গরম করে তবে গুজব রটানোর আন্দোলনে আপনারা সেরা এটা মানতে আপত্তি নেই 
depressive,নিকোটিনের ধোয়ায় সময় কাটে রাতে । রাতটা আমার জন্য দিন আর দিনটা রাত । 
depressive,সকালে উঠিয়া আমি মনে মনে চিল্লাই এতো বড় হইছি আমার বউ নাই কিল্লাই গুদ মন্নিং
depressive,আমারে কেউ রাতটা ফিরাই দাও আমি ঘুমাতে চাই পুরো রাত
non_depressive,তিন সিটিতে নির্বাচন কমিশন এবং প্রশাসনের একপেশে ও পক্ষপাতমূলক ভূমিকার প্রতিবাদ ভোটের অনুকূল পরিবেশ তৈরীর পরিবর্তে আওয়ামী লীগ দলীয় প্রার্থীদের বিজয়ী করার লক্ষ্যে কাজ করে যাচ্ছে নির্বাচন কমিশন : ? 
depressive,শুনে খুব খারাপ লাগলো
non_depressive,অটো পাশ নিতে থাকো বাংগালী।
depressive,হারিয়ে যাবো মায়া ত্যাগ করে হারিয়ে যাব আনন্দ বিলাস হয়ে যদি কেউ স্মৃতিতে আঘাত করে ফিরে আসবো সেই উদাসীর খোঁজে।
depressive,বয়স হবার পরেও তোর স্বভাব গুলা এখনো মাসের বাচ্চার তুই কোনোদিন বড় হবিনা জ্বালাবি বাণীতে আম্মু
depressive,আমি সময় বিচ্ছিন্ন এবং উদাস মনে আছি।হতাশা দুচিন্তা বেকারত্বের প্রধান কারণ।
depressive,দেশে কোন আইন নেই এতো খারাপ কাজ করার জামিন কিভাবে হয়।।। পরিমনির বাচ্চা পেটে ছিলো
non_depressive,সাংবাদিকদের কোন কাজ কর্ম নাই এদের বেতন দেয়
depressive,ভয়াবহ অবস্থা আল্লাহ সহায় হোন
depressive,জীবনের অনিশ্চয়তা নিয়ে আমি নিজের পথের নির্দিষ্টতা হারিয়ে গেছি যেখানে আশা একটি দীর্ঘ পালায়ন হয়ে গেছে।
depressive,ভালোবাসা অনুভব করা যায় প্রকাশ করা যায়না love you
depressive,অসম্ভব সুন্দর গল্পটা বাস্তবতা কষ্টের কেবল ভালোবাসার মানুষের আসা মধ্যেই বিদ্যমান
depressive,দক্ষিণ পরগনা জেলায় বিজেপি কর্মী খুন হওয়ার ঘন্টা কাটতে না কাটতেই আবার বিজেপির কর্মীর উপর হামলা । তৃণমূলের এমএলে বঙ্কিম হাজরার গুন্ডারা সমরেশ মাইতিকে কিডন ্যাপ করে খুন করার চেষ্টা করে কিন্তু ঠিক মুহূর্তে বিজেপির অন ্য কর্মীরা তাকে উদ্ধার করে । এখন সমরেশ হাসপাতালে চিকিৎসাধীন । 
non_depressive,সুন্দর একটি নিউজ করেছেন বাংলা
non_depressive,চোরে চোরে জানি ভাই
depressive,প্রতিবেদন দেখেই ডিপ্রেশনে চলে গেলাম
non_depressive,ওরে সরকার আইনের আওতায়া নেওয়ার ইচিত
non_depressive,মোটর সাইকেল হুট করে লেন Change করছে।
non_depressive,পরীক্ষা চাই। রণজিৎ
non_depressive,বাংলাদেশের পরিমাণ জানে।
depressive,দুবাই আসলাম আমার ট্রলি ব্যাগ ধরার অবস্থা ছিলো ভেঙে চুরমার
non_depressive,নাটক অসম্ভব সুন্দর হয়েছে।
non_depressive,খুবই ভালো একটা নিউজ।
non_depressive,দূর ফকিন্নির পোলারা এইটা কোন নিউজ
non_depressive,নামাজ পড়ুন কোরআন শরীফ পড়ুন।
depressive,শৈশবের ভয় গুলো আর বেঁচে নেই । নেই কোলাহলে খুঁজে বেড়ানো ভালোলাগার কোনো মুহূর্ত । প্রেমহীন দুপুরের ক্ষুধার্ত নির্জনতা তো নেই ই । নেই দুরন্ত বিকেলে মৃদু ছন্দে গুন গুনানি স্বভাবটা । আজো প্রেমবেলার সেই যন্ত্রণা হয়ে রইলাম তোমার । অথচ আমি তোমার শান্তি হতে পারতাম । হতে পারতাম তোমার স্বস্তি । 
depressive,আমি অনেকদিন ধরেই বলে আসছি যে বিজেপি আর সংঘী রা প্রবল ভাবে বাংলা ও বাঙালি বিদ্দেষী । কিন্তু এরা ভেবে দেখেছে এই লক্ষ বাঙালির সঙ্গে আমরাও যদি কেন্দ্র সরকারের বিরুদ্ধে যাই তাহলে সামলাতে পারবে তো ? এর বিরুদ্ধে এ রাজ্যের বিজেপি নেতারা চুপ কেন ? ভক্তদের মানসিকতা দেখুন 
non_depressive,হায়রে মানুষ বাবার আপন পৃথিবীতে কেউ নেই কথাটা মানুষ কেন বুঝে বোঝেনা সবার সকল বাবার জন্য অনেক অনেক দোয়া রইল
depressive,সৌদি নিয়োগকর্তাদের অত্যাচার কবে বন্ধ হবে ? : 
depressive,এখানে ছেলেটার অসুস্থতা বাদে প্রত্যেকটা কাহিনী আমার জীবনের সাথে মিলে যায়।
depressive,"প্রত্যাশা গুলো , কখনোই অনুতপ্ত ছিলোনা । তৃষ্ণাক্ত হৃদয় সূচনা প্রহরের প্রেমে , একটুও পিপাসিত ছিলোনা । আটপৌরের রঙিন সাজে এতখানি নিখুঁতি ভাবে ; সাজিয়েছিল বর্ণালীকে প্রীতিনিলয় , তা শুধু মিহিন আঙ্গুলের , পেন্সিলের ছবির ফ্রেমেই রয়ে গেছে , প্রিয় বর্ণালী । "
depressive,"এক একজন ৭ ১০ করে ভোট দেবার সুযোগ পাচ্ছে । সরকার ভোটাধিকার প্রয়োগের সব্বোর্চ্য সুযোগ দিছে , মেনে নিতে হবে । "
non_depressive,"সূরা আল ইমরান : যদি সারা পৃথিবী পরিমাণ স্বর্ণও তার পরিবর্তে দেয়া হয় , তবুও যারা কাফের হয়েছে এবং কাফের অবস্থায় মৃত্যুবরণ করেছে তাদের তওবা কবুল করা হবে না । তাদের জন্য রয়েছে যন্ত্রণাদায়ক আযাব ! পক্ষান্তরে তাদের কোনই সাহায্যকারী নেই । "
depressive,জীবনের অনিশ্চয়তা নিয়ে আমি নিজের পথের নির্দিষ্টতা হারিয়ে গেছি অনেক দিন ধরে আমি অশান্তির মধ্যে ভুগছি।
non_depressive,মহিলা কাউন্সিলর পার্থীর মাইকিং হচ্ছে : সকাল বিকাল রাত্রি বেলা জাহানারা আপার দরজা খুলা ! নির্বাচনী প্রচারনা যাহ বুঝার নিজ দায়িত্বে বুইজা নেন ! শুভ রাইত 
depressive,"পৃথিবীতে কারো আপন হওয়াটা খুব সহজ , কিন্তু কাউকে আপন করে পাওয়াটা খুব কঠিন একটা পৃথিবী আকটা আকাশ , কিন্তু মানুষ বহুরুপী বাবু"
depressive,দাম বাড়ে বাজারে। কিন্তু কৃষকরা কিন্তু লাপ পায় না। কৃষকরা চাষ করে নিজেরা চলতে পারে
depressive,"ছাএদল ও একটা সংগঠন ! তেইল্লাচুরা ও একটা পাখি ; ক্ষমতা হারাইলে যেমন ছাএলীগের চেলা পেলা গুলারে খুজে পাওয়া যাইতো না , ঠিক তেমনি করে ছাএদলকে ও এখন খুজে পাওয়া যাচ্ছে না বলে রাখি ছাএদল ঈদের পর তুখার আন্দোলনে নামবেআর রাজপথ ও দখল করবে তাই এখন রেস্টে আছে"
non_depressive,রাসেদ ভাইকে এমপি হিসাবে দেখতে চাই রাসেদ ভাই রাসেদ ভাই তোমার কোন নেই
non_depressive,কিছুদিন আগে আমি একজনের নিকট চিকিৎসা সম্পর্কে জানতে পারি যার মাধ্যমে নাকি একটা ছেলে সুস্থ হয়েছে। আমার বিশ্বাস হচ্ছিল না। তবে দেখতে পেলাম।
non_depressive,শাকিব খান সিনেমা ছাড়া অচল
depressive,জনগণ খেয়ে মরবে কিন্তু ঠিকমত পুষ্টি হবে জনগণের জীবন থেকে সুখ শান্তি উধাও হয়ে গেছে এটাই ঠিক বক্তৃতা বিশ্লেষণ শুনে পেট ভরবে
depressive,"দঃ পরগনার মন্দিরবাজারের ধনুরহাট অঞ্চলে বিজেপির দলিত কার্যকর্তা শক্তিপদ সরদারকে তৃণমূলের পঞ্চায়েত সমিতির সভাপতি অলোক ভট্টাচার্য ও ধনুরহাটের প্রধান প্রবীর নাইয়ার মদতে কুপিয়ে খুন করেছে মোতাহার , আনার মোল্লা , আব্দুল হক ও গৌতম মন্ডলরা । তার সংসারে স্ত্রী ও এক মেয়ে বর্তমান । "
non_depressive,ঘটনার সাথে জড়িত সবার ফাঁসি চাই
non_depressive,ভাই সত্যিকার অর্থে আমার সরকারি চাকরি করার কোন ইচ্ছাই নাই। ছোটখাটো একটা কাজ শিখতেছি ছোট একটা বিজনেস করার ইচ্ছা আছে পাশাপাশি ইনশাল্লাহ।
non_depressive,বাকি আসামিগুলোকেও জনগণের হাতে তুলে দেয়া হোক যেন তাদেরকে মেরে ফেলে কাজটি করতে পারে আমিন
non_depressive,সবার নির্দিষ্ট কাজ শিখে ফিলান্সিং করা দরকার।
depressive,দুঃখের বিষয় কৃষি পন্যের দাম বাড়লেও কৃষক মূল্য পায় লাউ  টাকা সেই লাউ  টাকা
non_depressive,তেল ভারতে পাচার হবে তাই তেলের দাম বাড়িয়েছে। তেলবাজি করতে দারুণ কথা বলতে তেলবিষয়ক মন্ত্রীকে।
depressive,দিন পরে বুঝতে পারলাম আমার সমস্যা
depressive,নিশংসতা ভুলি নাই ভুলবো
non_depressive,"এই পৃথিবীতে আমরা , কে কতোদিন বেঁচে থাকবো , এটা গুরুত্বপূর্ণ কোনো বিষয় না । গুরুত্বপূর্ণ বিষয় হলো , মানুষের মনে আমরা , কতোদিন বেঁচে থাকবো । "
depressive,অবৈধ পথের ধনী মানুষ গুলো সমাজে সম্মানীত । বৈধ পথের গরীব মানুষ সমাজে অবহেলিত । 
depressive,"আমি কাজ শিখেছি টিভিতে । পরে লক্ষ্য করেছি এক সময় অভিনেতাদের নাম বেপাত্তা হয়ে গেল । তারপর পরিচালকদের পালা । প্রযোজকদের নামও বিঞ্জাপনে ছাপা বন্ধ হয়ে গেল । সবাই সফ্টওয়্যার বানাচ্ছে অক্লান্ত খেটে , অথচ সবাই নামহীন । শিল্পনির্মাতাদের চিনিয়ে দিক চ্যানেলগুলি । এতো শিল্পীর প্রাপ্য সম্মান । "
non_depressive,কারিগরি শিক্ষার বিকল্প নাই। জাপান সিঙ্গাপুর উন্নত হয়েছে কারিগরি শিক্ষার মাধ্যমে। বেকারত্ব দূর হবে কারিগরি শিক্ষার মাধ্যমে।
depressive,তার সুখের ঘরণী হয়ে তুমি ভাবছো আমার কথা
depressive,"আমি রিক্ত হয়ে , অশ্রু জলে সিক্ত হবো , তবুও তোমাকে চাইবো না । যে অনেকের ভালোবাসা চায় , সে একজনের ভালোবাসায় তৃপ্ত নয় । যদি কোনদিন তোমার প্রয়োজন হয় , কেবল একজনের প্রকৃত ভালোবাসা । তখন আমার কাছে চলে এসো । সে পর্যন্ত সবাইকে ভালোবেসো । আর ভালো থেকো তুমি । "
non_depressive,এজন্যই টিকা থেকে দূরে ছিলাম
depressive,এখন আমি কোনো আশা উৎসাহ অনুভব করছি না।
non_depressive,সুন্দরভাবে প্রতিবেদন করেছেন। কিন্তু মেডিকেল টার্ম জেনে এইভাবে উপস্থান করাটা একটা জাতীয় টিভি চ্যানেলের জন্য লজ্জাজনক।
depressive,আমার মাথা ব্যাথা চলতেছে তাহলে কারণেই
depressive,"৪ টা নিয়ে ১ দিয়ে সব ভালো প্রমানের চেষ্টা করলো , আর আমরা অভিনন্দিত হলাম বাহ ! "
non_depressive,এসব পাহাড়ি উপজাতিদেরকে মায়ানমারে পাঠানো হোক ওরা বাংলাদেশের নাগরিক কখনোই ছিল না ওদের বার্মার থেকে আসছে
depressive,বাংলাদেশের কক্সবাজারে কেন বাড়ছে পাহাড় ধসের ঝুঁকি ? : 
depressive,এতো দিন আপনাদেন চোখে পরলো
depressive,আলেমদের রিমান্ডে নেওয়া এবং অন্যায়ভাবে কারাগারে পাঠানোর নিয়ম আাছ অনৈতিক কাজে জড়িতদের ব্যাপারে আদালত একটু বেশি বেশি আবেগী
non_depressive,ভাই আমাদেরকে ভাইরাল করে দিছে
depressive,আমাদের জীবনে কোনো স্থিরতা নেই শুধু বিচ্ছিন্নতা অস্থিরতার মধ্যে আমরা স্থিতিশীল।আর কষ্ট দিবিরে তোরা বাঙালি
depressive,ডাক্টাররা যেই হারে কসাইকেও ছাড়িয়ে যাচ্ছে সেই হারে সাধারণ জনগণ কুসংস্কারের আশ্রয় নেওয়া ছাড়া কোনো উপায় পেয়ে এইসব করতে অনেকটা বাধ্য হয়।
non_depressive,পাঠক মেডাম আপনি যেনো আবার এমনটা করে ফেলেন
non_depressive,"অরন্যদেব ছবিতে যে ছিল আমার কন্যা , সে আজ থেকে ভূমিকন্যা "
non_depressive,ভদ্র হয়ে বিপদে পরলাম কাউকে তার প্রাপ্প গালিটুকুও দিতে পারি
non_depressive,জন্যই ইসলাম জানা এবং মানা উচিত
non_depressive,টিভির চ্যানেল গুলা নিউজ পায়
depressive,কক্সবাজার পৌরসভা নং ওয়ার্ডে ভোটার হাজার নৌকা একা পেয়েছে হাজার কয়লা গায়েব হয়ে উড়ে যায় গায়েবী ভোটে নৌকার বাক্স ভরে যায়
depressive,সকালে উঠিয়া আমি মনে মনে চিল্লাই এতো বড় হইছি আমার বৌ নাই কিল্লাই
depressive,"কাজ চেয়েছে ৪৭৬৩টি পরিবার । কাজ জুটেছে ২২৯১টি পরিবারের । গড় কাজ জুটেছে ২৮ দিন । বরং কাজের খোঁজে পঞ্চায়েতে গিয়ে গিয়ে হয়রান মানুষ । কেন ? উদাহরণ , সিঁজুয়া । সেখানে জবকার্ড আছে ৩২৬১টি । কাজ জুটেছে ৩টি পরিবারের । বছরের প্রায় চার মাস ইতোমধ্যেই পেরিয়ে গিয়েছে । তবুও । ২ ৩ "
non_depressive,এরাই নাম সোনার বাংলাদেশ
non_depressive,সরকার চাইলে সবি করতে পারে কিন্তু তারা এসব চখে দেখে না।
non_depressive,বাজার নিয়ন্ত্রণে চীনা ফর্মুলা অনুসরণ করা উচিত। সরকার মাঠ পর্যায় আমদানীকারকের থেকে যাবতীয় পণ্য কিনে নিয়ে সরকারি ভাবে জনগণের কাছে বিক্রি করে
non_depressive,এটা কবে কার খবর
depressive,মডার্না টিকা গ্রহণ করে আমি এখন লিভার এবং ব্রেন স্ট্রোক জনিত সমস্যায় ভুগতেছি
non_depressive,তাদেরকে কঠিন শাস্তি দিয়ে ফাঁসি দেওয়া হোক
depressive,টিকা দেওয়ার থেকেই অসুস্থতা বেড়েছেএত অসুস্থ আগে হয়নি
depressive,লেখা পড়ে মনে হচ্ছে আমাদের জীবনের অত্যন্ত দুখজনক অধ্যায় শুরু হয়েছে। আসুন দেশটাকে গিলে খাই ভাত উপর চাপ কমাই
depressive,দুঃখ জনক ঘটনা আল্লাহ তুমি সবাই ভালো ভালো রাখো।
non_depressive,"যে অনুসরণ করে সে নানা ছদ্মবেশ ধরে অনুসরণ করবে , হাজার বাঁধা বিপত্তি ডিঙিয়েও অনুসরণ করবে । "
depressive,ভাইয়া আমরা শারীরিক প্রতিবন্ধী চাকরির হয় হবে কি। চাকরির ডাক পত্রিকা উল্লেখ করে যে। শারীরিক প্রতিবন্ধী পাবে কাছে প্রশ্ন
non_depressive,"আলেম ওলামাদের সাথে নিয়ে টেবিলঘড়ি মার্কার সমর্থনে বন্দর বাজারে চলছে , মেয়র প্রার্থী এড জুবায়েরের গণসংযোগ "
non_depressive,হাইরে হলুদ মিডিয়া
depressive,মনের অন্ধকারে হারিয়ে গেছি নিজের বিশ্বাস করা হচ্ছে না।
non_depressive,ভালো হইছে যারা আমেরিকা বাড়ি গাড়ি করে বিলাসিতা করে জীবন যাপন করে তাদের এদেশের মানুষের সাপোর্ট পাওয়াই উচিত।
non_depressive,আল্লাহর রহমতে আছি।
non_depressive,শিক্ষার্থীদের অন্তর থেকে ধন্যবাদ।
depressive,আমাদের জীবনে অপেক্ষা বিপর্যয়ের সীমানা এখনো নেই। এখনো বিশ্বাস করতে চাই আমরা ঠিক হবে।
depressive,দুনিয়া আল্লাহ আপনি দুনিয়া কেয়ামত করে দিন
non_depressive,মেয়েদের বলছি ভালো একটা নামাযি ছেলে দেখে বিয়ে করে ফেলুন আপনারা। তাহলেই আশা করি ভালো হবে এবং আল্লাহ তায়ালার অশেষ রহমতে ভালো থাকবেন
non_depressive,"ইব্ ন আবূ আওফা রাঃ তিনি বলেনঃ রাসূলুল্লাহ্ সাল্লাল্লাহু আলাইহি ওয়া সাল্লাম বলতেনঃ আরবি হে আল্লাহ্ ! আমাকে বরফ , মেঘের পানি এবং ঠাণ্ডা পানি দ্বারা পবিত্র করুন । হে আল্লাহ ! আমাকে পাপ থেকে এরূপ পবিত্র করুন যেরূপ সাদা কাপড় ময়লা থেকে পবিত্র করা হয় । সুনানে আন নাসায়ী , "
non_depressive,"মদ বিক্রেতাকে কারো কাছে যেতে হয় না , কিন্তু দুধ বিক্রেতাকে বাজারে যেতে হয় , আমরা সর্বদা দুধ বিক্রেতাকে বলি দুধে পানি মেশাওনি তো , অথচ মদে মানুষই পানি মিশিয়ে খায় । আজ পর্যন্ত মানুষকে এইটুকো চিনলাম জানোয়ার বললে ক্ষেপে যায় , আর বাঘের বাচ্ছা বললে খুশী হয় অথচ দুটোই পশু । মানুষ বড়ই আজব ! "
depressive,হেক্সিসলের গন্ধে আমি তোমার গন্ধ পাইনা অসাধারণ অভিনয় জীবনের প্রতিটি অধ্যায় মানুষকে ভাবায় জীবন ভয়ংকর সুন্দর মৃত্যু আরও বেশি সুন্দর
non_depressive,আলহামদুলিল্লাহ নিয়েছি আল্লাহর রহমতে সুস্থা আছি
non_depressive,ক্ষমতায় থাকলে অনেক কিছুই বলা যায়
depressive,ভালো জিনিসের ভ্যালু কোনদিনও পাইনি দেশের মানুষ
non_depressive,নিউজ খুঁজে পায়
non_depressive,জুন  জীবনের সবথেকে স্মরণীয় দিন
depressive,আয় বিজেপি দেখে দেখবি জ্বলবি কান্না সারা দেশের
depressive,আসলে আমাদের দেশে যেকোনো অপরাধগুলো সঠিকভাবে বিচার হয়নি বলে দিনেদিন অপরাধ করে যাচ্ছে আল্লাহ তায়ালা আমাদের সবাইকে বিপদমুক্ত রাখুন
depressive,পাড়া ছেলে ব্যবসায়ী সুখি বিবাহিত জীবন কাটাচ্ছে। আমরা শিক্ষিত হয় ভয় পাই বলি নিজের পায়ে দাঁড়াতে বেকার বসে থাকতে
depressive,চারিদিকে শুনি উন্নয়ন উন্নয়ন তাহলে জোর করে সিল মারার প্রয়োজন
non_depressive,আল্লাহ আপনি আওয়ামী লীগ থেকে সবাইকে হেফাজত করুন।
non_depressive,দেশ জাতির জন্য আনন্দের সংবাদ।
non_depressive,সন্ত্রাসীদের বিরুদ্ধে অচিরেই আইনি পদেক্ষেপ নেওয়া হোক
non_depressive,বাংলাদেশেও বক্স অফিস আছে
depressive,পাহাড়ি অঞ্চলগুলোতে প্রায় অপহরণছিনতাই কথা শোনা যায়
depressive,আমি সময় অনুমান করি আমি কোনও সুযোগ হারাচ্ছি।কাজের মানসিকতা সম্পন্ন কোন শিক্ষিত সমাজ পাবোনা বেকারত্বের ভুগবে
depressive,আমি আমার জীবনে অনেক সময় সম্পর্কে ভ্রান্তি মনে করি আমি জানি যদি সত্যি সম্পর্কে অপেক্ষা করতে পারি।
depressive,এগুলো কোনো নিউজ হলো বয়কট করলাম আপনাদের পেইজ
depressive,"মানিক সরকার : প্রতিশ্রুতিভঙ্গের জন্য সাধারণ মানুষ যাতে আঙুল তুলতে না পারে , তাঁদের মন অন্য দিকে ঘোরাতেই দেশজুড়ে বিনা কারণে গুজব রটিয়ে গণপিটুনি ঘটানো হচ্ছে । আর এর পিছনে রয়েছে বিজেপির বৃহত্তর ষড়যন্ত্র ! : "
non_depressive,উনি মতে বঙ্গবন্ধুর আদর্শের সৈনিক হতে পারে গান তার গোয়ায় দেয়া হোক
depressive,আমি সময় অনিষ্ট ভাবি আমার ভবিষ্যতের সম্পর্কে।হতাশা দুচিন্তা বেকারত্বের প্রধান কারণ।
depressive,নিজের একটি চোখ বিক্রি করে আইফোন কিনে সবাইকে দেখিয়ে বেরাচ্ছেন আমাদের নিমা পরোটা বাবা সার্টিফিকেট দিয়ে আমি করবো মনে চায় মরে যাই
non_depressive,আরো ভালো হতো গরম পানিতে ভিজিয়ে রাখলে
non_depressive,কতটুকু সত্য মিথ্যা সেই ভাল করে তুলে ধরা
depressive,আমি সময় অনুমান করি আমি অন্যের মতো হতে পারছি না।আমি সময় অনুমান করি আমি যেটা প্রয়োজন তাতে আমি সেটা করতে পারবো
depressive,মধ্যযুগীয় বর্বরতা বলতে কিছু নাই সত্যিকারের বর্বরতা জামানায় আমরা দেখছি
non_depressive,ঈশ্বরচন্দ্র বিদ্যাসাগরের প্রয়াণ দিবসে শ্রদ্ধার্ঘ্য 
non_depressive,আলহামদুলিল্লাহ বিদেশে থেকেও টিকা দিনাই কিসের টিকা আল্লাহ বাঁচালে বাচবো আল্লাহ ভরসা
depressive,সকালে উঠিয়া আমি মনে মনে চিল্লাই এতো বড় হইছি আমার নাই কিল্লাই গুদ মন্নিং
non_depressive,থামনাল সাথে নিউজ মিল নেই
non_depressive,রোগ থেকে আল্লাহ তাআলা আমাদের সবাইকে হেফাজত করুক
depressive,বাংলা দেশ উন্নয়ন দেশ মানুষ খেয়ে মরে
non_depressive,আস সালামু আলাইকুম ওয়া রহমাতুল্লাহি ওয়া বারাকাতুহ 
non_depressive,ইয়াস ভাই বরাবরই ভালো লাগে সাথে তটিনী অসাধারণ। আফরান নিশো তাওসিফ মাহবুব পরে ইয়াশ ভাই আমার কাছে সেরা
depressive,অনেক সময় মনে মুক্ত হওয়া ভাবটি মুখ খুলতে দিচ্ছে যেন সময় কাটানোর মুখ খুলা যায় না।
non_depressive,উদ্যোগতা হতে অর্থের প্রয়োজন হয়।পড়ালেখা শেষকরে ব্যাবসা করার জন্য বাংকলোন পাওয়া যায় না।বাংকগুলো সহজ সর্তে লোন দিলে উদ্যোগতা বাড়ত।
non_depressive,খোঁজ নিলে দেখা যাবেওখানে উনার পারিশ্রমিকই কোটি টাকাআর সিনেমার খরচ লাখ টাকা
depressive,"এদেশের ইতিহাস আওয়ামীগের কল্যানে রুপকথার গল্পে পরিণত হয়েছে ! গোপালঞ্জের একজন হলেন ভ্যান চালক হতে পাইলট , আর একজন ভ্যানচালক থেকে কোটিপতি কলারোয়ার যুবলীগ নেতা । : "
depressive,ধর্মীয় অনুশাসন মেনে চললে এসব কিছুই হবে না।
non_depressive,স্যার আপনার সাথে একদিন দেখা করার অনেক ইচ্ছা আমার মনে আপনি একজন Wholesome মানুষ। আপনার সাথে কথা বলে অনেক কিছু শিখতে পারবো জানতে পারবো।
non_depressive,ওমা সাংঘাতিক বিষয়
depressive,আচ্ছা depression অল্পতেই খুব কান্না পায়
non_depressive,আল্লাহ সবাইকে হেদায়েত দান করুন আল্লাহ যেন ওনাকে তাড়াতাড়ি সুস্থ করে দেয়
depressive,যেখানেই যাই তোমার স্মৃতিগুলো ভীষণ মিস করবো।ভালো থেকো আমার হওয়া সংসার
non_depressive,আসলে অসংখ্য ধন্যবাদ ভারত কয়েকদিন আগে ভারত ঘুরে আসলাম
depressive,যদি চিকিৎসাধীন অবস্থায় মারা যায় তাহলে বলবে লাইফ সাপোর্টে রোগীকে রাখা হয়েছে। বাড়িঘর বিক্রি করে টাকা নিয়ে আসেন
depressive,"ওয়েস্টইন্ডিজে মাশরাফি ভাই লুঙ্গি পরে হাঁটছিল , ছবিটা আমাদের সাংবাদিকরা ভাইরাল করল ! এরপর দেশীয় কিছু আবাল , ছাগল সমালোচনায় মত্ত ! আরে ছাগলের দল এটা আমাদের জন্য গর্বের ! কারণ বাংলাদেশীদের ঐতিহ্যবাহী বস্ত্র এটা ! হায়রে দেশের মানুষ ! "
non_depressive,এখনো সময়ই আছে ইসলামের পথে চলেন
non_depressive,আলহামদুলিল্লাহ টি টিকা নেওয়ার পরে সুস্থ আছি। ভালো রাখার মালিক মহান আল্লাহ
depressive,সময় সংবাদের নিউজ দেখলেও মানুষ ডিপ্রেশন থাকে
non_depressive,সত্যি খুবই কস্টের বিষয়
depressive,বালিকা এমন ফটো দেখলে মনের ভিতর গোলাপফুল ফুটে অপেক্ষার প্রহর গুনে কবে শুভাশ ছডাবে আমার কবে হবে
non_depressive,"জার সাথে মায়ের দোয়া থাকে তাকে কেউ হারাতে পারে না সেই জত বড় শক্তিশালী হোক না কেন ! মায়ের ভালো বাসায় জিতিয়ে দিয়েছে আরিফুল হক চোধুরীকে অভিনন্দন তোমাকে , আসল পিরের দোয়া দেখুন সিলেট বাসি এখন বুজবেন আসল নকল পির এখনো সময় আছে সঠিক পিরকে চিনে মূল্যায়ন করুন "
depressive,তিব্র নিন্দা পতিবাদ জানাচ্ছি সঠিক বিচার করা হোক
non_depressive,এদের বিচার আল্লাহ করবে আল্লাহ ছাড় দেয় ছেড়ে দেয়না
depressive,সাংঘাতিকদের যখন নিউজের অভাব
non_depressive,আল্লাহ আপনি আমাদেরকে সুস্থ রাখুন আমিন
non_depressive,"সিলেট সিটি নির্বাচনে ধানেরশীষের সমর্থনে সর্বশেষ গনসংযোগে বিএনপি চেয়ারপার্সনের অন্যতম উপদেষ্টা , সিলেট ১ আসনের মা , মাটি ও মানুষের নেতা খন্দকার আব্দুল মুক্তাদির ভাই । "
non_depressive,সমপত্তি বিক্রি করে ক্ষতিগ্রস্ত পরিবারগুলোকে দেওয়া উচিৎ ছিল সরকার।
non_depressive,অভিনয় খুব ভালো ছিলো হৃদয় ছুঁয়ে গেছে
depressive,আমি আমার নিজের মধ্যে একটি অদৃশ্য দুষ্টু মুখ মানতে চাই আমাকে হাস্যকর করে দেয়।টাকা থাকলে শান্তিতে মরাও যায় ভাই। এটাই সত্যি
non_depressive,শুভ রাত্রি সকলকে ভালো থাকো সুস্থ থাকো সকলে 
depressive,সত্যি কষ্ট কেনো তোমাকে পাওয়া হয়নিতাই চোখ দিয়ে পড়া থামেনিএই নাটক দেখে
depressive,নতুন প্রজন্ম যারা ইউরোপযুক্তরাষ্ট্রের পথে দিবে তাদের জন্য এটা শিক্ষামূলক সিনেমা।এটা আমাদের সবার দেখা উচিত।বাংলাদেশের মানুষ সাকিব খানে আটকে আছে।
depressive,ডিপ্রেশন আছেন নামাজ পরেন। আপনার খারাপের কথা আল্লাহ তায়ালা বলেন দেখবেন ডিপ্রেশন কোথায় পালাবে বুঝতে পারবেন না।
non_depressive,"আপনার কাছে কোন জেলার ভাষা বেশি কঠিন মনে হয় এবং কথাগুলো বুজতেও সমস্যা হয় ? নীচে জেলার নামগুলো দেওয়া হলো , তো আর দেরি নয় এখনি আপনার মূল্যবান ভোট দিয়ে সেই জেলাটিকে নির্বাচিত করুন । "
non_depressive,আমার সাথে গুলোই মিলে যাচ্ছে
depressive,তোমাকে ভালবেসে আমি কষ্টের পৃথিবীকে চিনেছি তুমি অনেক দূরে হয়তো বেশ ভালো আছো ভালো থাকাটাই স্বাভাবিক
depressive,সময় চলে যাচ্ছে এবং আমি আমার স্বপ্ন হারিয়ে যাচ্ছি এটি খুব দুঃখজনক।
depressive,"কোন এক নিঝুম রাতে , ঝাউ বনে চাঁদের আলোতে । গান গেয়ে যায় একটি ছেলে , একরাশ বেদনা বুকে নিয়ে । তার সেই গানতো কেউ শোনেনা , হতাশার কথাতো কেউ জানেনা ! তবুও তার আশার প্রদীপ তো নেভে না ! যদি ফিরে পায় সেই হারানো দিন ! কোন এক নিঝুম রাতে , জীবনের অপর এক প্রান্তে । বসে থাকে একটি মেয়ে , ছেলেটির "
depressive,বাঙালি তোদের ছেড়ে দেবে ভেবেছিস বাংলাপক্ষ জয়বাংলাএ কান্না সারা দেশের
depressive,এইসব ফাইভ বুলেট ট্রেনের স্বপ্ন আছে বলেই আমরা বাসের পাদানিতে টেম্পুর পাদানিতে গাদাগাদি করে দাঁড়িয়ে প্রতিদিন চলাফেরা করতে পারি
depressive,"আমি চাঁদ দেখে হিংসায় মরে যাবো , পাশের ব্যালকনিতে স্বপ্ন বোনা মেয়েটা মুচকি হাসুক । আমি নাহয় অসহ্য একটা চাপা ক্রোধের হিসেব চালাবো ঈশ্বরের সাথে , কিছু অফ হোয়াইট কাগজে কড়া ডোজের তালিকা ! এভাবেও ভাল থাকে , ঠিক থাকে আলবৎ থাকে ! "
non_depressive,অসাধারণ অসাধারণ অভিনয় করেছেন ইয়াশ রোহানতটিনির অভিনয় ভাল ছিল। অসাধারণ ছিল প্রতিটি সংলাপ উইদাউট স্কিপ নাটক দেখলাম নাটকের রেশ অনেক দিন থেকে যাবে মনে
non_depressive,আপনার ভিডিও গুলো খুব ভালো লাগে।
non_depressive,এইসব আবার কারা রাকিব কোনো নায়ক টায়ক
depressive,গরীবের বাদশা সাথে কিংবদন্তি মাহফুজুর বহমান টিএসসি চুমাচুমির ঘটনার তীব্র প্রতিবাদ জানিয়ে গান গাচ্ছেন ওস্তাদ মাহফুজুর বহমান পরোটা বাবা
depressive,আমি যেটা করতে চাই করতে পারি যেটা করতে পারি চাই না।
non_depressive,"চারিদিকে শুনি উন্নয়ন আর উন্নয়ন , তাহলে জোর করে সিল মারার কি প্রয়োজন "
depressive,নিকোটিনের ধোয়ায় সময় কাটে রাতে রাতটা আমার জন্য দিন দিনটা রাত ।এত সার্টিফিকেট দিয়ে আমি করবো মনে চায় মরে যাই
depressive,এমন উন্নয়ন দিয়ে হবে যদি সাধারণ দুই বেলা ঠিক মতো খেতে পারেন চাই এমন উন্নয়ন
non_depressive,বছর মেয়াদী উদ্দেগ গ্রহণ করতে হবে এসএস পযর্ন্ত সকল ক্লাসে বিঙ্গান বিষয় থাকতে হবে। এসএসসির পরে সকল পর্যায়ে কারিগরি শিক্ষার সুযোগ করে দিতে হবে
depressive,ইয়া আল্লাহ জীবনে বড় ভুল করে ফেলেছি এখন ভুলের মাশুল দিতে হচ্ছে
non_depressive,কোথায় কোথায় পেটালো জাতি দেখতে চায়
depressive,রান্না করে খেয়েছে কথাটা কেন গপন করলেনসত্য কথা বলতে আপনারা পান নাকি
non_depressive,পিয়াজ আছে। খাব দিন।
depressive,সালে পুরাতন সিলেবাসে পড়ছে এখন  সালে নতুন সিলেবাসে কিভাবে পরীক্ষা দিবে
non_depressive,হতে পারে এইতা নগদ নতুন ক্যাম্পেইন
depressive,এভাবে চলতে থাকলেআমরাও মরবো চোরেরাও মরবে।আল্লাহ তায়ালা ধরনের চোরদের থেকে মানব জাতিকে হেফাজত করুক
non_depressive,এমন মানুষদের কঠিন সাজা হওয়া উচিত।
non_depressive,এটা বাংলাদেশ এখানে টাকার বিনিময়ে প্রশাসন কিনে সম্ভব
non_depressive,প্রথম কোনো নাটকে কমেন্ট করলাম এতো সুন্দর নাটক অভিনয় বলার মতো চোখের পানি ধরে রাখতে পারিনি তটিনী আপু আমার খুবই পছন্দের একজন অভিনেত্রী
non_depressive,আমরা যারা কমেন্ট পড়িসরকার চায়লেই আমাদের একটা ভাল বেতন দিতে পারে
depressive,দিনে দিনে আমার জীবন অনিয়ান্ত এবং অনিশ্চিত হয়ে আসছে এটা যদি স্থায়ী হয় তবে এটা কিছু প্রতিকূল আকর্ষণের চিহ্ন হতে পারে।
non_depressive,সোনার বাংলা সোনার ডিজিটাল বিজ্ঞান
non_depressive,এরা আবার কিশোর গ্যাং লিড দেয় কিনা প্রশ্ন রয়ে গেলো।
depressive,বাসের তলায় পিষছে মানুষ হাসছে নরপিশাচ তিন তিনটা লাশ পরেছে কির পোলা লাশ চাস
depressive,বাবা মায়ের স্বপ্ন পূরন করতে পারলাম
non_depressive,সরকারের দরকার বাড়িটা খুব যত্ন হবে রাখার যাতে কেউ যাতে এটার উপর আঘাত করে বাংলাদেশে ইতিহাসের কিছুই থাকে
non_depressive,বিচার নাই আল্লাহর কাছে বিচার দেন
depressive,আমি সময় বয়স সময় নিয়ে চিন্তিত হয়ে থাকি আমার জীবনের পরিকল্পনা উদ্দেশ্য ছিল এবং এখন নেই।
non_depressive,আল্লাহ ভরসা। সবাই আল্লাহ পাক সুস্থ রাখুক আমিন
depressive,জ্ঞানের ফেরিওয়ালা সালাম তোমায় অভাগা এইদেশে জ্ঞান আহরণের সুযোগটুকুও নেই তোমারএত সার্টিফিকেট দিয়ে আমি করবো মনে চায় মরে যাই
depressive,আমার মনে হয় আমি কিছু হারানোর পথে আছি।
non_depressive,কুরআন একমাত্র আলোর
non_depressive,"মানুষের আসল রঙ তো মনের ভিতর , বাহিরের রঙ তো মরিচিকা যা একদিন ফুরিয়ে যায় । "
depressive,জীবন চলছে সোজা পথে
depressive,"হে আল্লাহ , বৃষ্টিটা একটু থামাও সবার তো আর ঘরে বউ নাই । "
non_depressive,টাকা কিভাবে খরচ হয়েছে একটা লিস্ট চাই
depressive,কান্না শুধু তাদের সহপাঠী পরিবার আত্মীয় স্বজনের নয় কষ্ট দিবিরে তোরা
non_depressive,অসাধারণ অভিনয় আমাদের প্রিয় মানুষটি যেন কখনও হারিয়ে যায়।
non_depressive,যখন রাগ মাত্রা বেড়ে যায় তখন বিবেক কাজ করে না 
non_depressive,আজ আন্তর্জাতিক বাঘ দিবস । আপনি কি বাঘপ্রেমী ? আমাদের এই রাজকীয় জাতীয় পশু নিয়ে খানিক পাগলামো আছে ? তা হলে এই প্রদর্শনীতে অবশ্যই ঘুরে আসুন । ভালো লাগবে । ৩১ জুলাই পর্যন্ত প্রদর্শনী চলবে গগনেন্দ্র শিল্প প্রদর্শশালায় । সময় দুপুর ২টো থেকে রাত ৮টা । ভিডিয়ো : 
depressive,বাংলাদেশ ছেড়ে যারা ভারতে গিয়েছে তারা প্রকৃতপক্ষে ভারতকেই নিজেদের দেশ মনে করে আগাছা পরগাছা থাকাটাই ভালো
non_depressive,কাজী হায়াৎ ওরফে হায়াতুজ্জামান মুভি বলে কথা
depressive,টেস্টে বাজে খেলায় খেলোয়াড়দের অশ্লীল ভাবে গালি দেয়া ছেলে মেয়ে গুলার মূখে এখন প্রসংশা ফুল ফুটে অদ্ভুত
depressive,এটার ভুক্তভোগী আমি নিজেই। প্রথম থেকেই বুঝেছিলাম দ্রুত কোন ঔষুধ বাজারে আসে মানবদেহে ক্ষতি হবেই। সাথে যুক্ত ছিলো আন্তর্জাতিক বানিজ্য রাজনীতি।
depressive,কিছুদিন ধরে আমি খুব সময়ে ঘুমাচ্ছি এবং খাদ্যের স্বাদ বোঝতে পাচ্ছি না।
non_depressive,আল্লাহ চাইলে সবি সম্ভব আল্লাহ সবাইকে হেফাজত করুন
depressive,আমি সময় অনুমান করি আমি নিজের সাথে অসন্তুষ্ট।আমি সময় অনুমান করি আমি যেটা প্রয়োজন তাতে আমি সেটা করতে পারবো
depressive,আমাদের দেশের কসাই চিকিৎসা ব্যবস্থা থেকে এইরকম ভালো
non_depressive,শিক্ষার পরিবর্তন প্রয়োজন। কারিগরি শিক্ষাপ্রতিষ্ঠান গুলো অযোগ্য শিক্ষক আছে।আমি এখানে পড়াশোনা করেছি আমি জানি।
non_depressive,"মানুষকে ধোকা দিয়ে কী লাভ , একদিন তো নিজেকে এই ধোকার সমমুখী হতে হয় । নীল "
non_depressive,কিছুই বাটপারি চালান। আল্লাহ যাকে ভালো রাখেন তার কিসের।
depressive,"মানুষের প্রতি মানুষেত দরদ দিন দিন কমলেও , কুত্তা বিলাই এর প্রতি মানুষের দরদ দিন দিন বাড়তেছে ! "
non_depressive,আলহামদুলিল্লাহ আল্লাহর রহমতে ভালো আছি
non_depressive,যারা এভাবে ডিউটি করে ওদেরকে বহিষ্কার করা দরকার
depressive,ডিপ্রেশনে আমি ভুগছি অনেকবার আত্মহত্যার চেষ্টা করেছি বেঁচে থাকতে চায় যার রোগ হয় সেই বোঝে জীবনটা কঠিন।
depressive,"টানা ৩০ ঘন্টা ঘুমহীন থাকার পর , টানা ১৯ ঘন্টা ঘুম শেষে ডিউটিতে আসলাম তাও শান্তি নেই , চোখমুখে আন্ধার দেখতেছি , আবার ঘুম আসে , আগের রেকর্ড ছিল ১৬ ঘন্টা , নতুন রেকর্ড ১৯ ঘন্টা , মাঝেমধ্যে নিজেকে অসুস্থ মনে হয় , একজন সুস্থ মানুষ কি টানা ১৯ ঘন্টা ঘুমাইতে পারে , "
non_depressive,"গতকাল ওয়েস্ট ইন্ডিজের ব্যাটসম্যান হেটমেয়ার রুবেলের বলে বাউন্ডারি মারার পর রুবেল তাকে উদ্দেশ্য করে গালাগালি করেন , যা স্টাম্পে লাগানো মাইকের মাধ্যমে নিশ্চিত হয়েছে আইসিসি আচরণবিধি লঙ্ঘনের দায়ে রুবেল হোসেনকে আইসিসি একটি ডিমেরিট পয়েন্ট দিয়েছে । রুবেল তার দোষ স্বীকার করেছে "
non_depressive,"পরস্পর জানতে পারলাম যে , শুক্রবারের ভোরের বাাতাস আলসেমীর জীবাণু দ্বারা দূষিত থাকে ! "
depressive,আগে ছিল কম্বল চোর এখন হয়েছে কয়লা চোর সোনার বাংলা এখন সোনা চোরের বাংলা
non_depressive,দেশ জাতির জন্য গুরুত্বপূর্ণ নিউজ
non_depressive,প্রশাসন যখন প্রতি বছর নিলামে বিক্রি তখন তারা করবে
depressive,এখানে আমি থাকতে চাই নাহেকক্সিসেলের গন্ধে তোমার গন্ধ পাই নাআহ্
non_depressive,আলহামদুলিল্লাহ একটু একটু করে কাটিয়ে উঠতে পেরেছি। বাকিটুকুও পারব ইনশাআল্লাহ
depressive,যায় দিন যায় রাত থাকি দিশেহারা তরে ছাড়া বড় একা একা লাগে তরে ছাড়া
depressive,ফসলের দাম নেই কিষান মান্ডি গুলো চালু নেই শূন্যপদে নিয়োগ নেই শিল্পে বিনিয়োগ নেই
depressive,"সত্যিই হাবুলের সময় তা খুব খারাপ যাচ্ছে । মেদিনীপুরে দিলু গোয়ালার সঙ্গে ঝামেলা , নিজের কেন্দ্রে মিটিংয়ে ডাক না পাওয়া , আবার এটা । গোদের উপর বিষফোঁড়া । "
depressive,এগুলো বাদ দিয়া চাষাবাদ দাও নিজের উন্নতি হবে সাথে দেশের
depressive,আগে বারতো তবে এখন কেনো বারে এটা সরকার দেখবে না।তেলের দাম বারর সাতেসাতে জিনিসেরি দাম বারল এটা
depressive,আমি সময় অনুমান করি আমি অন্যের জন্য অপরিচিত।আমি সময় অনুমান করি আমি যেটা প্রয়োজন তাতে আমি সেটা করতে পারবো
depressive,সাকিব ক্যাচ মিস করে ছক্কা বানায়া দিলো রুবেল নাম্বার উইকেট পাওয়া থেকে বঞ্চিত
non_depressive,জারা এমন কাজ করচে এদের সাতে জারা জরিত আচেতাদের ফাঁশি অল্প সময় মদ্দে চাই সবাই
depressive,হায় আল্লাহ মুফতি কাজী ইব্রাহিম হুজুর টিকার পার্শ্বপ্রতিক্রিয়া নিয়ে কথা বলায় তাকে জেল জুলুম নিন্দা সইতে হয়েছিল।
non_depressive,আমি বুঝি না জনগণকে ভোট যখন দিতেই দিবে না তাহলে নির্বাচন দেয়ার প্রয়োজনটা কি সরকার কি বলবে আমরা জানি কিন্তু এইবার নির্বাচন কমিশন নুতন কি বলবে তা শোনার অপেক্ষায় : ব্যালট বইয়ে পুরোটাতেই নৌকায় সিল
non_depressive,ঈমানী কথা বলার কোন ইতি নেই ! যতো বেশি আলোচনা হবে উম্মতের ঈমানী জযবা ততো বেশি পয়দা হবে । 
depressive,আমরা ছাত্ররার সবথেকে ভুক্তভোগী। কারণটা আমাকে বলতে হবে আশাকরি সবাই বুঝতে পারছেন এখন বলবেন আপনারা
depressive,স্বার্থক জন্ম আমরা জন্মেছি দেশে রাস্তায় মানুষ মরে মন্ত্রী সাহেব হাসে হায় আফসোস কান্না সারা দেশেরএত অস্বস্তি
non_depressive,নিউজ পায়না হলো বাংলাদেশের সাংবাদিক
depressive,কষ্ট দুনিয়াতে বিদায়
non_depressive,ডিজিটাল বাংলাদেশ ছিছিছি বাংলাদেশের পুলিশ
non_depressive,কোন রাকিব হাসান ওইযে টয়লেটে ভিতরে ভিডিও বানায় অইটা
depressive,ওয়ার্ড নেতারই অবস্তা জানি উপজেলা নেতা হইলে করবে।
non_depressive,তৃতীয় শ্রেণির দেশ কাংলাদেশে অস্বাভাবিক কিছু
depressive,বাঙালি তোদের ছেড়ে দেবে ভেবেছিস কষ্ট দিবিরে তোরা
non_depressive,চমৎকার অভিনয়। অসাধারণ।
depressive,বালিকার জন্য গেছিলাম ফ্রান্সের বিখ্যাত ভালোবাসার সেতুতে তালা ঝুলাইতে ভাগ্যের নির্মম পরিহাস সেখানে তালা ঝুলানোই নিষেধ করে দিছে
depressive,ভাই দব্রমুল্য দাম বারলে সরকারের কিছুই করার থাকেনা তবে সরকারে করনিও হলো সরকারি বেসরকারি চাকরি জিবিদের বেতন বাজারের সাথে মিল রেখে বারানো হোক
depressive,পদে থাকলে বিচার হচ্ছেনা নিশ্চিত।।।।।।
depressive,আমি সময় মনে করি আমি ব্যারিস্টার হতে পারি না।
depressive,বেসরকারি চাকরিরও সুনির্দিষ্ট নীতিমালা থাকা উচিত। চাকরিতে নিশ্চয়তা থাকার কারণে সবাই সরকারি চাকরির পেছনে ছোটো। ফলে বেকার সমস্যা বেড়ে যাচ্ছে।
depressive,আসলে আমাদের দেশে যেকোনো অপরাধগুলো সঠিকভাবে বিচার হয়নি বলে দিনেদিন অপরাধ করে যাচ্ছে আল্লাহ তায়ালা আমাদের সবাইকে বিপদমুক্ত রাখুন
depressive,সময় টিভি কাল ডিপ্রেশন নিয়ে কাজ করছে
depressive,আমরা মেয়ের ইচ্ছা পূরণের জন্য কিছু দরকার তাই করার চেষ্টা করতেছিলাম ।এত সার্টিফিকেট দিয়ে আমি করবো মনে চায় মরে যাই
depressive,নিউজ দুর্ভিক্ষ বাংলাদেশ
depressive,নতুন নিয়মে শিক্ষা আসিয়া লাভ হবে শিক্ষার অবস্থা খুবই খারাপ হয়ে গেছে
depressive,"চারিদিকে শুনি উন্নয়ন আর উন্নয়ন , তাহলে জোর করে সিল মারার কি প্রয়োজন "
non_depressive,আল্লাহ আপনাদের হেফাজতে রাখুক আমিন
depressive,আমি সর্বদা খুব বিরক্ত। কোন কারণে আমি সময় নিরুদ্দিপ্ত মনে হয়।হতাশা দুচিন্তা বেকারত্বের প্রধান কারণ।
non_depressive,এদের ফাঁসি দেয়া উচিত
depressive,তাহলে চিন্তা করো যায়া বস্তাবন্দি থাকে তাদের কেমন লাগে
depressive,৯ টাকায় অথচ ৭০ টাকা চালের কেজি ২০ ২৫ টাকায় চাউলের কেজি দেন । ক্ষুধার্ত পেট ইন্টারনেট বুঝে না ! 
depressive,আমাদের ম্যাসের ভাই ছিলো খুব মিস করি
non_depressive,ক্ষমতায় আসার জন্য
depressive,পরিবার ছাড়া চলা যায় নাতবে সেই পরিবারই বিষন্নতার কারণ
depressive,আমি আমার জীবনের কোন আনন্দদায়ক জিনিস খুজতে পারছি না।
depressive,এই ছবি গুলো ভাইরাল হয় না কেন পরোটা বাবা 
depressive,কান্না শুধু তাদের সহপাঠী পরিবার আত্মীয় স্বজনের নয় কান্না সারা দেশের অস্বস্তি
depressive,প্রিয় মানুষের গায়ের গন্ধটা খুব মিস করছি।
non_depressive,নিউজের বড়ই অভাব দেশে
depressive,", কেউ ভাবেনি এই নিষ্পাপ প্রাণ গুলোর অচিরেই থেমে যাবে পথ চলা ! ড্রাইভারের অধৈর্য অসতর্কতায় ডুবে গেল তাদের জীবনের ভেলা ! "
non_depressive,আলহামদুলিল্লাহ দুইটা নিয়েছিলাম আল্লাহ এখনো সুস্থ রাখছে।
non_depressive,কওমি মাদ্রাসার কেউ বেকার নেই।আগে আল্লাহর আনুগত্যে আসেন।সব ঠিক হয়ে যাবে।
non_depressive,বাংলার যুবনেতা অভিষেক ব্যানার্জি জিন্দাবাদ 
non_depressive,এসব মাস্তানদের দেশ ছাড়া করার দরকার এসব মাস্তানি এখানে চলবে
depressive,ইংরেজীতে লিখা এই পত্রটি দ্বারা বিভোদানন্দ সরস্বতী রুগ্ন সেবা কেন্দ্র বাংলাদেশ এবং পশ্চিম বঙ্গের পাশ্ববর্তী রাষ্ট্রের চিকিৎসা সেবা নিতে আসা রোগীদের বিনা মুল্যে আবাসিক ও খাবার ব্যবস্থা করবেন মর্মে পরিপত্র জারী করেছেন । এটা সম্পু্র্ণ বিভোদানন্দ সরস্বতী রুগ্ন সেবা কেন্দ্র এর নিজস্ব 
depressive,উড়িবার চায় দুটো অপশন আছে হয় শুরু করা নয় শেষ করা শুরু অথবা শেষ
non_depressive,নিউজ কারা লাগে আপনাগো
depressive,ব্যালট বইয়ে পুরোটাতেই নৌকায় সিল
depressive,প্রকৃত ভালোবাসা আসলেই অনেক সুন্দর কিন্তু সময়ের পরিক্রমায় দিন দিন নষ্টের পথে
non_depressive,আমি জীবনেও নাটক মুভি গান টেনে দেখি প্রথম নাটকটা একটুও টানি নাই অসাধারণ নাটক
non_depressive,তাহলে বাংলাদেশের সযস্ত হিন্দুকে ভারতে পাঠাতে হবে
depressive,হেক্সিসলের গন্ধে আমি তোমার গন্ধ পাইনা অসাধারণ অভিনয় জীবনের প্রতিটি অধ্যায় মানুষকে ভাবায় জীবন ভয়ংকর সুন্দর মৃত্যু আরও বেশি সুন্দর
depressive,আমাদের সমাজ ব্যবস্থাটাই এরকম চাকরিজীবি হলে কেউ সফল ভাবেনা। রিক্স নেয়ার সক্ষমতাও সবার নাই।
depressive,ডুবে যাচ্ছে বাংলাদেশ টেনে তুলতে দরকার বিবেকবান কিছু মানুষ । 
non_depressive,Rtv সুন্দর সুন্দর নিউজ করে একদম মুগ্ধ হয়ে উপায় নেই।
depressive,এখানে বলেছেন সবকিছুই আমার বছরের জীবনে চলছে
depressive,১৯৭৬ সালে গবেষণা শুরুর পর অবশেষে পানির অস্তিত্বের ব্যাপারে অনেকটাই নিশ্চিত হল বিজ্ঞানীরা । এবার কি তবে প্রাণের অস্তিত্ব মিলবে ? 
depressive,প্রতিদিন আমি আরও দুঃখে ডুবে যাচ্ছি। সবার মাঝে আমি নিজেকে হারিয়ে ফেলার মধ্যে অবজ্ঞা করছি।
non_depressive,সবই সাংবাদিক বলছে উনার মুখ থেকে কিছু শুনছি না।
depressive,"বাসের তলায় পিষছে মানুষ , হাসছে নরপিশাচ ! তিন তিনটা লাশ পরেছে খা কির পোলা আর কত লাশ চাস ? বিচার চাই পপাই"
non_depressive,ভেজ্ঞে ফেলে বস্তিতে থাকা অসহায় মানুষদের থাকার ব্যবস্থা করে দেয়া লাগতো।
non_depressive,সুন্দর একটা তারিখে কমেন্ট রেখে গেলাম। রোহান তটিনী দুইজনই আমার প্রিয় অভিনেতা অভিনেত্রী। শুভকামনা দুইজনের জন্য।
depressive,পরিবার নিজের ক্যারিয়ার সামাজিক চাপ আর্থিক চাপ মিলিয়ে ভীষণ বিষন্নতায় আছি
depressive,"হিন্দুগুলো এতোই জঘন্য যে , এরা গরুর মল মূত্র খেয়ে গর্ববোধ করে ! পবিত্র হয় , মানুষ কতোটা নিকৃষ্ট হলে এমনটি করতে পারে । গাভী দুধ দেয় তাই গরু মায়ের মতো । গরুর গোশত খাওয়া যাবে না , তবে গরুর চামড়ার জুতা স্যান্ডেল পরা যাবে ! উদ্ভট সব যুক্তি নিয়ে যারা পালন করছে একটা ধর্ম । "
depressive,"মা অপেক্ষা করে স্কুল থেকে সন্তান মায়ের বুকে ফিরে আসবে , সেই সন্তান ঘরে লাশ হয়ে ফিরে আসে আমরা খবর যানি বিচার যানিনা "
depressive,প্রতিবেদন দেখেই ডিপ্রেশনে চলে গেলাম
depressive,"এক লোক আত্মহত্যা করার জন্য রেল লাইন এর উপর শুয়ে আছে , পাশে আছে একটি টিফিন ক্যারিয়ার । এক লোক তাকে জিজ্ঞাসা করল , ভাই মরতে এসেছেন ভাল কথা তো খাবার এনেছেন কেন ? লোকটি উত্তর দিল , ট্রেনের শিডিউলের যা অবস্থা পরে না খেয়ে মরি আর কি ! ছ্যাকা"
non_depressive,একমাত্র ইসলাম ছাড়া কোনো পদ্ধতিই কাজে আসবে না।
depressive,"ভোট শান্তিপূর্ণ হয়নি এটা বলার উপায় নেই : আ লীগ আওয়ামী লীগের সাধারণ সম্পাদক ও সেতুমন্ত্রী ওবায়দুল কাদেরে বলেছেন , ৩ সিটিতে ভোটারা আগ্রহ নিয়ে ভোট দিয়েছেন । অথচ বিএনপির প্রার্থীরা ভোট বর্জনের কৌশল নিয়েছেন । তিনি বলেন , ভোট শান্তিপূর্ণ হয়নি এটা বলার উপায় নেই । "
non_depressive,"পাঁচ ওয়াক্ত নামাজ পরবো , আর একসাথে জান্নাতে যাবো । "
depressive,সত্যই তো মাত্র দুজন কে বাস চাপা দিছে ! কিছু বলার নাই আজ সিরিয়াসলি 
non_depressive,পর্দা ফরজ। ভাই বোন পর্দা কেন তুমি বেহেস্ত চাও যার তুলনা কোনো চোখ দেখেনিকোনো কান শুনেনিকোনো হৃদয় অনুভব করেনি
non_depressive,"অবশ্যই মু মিনরা সফলকাম হয়ে গেছে । যারা নিজেদের সালাতে বিনয় নম্রতা অবলম্বন করে । যারা অসার কথাবার্তা এড়িয়ে চলে । সূরা মু মিনূন ২৩ , আয়াত ১ ৩ "
depressive,তার পরতার কিআর কখনো কথা হয়নি
depressive,গণতন্ত্রের লেবাছ হলো জনগণ সকল ক্ষমতার উৎস সার্টিফিকেট দিয়ে আমি করবো মনে চায় মরে যাই।
non_depressive,এটাই আমাদের উন্নত দেশ
depressive,"জুতা মন্ত্রী শাজাহানের শ্যালকের গাড়ি বলেই অনেকে এই দূর্ঘটনার বিচার দাবী করে যাচ্ছে দলকানার বাচ্চারা , সব কিছুতেই রাজনীতি খুজে বাস্তবিক অর্থে মানবিক দিক বিবেচনা করেই এই নির্মমতার বিচার চাওয়া উচিৎ"
non_depressive,আসসালামু আলাইকুম ভাই লবন থ্যারাপি কিন্তু আছেতাও বিজ্ঞান সম্মত
non_depressive, বৃষ্টি আর প্রেম দুইটাই প্রথম প্রথম ভালো লাগে তারপর সব কাঁদা কাঁদা 
depressive,আশার পেছনে মরীচিকার মতো প্রতিনিয়তই ছুটে চলেছি । মৃত্যু পর্যন্ত চলতে থাকবে তার এই অসীম আকাঙ্ক্ষার । 
non_depressive,টিভির চ্যানেল গুলা নিউজ পায়
non_depressive,এটা প্রাচীন কার্যকারী চিকিৎসা।
non_depressive,এতো উন্নয়নের জোয়ারে কিছুর দাম বেড়ে যাচ্ছে
depressive,খুব সুন্দর দেহ ব্যবসার মাধ্যম বর্তমানের বিবাহ রীতি।
depressive,গরমের সাথে আছে মশা ফ্রি
depressive,আমার বেচে থাকলে। আমি কবেই চলে যেতাম
depressive,বাঙালি তোদের ছেড়ে দেবে ভেবেছিস ? বাংলাপক্ষ জয়বাংলা 
depressive,তুমি এমন ভাবে আমার মৃত্যুর সময় পাশে থেকো।।
depressive,আল্লাহ তুমি সবাইকে বুঝার শক্তি দেও
depressive,কষ্টে আছি বলবো
non_depressive,বরিশাল আশেন ফাও দিবো লাউ। আমাদের গাছে অনেক লাউ আছে।
non_depressive,মমতা ব্যানার্জি বলেছেন লোকসভা ভোটে বাংলায় সব আসন পাবেন । ৪২টা লোকসভা আসনের মধ্যে ৪২ টিতেই জিতবেন । কিন্তু আমি বলছি সে গুড়ে বালি । লিখে নিন ১৫টিও আসন জিতবে না তৃণমূল । : 
depressive,কোটি কোটি মানুষের কথা। উন্নয়ন দিয়ে হবে যদি পেটে খানা থাকে।
non_depressive,আমি একমাত্র ব্যক্তি টিকা কেন টিকার গুষ্টির ধারে কাছে যাইনি আমি আল্লাহর রহমতে একদম সুস্থ সাবলীল মানুষ
non_depressive,সত্যি খুবই কস্টের বিষয়
non_depressive,পুলিশ ধন্যবাদ।তদের কঠিন বিচার করা হোক।চুরি করা পর্যন্ত ঠিক তারা বোনদের গায়ে হাত দেওয়া ঠিক করে নি।
depressive,"ছোটবেলায় জ্বর হলে বাজার থেকে বাবা আনারস কিনে আনতেন সে আনারস খেলেই আমার জ্বর ভালো হয়ে যেত । বাবা কাছে নেই , কয়েক বছর হলো , আনারস দেখলে এখন বাবার কথা খুব মনে পড়ে যায় । মিস ইউ বাবা"
depressive,এরা টাকা খাইয়া কেমনে টিকে থাকে আমার টাকা হারাইলেই পাগল হয়ে যাই
non_depressive,স্বাধীনতা অর্জনের চেয়ে স্বাধীনতা রক্ষা করা কঠিন
non_depressive,মিস্টার মারুফ যখন বাংলাদেশ ছিলো তখন নায়েক ছিলো আমেরিকা যাওয়ার প্রবাশী হয়ে গেছে নায়েক
non_depressive,আল্লাহ আমাদের রিজিকের ব্যবস্তা করে দিনআমীন
depressive,"গায়েব নয় , রোহিঙ্গাদের দাঁত মাজতে দেয়া হয়েছে গায়েব হওয়া কয়লা । দুর্নীতি দমন কমিশন "
non_depressive,পিয়াজের সাথে সাথে রসুনের দামও বেরে গেছে। রসুন ভারত থেকে আমদানী করা রসুন রপ্তানী বন্ধ হয়ে গেছে।
non_depressive,"আল্লাহ তালা বলেন হে নবী ! আপনি বলুন যে , তোমরা যদি আল্লাহর ভালবাসা পেতে চাও , তাহলে আমার অনুসরণ কর । তবেই আল্লাহ তোমাদেরকে ভালবাসবেন । সূরা আল ইমরানঃ ৩১ "
depressive,এগুলো বাদ দিয়া চাষাবাদ দাও নিজের উন্নতি হবে সাথে দেশের
non_depressive,সবকিছুই শেখ হাসিনার নাটক
non_depressive,"এই রে , সবাই তো প্রায় জেনেই গেল দেখছি ! তবে আরেকটু গভীরে যাওয়া বাকি : "
depressive,ডিপ্রেশনে ডিপ্রেশনে আমার জীবনের কিছুই শেষ করে দিলাম
non_depressive,পাঠক মেডাম আপনি যেনো আবার এমনটা করে ফেলেন
non_depressive,স্মৃতি হিসাবে রেখে গেলাম  অবশেষে বলি নাটক হৃদয় কাপানো। ছুঁয়েছে
depressive,আমরাই একমাত্র দেশ যারা গত বছরে একের পর এক যুদ্ধে পাকিস্তানকে হারানোর পরেও দেশের জমি পাকিস্তান দখল করেছে । পাক অধিকৃত কাশ্মীর কংগ্রেস সরকারের অবদান । 
non_depressive,আমরাও চাই বাংলাদেশ দুষ্ট সম্প্রদায় থেকে মুক্তি পাক
depressive,আমি আমার নিজের মাঝে আত্মহত্যা করতে চাই কিন্তু আমি অসমর্থ।টাকা থাকলে শান্তিতে মরাও যায় ভাই। এটাই সত্যি
depressive,বিশ্রী এ শহরে থাকতে চাইনা আমি । হারিয়ে যেতে চাই তার শহরে । ভয় হয় তার শহরে আবার জলাবদ্ধতা নেই তো ? 
depressive,তাদেরই অবস্থা তাহলে আমরা যারা নিম্ন বেতনে চাকরি করি তারা করবো
non_depressive,ভারতের সকল মুসলমানদের বাংলাদেশ পাকিস্তানে পাঠানো হোক
non_depressive,পয়সা থাকলে জামিন পাওয়া সহজ। হিরো আলমের বোন মনে হয়।
depressive,মধ্য আয়ের দেশে উন্নীত হয়ে বাংলাদেশ এখন ভাঙ্গাদেশে রুপান্তরিত হয়েছে ফ্যাক্ট দেড় ঘন্টার রাস্তার অর্ধেক আসতে লাগে সাড়ে তিন ঘন্টা
non_depressive,তােরা একেবারে উদ্ধার করে দিলি।
depressive,তোমার মতোই থাকলা তুমি খবর নিলা
non_depressive,যাতে গার্মেন্টস সেক্টর বেসরকারি সেক্টরে আমাদের দেশের কর্মীরাই পদে চাকরি করতে পারে।
depressive,আমি কোনো কিছুতেই আনন্দ পাই
depressive,আমাদের দেশের কসাই চিকিৎসা ব্যবস্থা থেকে এইরকম ভালো
non_depressive,আলহামদুলিল্লাহ অনেক খুশি হলাম আস্তে আস্তে যদি চিরতরে বাংলাদেশের বুক থেকে ইন্ডাস্ট্রি গুলি মুছে যেত অন্ততপক্ষে বানোয়াট মিথ্যা থেকে মানুষ দূরে থাকতো।
non_depressive,আমার আগেই সন্দেহ ছিল আমি শুধু একটা ডোজ নিছি তিনটা দেই নাই। আল্লাহ আমাকে এবং অন্যদেরকেও রক্ষা করো।
depressive,আমি জীবনের কিছু হারিয়ে দিন দিন ডিপ্রেশন ডুবে যাচ্ছি তাই আজকে কয়দিন যাবোত মরতে চাইতে কিন্তু মারতে পারতেছি
depressive,"আমি আর আপনি করলে যা হয় অপকর্ম , মহাপুরুষেরা করলেই সেসব লীলা খেলা হয়ে যায় , "
depressive,যায় দিন যায় রাত থাকি দিশেহারা তরে ছাড়া বড় একা একা লাগে তরে ছাড়া 
depressive,আমি আমার শখের কাজগুলো করি
depressive,চারো দিকে শধু উন্নয়ন উন্নয়ন এদিকে সাধরণ মানুষ খেয়ে থাকে
non_depressive,নৌকার মাঝি জয় বাংলা
non_depressive,টিভি সাংবাদিক নিউজ খুজে পায়না তাই এবার টকটকার দের নিয়ে পড়ছে
non_depressive,কেমনে বিশ্বাস করি বিয়ে বিচ্ছেদ বার্ছে সেই কবে  সালে একটা বিয়ে কর্ছিলাম বহু বছর হয়ে গেলো ছার্তেও পার্ছিনা আরেকটা বিয়েও কর্তে পার্ছিনা
non_depressive,প্রকাশ্যে অস্ত্র দেখার পরও পুলিশের অভিযোগের দরকার।বলবে অভিযোগ পেলে আমরা ব্যবস্থা নিব।
non_depressive,"ঝরাপাতা ঝড় দেখে ভয় পেয়োনা , ঐ ঝড় আসছে তোমাকে মাটি থেকে আকাশে উঠানোর জন্য ! কবি সম্রাট আল্লামা ইকবাল"
depressive,টেস্টে বাজে খেলায় খেলোয়াড়দের অশ্লীল ভাবে গালি দেয়া ছেলে মেয়ে গুলার মূখে এখন প্রসংশা ফুল ফুটে অদ্ভুত
non_depressive,এসি আবিষ্কার করছিলেন যিনি আমি তিনার আত্মার শান্তি কামনা করছি ! 
depressive,টাকার চুলায় রান্না করে টাকার চালের ভাত খেয়ে ইউনিট প্রতি টাকা বিদ্যুৎ বিল দিয়ে উন্নয়নের মহাসড়কে হাটতে চায়
non_depressive,বক্সে আমি কিছু টাকা অনুদান দিতে পারবো
non_depressive,গুনাহের যদি কোন গন্ধ থাকতো তাহলে আমরা কেউ পাশাপাশি বসতেও পারতাম না । পাশাপাশি বসা তো দূরে থাক আমরা কয়েশ মেইল দূরে যেয়েও গন্ধমুক্ত থাকতে পারতাম না । আজকাল গুনাহের কাজ গুলো আমাদের কাছে খুব সহজ আর অভ্যাসে পরিণত হওয়া কাজ 
depressive,আমাদের দেশে আমরা সবাই মিলেমিশে থাকি আমাদের দেশ আপনাদের মতো মোদি সাহেব দয়া করে আমাদের ভাতৃত্ব নষ্ট করবেন
non_depressive,উচ্চ শিক্ষিত হওয়া দেশে বড় পাপ।
non_depressive,সংবাদ বিশ্লেষণ আরো বোধগম্য করা উচিত।
depressive,শৈশবের ভয় গুলো আর বেঁচে নেই । নেই কোলাহলে খুঁজে বেড়ানো ভালোলাগার কোনো মুহূর্ত । প্রেমহীন দুপুরের ক্ষুধার্ত নির্জনতা তো নেই ই । নেই দুরন্ত বিকেলে মৃদু ছন্দে গুন গুনানি স্বভাবটা । আজো প্রেমবেলার সেই যন্ত্রণা হয়ে রইলাম তোমার । অথচ আমি তোমার শান্তি হতে পারতাম । হতে পারতাম তোমার স্বস্তি । 
non_depressive,একটা ডোজের কোন ডোজ নেইনি ভাই আল্লাহর রহমতে সুস্থ আছি
non_depressive,ধরনের একটা থেরাপি বিকাশ নুরাকে দেওয়া উচিত
depressive,টিকা দেওয়ার এলার্জি চরম ভাবে আক্রান্ত হয়েছি আমাদের গ্রামের অনেকের সমস্যা।
depressive,তোমাকে এমন ভাবে ভালোবাসলাম তোমাকে এখন ভুলতে গেলে নিঃশ্বাস বন্ধ হয়ে যায় চলে যাওয়া মানুষ যখন ফিরে আসে তখন চাইতে এতো আনন্দের অন্যকিছু হতে পারে
depressive,দাত মাইজা লক্ষ হাজার মেক্টিকটন কয়লা শেষ করছত জন্যে তোর দাত সুন্দর
non_depressive,টেকনলোজি শিক্ষা দিতে হবে স্কুল কলেজে বেশি বেশি
non_depressive,"শহরতলির বুকে , কলকাতা পুলিশের জালে ধরা পড়ল দুই মোটর সাইকেল চোর , জেরা ও তথ্যের ভিত্তিতে চুরি যাওয়া মোটর সাইকেলটি উদ্ধার করল যাদবপুর থানার পুলিশ । "
depressive,দেশটা ধ্বংস মানুষ বড় অসহায়
depressive,আমি সময় অনুমান করি আমি নিজের সাথে সন্তুষ্ট নই।আমি সময় অনুমান করি আমি যেটা প্রয়োজন তাতে আমি সেটা করতে পারবো
non_depressive,মৃত্যুর জন্য অবশ্যই ছেলের বাপমা দায়ী কারণ অল্প বয়সে ছেলেদেরকে বাইক কিনে দিয়ে তাদেরকে মৃত্যুর দিকে ঠেলে দেয়।
non_depressive,সিন্ডিকেট নিয়ন্ত্রণে আনা জরুরি।
non_depressive,হজ্ব হোক দুর্নীতি মুক্ত টাকায় ; না হলে এই হজ্বের কোন ফজিলত পাওয়া যাবে না ; এখন অনেক মুখোশধারী দুর্নীতিবাজ হজ্ব করে নিজের নামের সাথে আলহাজ্জ্ব লাগিয়ে আরো বড় মাপের বাটপারি করে ; এরা লেবাসধারী ধার্মিক ! 
non_depressive,অধিকাংশ ড্রাইভার ঘোরের মধ্য থাকে।
non_depressive,এটা কোন লেভেলের গান ভাই
depressive,ক্ষতি পূরন এখন দিবে
depressive,দেশের বিশিষ্ট দুই ভদ্র মহিলা যা শুরু করছে এদের চেলা পেলা গুলা আরও কুত্তার লেজের চাইতেও খ্রাপ দুই গ্রুপের অবস্থা দেখলে মনডা চায় ফালাইয়্যা ওখানে থাবড়াই যতসব গাজা খুরী কথাবার্তা এত জুতাপেটা পাবলিক করে তাও লজ্জাহীন আবালের দল আবার চেটের বালগো বড় কথা 
depressive,হেটার্স বেড়ছে সাথে ব্লক লিস্ট টাও লম্বা হচ্ছে ফ্রি থাকছে সম্মান দিলে সম্মান পাবে লাইক দিলে লাইক পাবে দুইটার মধ্যে কোনো পার্থক্য নাই টুইটার
non_depressive,"কিসের এতো ভয় বলো , যেখানে ভালোবাসা শূণ্যতার উপর দাঁড়িয়ে সেখানে তোমাকে হারানোর ভয় টা বোকামী । শুভ সকাল "
non_depressive,নির্লজ্জ চেনেল নির্লজ্জ সংবাদিক
non_depressive,ছবি ঈদের পরে মুক্তি দেওয়া উচিৎ ছিল বুঝতে পারনি।
depressive,আমি আশা করি সবকিছু শেষ হয়ে যাবে
depressive,বাংলাদেশের কক্সবাজারে কেন বাড়ছে পাহাড় ধসের ঝুঁকি
depressive,ধ্বংস হোক অশ্লীল জগৎ
non_depressive,অবশ্যই পাতা ছেঁড়া ঠিক আছে।। সরকারের এটা আগেই দেখা উচিত ছিল বইয়ে আছে আছে
non_depressive,সুস্থ হলে ভালো হলে সমস্যা নাই মেডিকেলের বিল দিতে হবে
non_depressive,হতে পারে ঐলোক কেমেরার বাইরে
non_depressive,সীমান্ত বাহিনী আছে কিসের জন্য গাঁজা চাষ করার জন্য নাকি
non_depressive,অপরাধীদের ফাঁসির দাবি জানাচ্ছি
depressive,কিছু বলা কথা রয়ে গেলো কিছু অপূর্ণতা রয়ে গেলো
depressive,জীবনের প্রতিটি অবনতি আমাদের চোখে পড়ে এবং সময় আমাদের দুঃখের মাঝে ফেলে।আর কষ্ট দিবিরে তোরা বাঙালি
depressive,জীবনের পথে অসহায় ভ্রমণ এখনো থামে নি।আর কষ্ট দিবিরে তোরা বাঙালি
non_depressive,বিশ্বাস করেন আমি কিচ্ছু জানিনে
non_depressive,পয়সা থাকলে জামিন পাওয়া সহজ। হিরো আলমের বোন মনে হয়।
non_depressive,সিন্ডিকেটের লোকেরাই বেশি ভালো ভালো কথা বলে। খাবার নিয়ে যারা সিন্ডিকেট বাজি করে তাদেরকে কোন ধরনের খাতির করা যাবে ।।।
depressive,প্রায় ৪০ লক্ষ বাঙালি দেশ ছাড়া হতে চলেছে সামলাতে পারবে তো পৃথিবী ? 
depressive,আমি সময় শুধুমাত্র নেতাবাচক মনের কথা বলতে চাই কারণ আমি আমার নিজের সাথে সম্পর্কটি প্রত্যাশা করতে পারি না।
non_depressive,এগুলো বলে লাভ আছে আমরা আনেক বড়ো লোক হয়ে গেছি
non_depressive,টিভির চ্যানেল গুলা নিউজ পায়
non_depressive,ভালোবাসি শব্দটাই তো ভালো মানে টাটকা আর বাসি মানে পাচাঁ
non_depressive,আল্লাহ তুমি অনাকে সুস্তু ক্রিয়া দিও আমিন
non_depressive,বেবিচক আপনি টিনের চশমা লাগিয়ে বসে থাকেন।কর্মীদের কিছু সাসপেন্স করে দিলে টিক হয়ে যাবে।
depressive,আমি মডানা দুই টিকা নিয়ে দুই বসর অসুস্থ ছিলাম এখনো আমার নানা ধরনের সমস্যা আমি এখন করবো জানা থাকলে বলবেন
non_depressive,প্রশাসনের সঠিক বিচার থাকলে কেউ সাহস করে খারাপ কাজ জীবনে করত যাইহোক টাকা আছে যার প্রশাসন পকেটে আছে তার। টেনশন কিসের।
depressive,আমি সময় অনুমান করি আমি কোন কারণে অসন্তুষ্ট।কাজের মানসিকতা সম্পন্ন কোন শিক্ষিত সমাজ পাবোনা বেকারত্বের ভুগবে
depressive,"কোথাও রোমান্স নেই , চারিদিকে খাঁটি করুন বাস্তবতা ! "
non_depressive,নির্মম হত্যাকাণ্ডের কঠোর বিচার দাবি করছি
depressive,"আজ আমাদের এই ১৭ ২৭ বয়সটাতে ছোট পোশাকে চলা ফেরা পথে ঘাটে অসামাজিক কাজে লিপ্ত হওয়া , সিগারেট , বিয়ার হুইস্কি পান করার অবাধ দৃশ্যকে আধুনিক মনে হতে পারে যখন তুমি আমি অভিবাক হব মেনে নিব তো এসব ? আগামী কাল কি তুমি আমি তাদের বারন করব না ? ভাবুন "
depressive,বর্তমান দেশের পরিস্থিত বাদী আর বিবাদীর টানা হেঁচড়ায় আইনজীবীদের চুষে খাওয়ার ধান্দা বেড়েছে 
depressive,"কে ভেবেছিল প্রাণগুলো এভাবে ঝড়ে যাবে রাস্তায় ? ধিক্কার ওসব বাস ড্রাইবারদের । ওদের ছেলেমেয়েগুলো এভাবে মারা গেলে বুঝবে , এ ঝড়ে যাওয়া কত টা কষ্টের"
non_depressive,তামিমকে আগ্রাসী ব্যাটিং করার আহ্বান জানিয়েছেন বাংলাদেশের অভিষেক টেস্টের প্রধান কোচ সারোয়ার ইমরান : 
non_depressive,বাংলাদেশে এখনো ওনেক সরকারি চাকরি কোটা খালি সরকার জনবল দিয়ে কাজ করায়
depressive,পড়াশোনা করে মনে হচ্ছে নিজের বিপদ নিজেই ডেকে এনেছি। এমন একটা জীবন কখনো আশা করিনি। জানি শেষ কোথায় কাকে বুঝাবো
non_depressive,বিস্বাস আজ বিলুপ্ত
depressive,জীবনে বেশী সময় দিলেও অনেক কিছু হারানোর মুখে মুখে প্রত্যেকে নিজেকে নিজের প্রশ্ন করে।
depressive,রাতে বেশি গরম আরও
non_depressive,পড়াশোনা করে শুধু চাকরির আশায় বসে থাকলেই হবে না।নিজেকে উদ্যোগতা হতে হবে।কিছু একটা করার চেষ্টা করতে হবে।
depressive,বেচে থাকলে হয়তো কোনদিন এসে আবার দেখবো প্রিয় মানুষ টাকে দেখার মাঝে অন্যরকম অনুভূতি
non_depressive,ওয়াক্ত নামাজ কিছুর সমাধান
depressive,মানুষ বাঁচুক বাঁচুক তাতে কার এসে যায় চাইলে দেশে থাকেন চলে যান এমন কথা কেউ বললেও অবাক হওয়ার কিছু নাই
depressive,সেলিরবেটিদের নম্বর আমার ফোনে আনিকা কবির শখের সুধু ইমো নাই
depressive,চেয়ে মৃত্যু অনেক ভালো
non_depressive,নাটকের প্রতিটি মূহুর্ত বাস্তব মনে হয়েছে খুব সুন্দর অভিনয়
non_depressive,দীর্ঘ ৯ বছর পর দেশের বাইরে ওয়েস্ট ইন্ডিজের বিপক্ষে ৩ ম্যাচে সিরিজে ২ ১ ব্যবধানে ওয়ান্ডে সিরিজ জিতল বাংলাদেশ অভিনন্দন টিম টাইগার্স 
depressive,গণতন্ত্র নাথাকলে জবাবদিহি সরকার নাথাকলে এমনি হওয়া সাভাবিক।।
depressive,সামনে পরিস্থিতি আরো ভয়াবহ হবে
depressive,কথায় অসাধারণ তবে শেষ হয়েও হলো শেষ
depressive,জনগণ খেয়ে মরবে কিন্তু ঠিকমত পুষ্টি হবে জনগণের জীবন থেকে সুখ শান্তি উধাও হয়ে গেছে এটাই ঠিক বক্তৃতা বিশ্লেষণ শুনে পেট ভরবে
non_depressive,বাসের গতি কেন নিয়ন্ত্রণের যথেষ্ট নিয়ম কার্যকর হয়না
non_depressive,লাইসেন্স থাকলেও জাগায় অস্ত্র প্রদর্শন করা যায়
depressive,সালে গবেষণা শুরুর অবশেষে পানির অস্তিত্বের ব্যাপারে অনেকটাই নিশ্চিত বিজ্ঞানীরা এবার তবে প্রাণের অস্তিত্ব মিলবে
depressive,আমি ফাইজার নিয়ে আমার হাত ব্যেথা করতে আছে কোন সময় আমার ব্যেথা ছিল
depressive,তোমাকে হারালে হয়তো অনুভূতিটা সহজে বুঝতে পারতাম যদি পারে চাওয়া যায় তোমাকেই চাইবো প্রিয়
depressive,পাকিস্তান আসলে একটা অসভ্য রাষ্ট্র । এরা যখন কেউরে নির্বাচিত করে ক্ষমতায় নিয়ে আসে কিছুদিন পরে সেই নেতাকে খুন হতে হয় ; নইলে দুর্নীতির দায়ে জেলে যেতে হয় পাকিস্তানের প্রধানমন্ত্রী হচ্ছেন ক্রিকেট বিশ্বজয়ী ইমরান খান : 
non_depressive,ফিলিস্তিনি বীরকন্যা আহেদ তামিমি রোববার কারাগার থেকে মুক্তি পেয়েছে । অধিকৃত পশ্চিমতীরে দখলদার ইসরাইলি সেনাদের চড়থাপ্পড় ও লাথি দেয়ার অভিযোগে গত বছর তাকে আটক করা হয়েছিল । : 
depressive,"ফিমেইল গুলা থেকে যখন কোনো ক্যাপশন ছাড়াই তাদের ছবি আশে তখন মনে হয় তাদের ভাব ভঙ্গিটাই যেন ১টা ক্যাপশন । আর সেখানে অগণিত লাইক , কমেন্ট , শেয়ার হয় । অথচ কোনো ছেলে যদি তার জীবন বৃত্তান্ত দিয়েও ফটো পোষ্ট করে সেখানে বড়জোর হাতেগোনা পরিচিত কয়েকজনের মন্তব্য দেখা যায় বাস্তবতা"
non_depressive,উপজাতি এখানে কিভাবে থাকে
depressive,"এ সূর্য তো প্রখর তাপ দেয়া কোনো দৃশ্যমান সূর্য নয় , এ যেন এক অস্তমিত যাওয়া কোনো এক অসহায় মানুষ এর নিরব অধঃপতন , বিবেক আর অস্তিত্বের অতিমাত্রায় স্খলন , "
depressive,চন্দ্র গ্রহণ দেখতে চাঁদের কাছে গেলাম গিয়ে দেখি চাঁদ আমার দিকে হি হি হি করে হাঁসছে 
depressive,বিষন্নতা হলে প্রিয় মিউজিক শুনুন। কিছু বিষন্নতা কমে এবং নিজের পরিষ্কার করুন গুলো বৈজ্ঞানিক প্রমাণিত
non_depressive,মেয়েটা আসলে নির্দোষ।
depressive,আমি সময় মনে করি আমি অস্থির এবং অস্থির হতে চাই।
depressive,অনেক সময় মনে হয় জীবনে সময় অন্ধকারে বিচরণ করার মূল্য
depressive,"একটা জিনিস খেয়াল করলাম , খুব করে চাওয়া জিনিস গুলা পাইনা , বা থাকলেও হারিয়ে যায় ! তাই ভাবছি আজ থেকে মরনকে খুব করে মন থেকে চাইব , কি হয় দেখি ! "
non_depressive,খুভ ভাল চিকিৎসা মাটির থেকে ভাল জিনিস আছে
non_depressive,চিন্তা করতেছি RTV কেও Walton জভান আপুর মতো বয়কট করতে
non_depressive,গায়ের জোর হ্মমতার প্রকট বেশি দিন থাকবে আল্লাহ চাইলে নিমেষেই শেষ করে দিতে পারে৷ অনেক দেখছি আমি জুলুমকারি এভাবে তিলে তিলে শেষ হতে৷
non_depressive,আল্লাহ রহমকরুন আমিন
depressive,সততানৈতিকতা শব্দগুলো হারিয়ে যাচ্ছে
depressive,ডিপ্রেশন থেকে বের হওয়ার একমাত্র উপায় নামাজ। আল্লাহ আমাদেরকে কবুল করে নিন। আমিন
non_depressive,সবাইকে বলেন উন্নয়ন দেখে দেখে জীবন যাপন করতে খাবার খাওয়া লাগবে
non_depressive,বাংলাদেশের বর্তমান অবস্থা রেস্তোরার ন্যায়।
depressive,সরকার আবার রেমিটেন্স আশায় বসে থাকে। রেমিটেন্স যোদ্ধাদের সাথে এরকম অসভ্য আচরণ বন্ধ হলে দেশে ভয়াবহ অর্থনৈতিক ক্ষতির আশঙ্কা আছে।
non_depressive,আলহামদুলিল্লাহ খুশি হলাম ভাই তোরা দেশে শান্তি হবে
non_depressive,সীমান্ত বাহিনী আছে কিসের জন্য গাঁজা চাষ করার জন্য নাকি
non_depressive,"নিষিদ্ধ জিনিসের প্রতি আমাদের একটা প্রবল আকর্ষণ কাজ করে , তাইতো তাকিয়ে থাকা আর ডেকে রাখার মতো একটা রোগ আছে আমাদের কানা বাবু"
non_depressive,বাংলাদেশের কোন সংখ্যা লঘু নির্যাতনের শিকার হয়
depressive,গানটা শুনি সিগারেট খাই ফিলটাই অন্য রকম
non_depressive,একটুও স্কিপ করতে পারিনি প্রতিটা সিন অসম্ভব সুন্দর ছিলো
depressive,বাঙালি তোদের ছেড়ে দেবে ভেবেছিস বাংলাপক্ষ জয়বাংলা
depressive,দলের হোক কেন ধরনের আচরণ খুবই দুঃখজনক
depressive,ভাই তোমাদের মতো নিউজ চ্যানেলের কোনো নিউজ নাই ফালতু টোকাই পোলাপাইনরে নিয়াও নিউজ করা লাগে
non_depressive,অবশেষে দীর্ঘদিনের আন্দোলন সংগ্রামের পর প্রধানমন্ত্রী হলেন সাবেক ক্রিকেটার ইমরান খান । এখন দেখার বিষয় দেশ শাসনে কতোটা সফল হন তিনি । ইমরান খানের বিজয়ে বিশ্ব রাজনীতিতে আর কিছু হোক বা না হোক অন্তত পাশের বাড়ির নরেন্দ্র মোদীর শান্তির ঘুম হারাম করে ছাড়বে 
depressive,গায়েব নয় রোহিঙ্গাদের দাঁত মাজতে দেয়া হয়েছে গায়েব হওয়া কয়লা দুর্নীতি দমন কমিশন
depressive,এতো কষ্ট কষ্ট লাগে অন্তরে
non_depressive,টাকায় গুড গুড করে
non_depressive,কারিগরি শিক্ষাকে প্রাধান্য দিতে হবে।
non_depressive,"কেউ আপনার সাথে সদাচারণ করলে তার জন্য দো আ আল্লাহ আপনাকে উত্তম বিনিময় দান করুন । জাযা কাল্লা হু খাইরান তিরমিযী , হাদিস নং ২০৩৫ । আরও দেখুন , সহীহুল জামে ৬২৪৪ ; সহীহুত তিরমিযী , ২ ২০০ । "
depressive,বাংলাদেশের রিজার্ভের দিকে তাকালেই কিছু বুঝা যায়
depressive,বিসিএস বলে কথা সবাই সুযোগ পাচ্ছে বেসরকারি চাকুরির প্রবেশের বয়স আবদ্ধ আবার সরকারি চাকরির বাজার মধ্যে চাই অভিজ্ঞতা
depressive,বেশ ্যা যদি নষ্ট হয় পুরুষ কেন তার কাছে যায় পুরুষের যদি খিদে না পেতো নারী কি করে বেশ ্যা হতো খারাপ ভাববেন না
depressive,মানুষটার জন্য কাঁদতে কাঁদতে এখন চোখে পানি আসেনা
depressive,নূরু ইস্যু চাপা পড়লো রাশেদের নিচে । রাশেদ চাপা পড়লো সোনার স্বর্ণ নিচে । সোনা চাপা পড়লো কয়লার নিচে । এখন কয়লাও চাপা পড়লো টিএসসির সেই চুমা ছবির নিচে যিনি এই কথা বলেছেন সে চাপা পড়বে পুলিশের ডান্ডার নিচে 
non_depressive,সবগুলা আমার সাথে মিল রয়েছে
depressive,নাটকে ঢুবে গেছিলাম সত্যিই। আবেগে আপ্লুত হয়ে পড়লাম। নাখালপাড়া তেজগাঁও ঢাকা থেকে ছিলাম এবং থাকবো ইনশাআল্লাহ্
depressive,"বিচার আমিও চাই , তবে তার আগে ওই বিচারকদের বিচার চাই । যারা হাত পাল্টাপাল্টির মাধ্যমে এই সব কিছুকে ধামাচাপা দেয় । ৫টা তাজা প্রাণের ভার নিতে পারবে কি ? "
non_depressive,ধন্যবাদ চ্যানেল টুয়েন্টিফোর একটি কঠিন বাস্তবতা যুগোপযোগী একটি নিউজ তুলে আনার জন্য
non_depressive,আমি মর্ডানা নিয়েছি আলহামদুলিল্লাহ ভালো আছি ভালো রাখার মালিক একমাত্র আল্লাহ
depressive,ডিপ্রেশনটা এমন একটা জিনিস যার সাথে ঘটে সেই বুঝে
depressive,আমি যখন তার দূয়ারে ভিক্ষা নিতে যাই তখন যাহা পাই আমি হারাই বারে বার
non_depressive,আমার যখন এরকম মনে তখন আমি চুপি চুপি কেঁদে আমার আব্বা এদের কথা চিন্তা করি এবং আল্লাহর উপর সন্তুষ্টি এবং ভরসা রাখি।
non_depressive,আচ্ছা আপনাদের কাছে কোন নিউজ নেই
non_depressive,আলহামদুলিল্লাহ টি টিকা নেওয়ার পরে সুস্থ আছি। ভালো রাখার মালিক মহান আল্লাহ
depressive,কিছুদিন ধরে আমি খুব সময়ে ঘুমাচ্ছি এবং খাদ্যের স্বাদ বোঝতে পাচ্ছি না।
depressive,"কিসের এতো ভয় বলো , যেখানে ভালোবাসা শূণ্যতার উপর দাঁড়িয়ে সেখানে তোমাকে হারানোর ভয় টা বোকামী । শুভ সকাল "
non_depressive,বক্স অফিস দাদু
depressive,দেশের ছেলেমেয়েরা বিশ্বমানের শিক্ষা পাচ্ছে গুণগত মানের কিছুই জানে
depressive,অপরাধীদের জনসম্মুখে ফাশি দেয়া হোক
depressive,আল্লাহ বৃষ্টিটা একটু থামাও সবার ঘরে নাই
non_depressive,প্রকাশ্যে অস্ত্র দেখার পরও পুলিশের অভিযোগের দরকার।বলবে অভিযোগ পেলে আমরা ব্যবস্থা নিব।
non_depressive,এদিকে বক্স অফিস শেটা জানা আমি
depressive,সুষ্ঠ এবং নির্ভেজাল নির্বাচন দেখতে চান তাইলে বিটিভি চালু করেন আর দক্ষিন অঞ্চলের মুরগীর খামার করে জরিনা বেগমের স্বাবলম্বী হওয়ার গল্প ও দেখতে পাইবেন
non_depressive,রাস্তায় ট্রাকগুলো এমনভাবে রাখে যেনো রাস্তা তাদের পৈতৃক সসম্পত্তি।
non_depressive,আলহামদুলিললাহ আমি দুইটা নিয়েছি কাতারে তিনটা
non_depressive,আলহামদুলিল্লাহ কোনো টিকাই নেয় নাই।আল্লাহ এখনও সুস্থ রেখেছে আলহামদুলিল্লাহ
depressive,তার লাভ নাই তার লাইফ টাই
depressive,আমার রক্ত জমাট দেখা দিছে।আল্লাহ রহমত করুন। আমিন
depressive,ফিলিস্তান মুসলিমদেরে আবস্থা সবার কাছে অনুরোধ পোষ্টটি দেখা মাত্রই শেয়ার করবেন প্লিজ বাচ্চাটার জন্য দোয়া করবেন
depressive,আমি একা অসহায় এবং অকেবাধ্য অনুভব করছি সবসময়।অনেক দিন ধরে আমি অশান্তির মধ্যে ভুগছি।
depressive,গরিবের ওয়াসিনংটন বিচ পরোটা বাবা
non_depressive,যোগ্য লোক যোগ্য জায়গায় থাকলে এমনি হবে
non_depressive,আমরা সিলেটবাসী অনেক ভালো আছি আলহামদুলিল্লাহ
depressive,তোমাদের কোনদিন শোধ হবেনা অথচ স্বঘোষিত রাজাকারের বাচ্চারা তোমাদের আত্নত্যাগের কথা ভুলে গেছে
depressive,আপু আমি সৌদি প্রবাসী আমি রোগের রোগী
non_depressive,আমরা  সালের ব্যাচ। আমাদের শেষ পরীক্ষা আমরা জানি আমাদের পরই শেষ পুরাতন ক্যারিকুলাম ।  নতুন হবে কিন্তু এসব বলে খবরে
non_depressive,"কিশোর বেলায় যে মেয়েটিকে ভালো লাগতো , ভালো লাগার কথাটি হয়তো বলতে চেয়েও সাহস করে বলতে পারিনি যাকে , এখন সেই মেয়েটিই এসে আমাকে ভালবাসার প্রস্তাব দিলো এই বুড়ো বয়সে ! আমার কি এখন ভালবাসাবাসির বয়স আছে ? এখন তো আল্লাহ আল্লাহ করার বয়স নাতিপুতির সাথে গল্পগুজব করে সময় কাটানোর বয়স"
non_depressive,"সুভসন্ধ ্যা দাদা , : "
depressive,৩ রানে হেরে গেল বাংলাদেশ । : 
non_depressive,"যখন নিঝুম রাতে , সবকিছু চুপ , নিষ্প্রাণ নগরীতে ঝিঁঝিরাও ঘুম আমি চাঁদের আলো হয়ে , তোমার কালো ঘরে জেগে রই সারা নিশি এতটা ভালোবাসি"
non_depressive,সাংবাদিক ভাই টিমের সদস্য ছিলেন
non_depressive,"সিলেটে কোতোয়ালী পূর্ব থানা ছাত্রশিবিরের সভাপতি ফাহাদ আহমদ ভাইকে কেন্দ্রের ভিতর ধরে নিয়ে পায়ে বন্দুক ঠেকিয়ে গুলি করেছে আওয়ামী পুলিশ ! ইয়া আল্লাহ ভাইটিকে তুমি হেফাজত করো , আমীন । ওরা আওয়ামী সন্ত্রাসী , ওদের প্রতিরোধের বিকল্প নাই । "
non_depressive,এখন আমাদের করণীয় কিযদি বলতেন উপকৃত হতাম
non_depressive,ভালোবাসা ! শব্দটির ডেফিনেশন অনেক কিন্তু অনুভূতিগুলো এক 
non_depressive,অসাধারণ একটা নাটক।
depressive,আমাদের জীবনে অসম্ভব দুঃখ আমাদের অগ্রদিকে নিয়ে যাচ্ছে যেখানে আমরা শুধু আনন্দ খুঁজে বের করতে চাই।
depressive,কসাই ডাক্তার গুলা কখনোই পদ্ধতিকে ভালো বলবেনা
depressive,মাঝে মাঝে দেখা পাই চিরদিন কেন পাই আহা অনুভূতি
depressive,আমার মনে হয় আমি কখনোই সন্তুষ্ট হবো না।
depressive,দিন দিন সবাই রোবোটিক হয়ে যাচ্ছে । দেখতে অবিকল মানুষের মতো হলেও প্রত্যেকের ইমোশনের জায়গাটা যেনো নাই হয়ে যাচ্ছে । না হয় প্রতিনিয়ত এতো এতো দুর্ঘটনা ঘটার পরও আমাদের বিবেকের কল বিন্দুমাত্র নড়ে না কেনো ! 
non_depressive,বয়কট ভারতীয় নাগরিক বাংলাদেশ
depressive,মেয়ের জন্য আইন করা হয়েছেকিন্তু ছেলেদের জন্য কোনো আইন করা হচ্ছে না।ছেলেরাই এখন হুমকির মুখে।
non_depressive,আমি ইনশাল্লাহ করুণা টিকা চতুর্দশ নিছি আল্লাহর রহমতে ভালো আছি ইনশাল্লাহ
non_depressive,"বিমানবন্দর সড়কে শিক্ষার্থীদের বিক্ষোভ , শাজাহান খানের পদত্যাগ দাবি "
non_depressive,ভুয়া ভুয়া নিউজ গড়া
non_depressive,এরা কারা ভাই জানতে চাওয়া আমার মন।
depressive,কষ্ট দিবিরে তোরা
depressive,সিধ কাটিয়া তোমার ঘরে করতে গেলাম চুরি আসতে গিয়া অন্ধকারে আটকে গিয়াছে সার্টিফিকেট দিয়ে আমি করবো মনে চায় মরে যাই
non_depressive,সরকার চাইলে সবি করতে পারে কিন্তু তারা এসব চখে দেখে না।
depressive,আমি জানি আমি অনেক অতিষ্ঠত এবং অসুস্থ মনে হচ্ছি কিন্তু কেউ আসা যাচ্ছে আমার সাহায্য করার জন্য।
depressive,হঠাৎ বদলে যাওয়া মানুষগুলোর অতীত খুঁজতে গেলে বুঝতে পারবে কতটা অবহেলায় ভরা ছিল অতীতটা
depressive,বালিকা তুমি যতটা দুঃখ কষ্ট পেলে কাঁদো আমি তার চেয়েও বেশি দুঃখ কষ্ট বেদনার আঘাত নিয়া হাসি
depressive,খুবই দুঃখ জনক নিউজ বলবো লিখবো কোন ভাষাই পাইনা
depressive,আমি জীবনের অনিশ্চয়তার মধ্যে নিজের মূল লক্ষ্য হারিয়ে গেছি আমার অভিজ্ঞতায় মূল অর্থের অভাব অনুভব হচ্ছে।অনেক দিন ধরে আমি অশান্তির মধ্যে ভুগছি।
depressive,"নামের সম্পর্কের চেয়ে প্রতিটা বেনামি সম্পর্ক অনেক অনেকবেশি স্পর্শকাতর হয় , খুব জোরে ধাক্কা মারতে পারে পাঁজরভাঙ্গা বুকে কপি"
depressive,সিধ কাটিয়া তোমার ঘরে করতে গেলাম চুরি আসতে গিয়া অন্ধকারে আটকে গিয়াছে ভূড়ি 
depressive,পেম ব্যতিত লক্ষ্মণ গুলো আছে আমার মধ্যে ইভেন আমি ডিপ্রেশনে ভুগছি
depressive,"রাজ ্য ও কেন্দ্র সরকারের দুর্নীতি , দমন পীড়ন , স্বজনপোষন , শিক্ষা শিল্প স্বাস্থ্য কর্মসংস্থানে চরম ব্যর্থতা , গনতন্ত্র হত্যা , বিরোধী দলের কন্ঠরোধ , পঞ্চায়েত নির্বাচনে সন্ত্রাস ইত্যাদির প্রতিবাদে জেলা কংগ্রেসের উদ্যোগে জেলাশাসকের অফিসের বিপরীতে গন অবস্থান ও জেলাশাসক কে ডেপুটেশন । "
depressive,সুখী দেশের তালিকায় বাংলাদেশ এখনো পাকিস্তানের পিছনেই আছে।
depressive,ঘটনা ইদানীং আমাদের থানাতে প্রতি দিন ঘটছে আমরা এলাকাবাশী আতংকে আছি
non_depressive,বর্তমানে আমার লাইফের সাথে কথা গুলো মিলে গেলো ℅
non_depressive,ইমরাউল রাফাত অসংখ্য ধন্যবাদ এতসুন্দর গল্প লেখার জন্য। তটিনিইয়াশ জুটি বরাবরই অনবদ্য অভিনয় করে যাচ্ছে। এগিয়ে যান দোয়া রইলো
non_depressive,এটিকে উন্নয়ন বলে না। আমরা বাহিরে থেকে বুঝি বেশি ব্যয় এটা হলো কোনো একটি দেশের উন্নতির মাপকাঠি
depressive,জীবনের অদৃশ্য হাতির ধাক্কায় নিজের মুখ দেখতে পাওয়া যায় শূন্যের মধ্যে নিজেকে হারানো অনুভূতি জড়িয়ে রয়েছে।
depressive,আমার কঠিন সমস্যা হচ্ছে এখন করবো জাানাইলে ভালো হবে
depressive,কিছুদিন ধরে আমি খুব সময়ে ঘুমাচ্ছি এবং খাদ্যের স্বাদ বোঝতে পাচ্ছি না।
non_depressive,"কিছু কিছু মানুষকে আমরা এমন একটা জায়গা দিয়ে দেই , আসলে আদো কি তারা সেই জায়গার যোগ্য কিনা তা বিচার করি না । "
non_depressive,সরকারি চাকুরির প্রবেশ বয়স বাড়ালে হবে।মেয়ে সুন্দর কথা বলেছে।
non_depressive,দিন সত্যিই স্মরণীয় থাকবে আমার জীবনে। কোনো দিন নাটক কমেন্ট সেকসন থেকে ম্যাসেঞ্জ আসবে লাইক দেওয়ার দিন আবারো ফিরে আসবো নাটক টির মায়া জড়াতে
non_depressive,ছিঁড়ে ফেলার মধ্যে কোন আপত্তি নেই আমি একজন মুসলিম এটাই আমার প্রতিভা
depressive,মানুষ কতোটা জঘন্য হলে এমন কাজ করতে পারে
depressive,দুঃখ প্রকাশ করা ছারা এদের জন্য কিছুই করতে পারবো না।।।
depressive,খুব দ্রুত গতিতে বাইক চালানো ছেলেটা ও আজ খুব সাবধানে হূইল চেয়ার চালায় । পরোটা বাবা 
non_depressive,মানুষ গুলো তাকিয়ে তাকিয়ে দেখে মৃত্যু স্বাভাবিক।এই জন্যই বাংলাদেশের মানুষের দুর্ভোগ।
non_depressive,বেশি বেশি কুরআন তেলাওয়াত করুন এবং কোরআন তেলাওয়াত শুনুন বিষণ্নতা দূর হয়ে যাবে ইনশাআল্লাহ।
depressive,মেয়ে মানুষ মেনে নিতে পারে কিন্তু তার প্রতি প্রিয় মানুষের অবহেলা মেনে নিতে পারে কথাটার অর্থ অনেক গভীর যদি আমি সময় থাকতে বুঝতে পারতাম তাহলে এমনটা হতো
non_depressive,কর্মকাণ্ড বাঙালী বাংলাদেশেই সম্ভব
depressive,বিজেপি অক্সিজেন দিচ্ছেন অধীর শুভেন্দু অধিকারী
depressive,গভীর পানিতে বোনটি গুপ্তধন খুঁজছে ! 
non_depressive,"অভিনন্দন রাজশাহী ও বরিশালের দুই সিটি কর্পোরেশনের বেসরকারী ভাবে নব নির্বাচিত দুই মেয়র , শুভ কামনা । জয় বাংলা , জয় বঙ্গবন্ধু । "
non_depressive,আলহামদুলিল্লাহ আমার কোন ধরনের সমস্যা হয় নাই একদম সম্পূর্ণ সুস্থ আছি ইনশাল্লাহ ভবিষ্যতে এমন কিছু হবে
depressive,হওয়াটাই স্বাভাবিক কারণ বাবার চিকিৎসার জন্য সরকারের অনুদানের টাকা লাগে হাইলে ছেলে
depressive,সন্তানরা যদি অস্রবাজ তাহলে পিতাগুলো হবে
non_depressive,কাহিনি ঘটালে তোমরা চিন নাতোমাদের দলের না।জনগণকে বুঝাও।
non_depressive,সামনে কোটি দিয়ে বানালে লাভ হবে
non_depressive,প্রতিটা রাত্রির নিশ্চুপ নিরবতা গুলোই ভালো জানে নির্ঘুমতা ঠিক কতটা কষ্ট বিষাদ আর যন্ত্রণাময় ! : 
non_depressive,বাংলাদেশের প্রত্যেক মানুষের কাছ থেকে টাকা করে নিলেই হয়ে যায়
non_depressive,কোন পেশাকে ছোট করে দেখবেন অনেক বেকারত্ব কমে যাবে।
depressive,ধরনের উস্কানীমূলক বক্তব্য দেওয়া ঠিক নামাতৃভূমি ত্যাগ করে যাওয়াটা সৌভাগ্য বরং দুর্ভাগ্য
non_depressive,আল্লাহ স্বল্প মোহরনায় স্বল্প খরচের বিবাহতে বেশি বরকত দিয়েছেন। সকল বিবাহগুলো সবচেয়ে বেশি অটুট থাকে।
non_depressive,হতে পারে এটা পিঠানোর ভান করে ভিডিও করছে ইউটিউবে আপলোড দেওয়ার জন্যকারণ এইসব ভিউ ব্যবসায়ীদের বিশ্বাস করা মুশকিল
non_depressive,যদি সুস্থ হয় তাহলে অপর চিকিৎসা হয় কিভাবে
depressive,জীবন একটি অসংখ্য অন্ধকারের দিকে যাওয়ার একটি দীর্ঘ প্রয়াস।টাকা থাকলে শান্তিতে মরাও যায় ভাই। এটাই সত্যি
depressive,কিসের এতো ভয় বলো যেখানে ভালোবাসা শূণ্যতার উপর দাঁড়িয়ে সেখানে তোমাকে হারানোর ভয় বোকামী শুভ সকাল
depressive,"টানা ৩০ ঘন্টা ঘুমহীন থাকার পর , টানা ১৯ ঘন্টা ঘুম শেষে ডিউটিতে আসলাম তাও শান্তি নেই , চোখমুখে আন্ধার দেখতেছি , আবার ঘুম আসে , আগের রেকর্ড ছিল ১৬ ঘন্টা , নতুন রেকর্ড ১৯ ঘন্টা , মাঝেমধ্যে নিজেকে অসুস্থ মনে হয় , একজন সুস্থ মানুষ কি টানা ১৯ ঘন্টা ঘুমাইতে পারে , "
non_depressive,আমি সুন্দর্যের পূজারী আর সেটা যদি হয় প্রকৃতি তাহলেতো কোন কথাই নাই । শুভ সকাল বেলা 
depressive,আইনাতে আজ নিজেকে দেখলাম পৃথিবীতে এখনো ভালো মানুষ বাইচ্চা আছে ! 
non_depressive,নিয়মিত পাঁচ ওয়াক্ত নামাজ পড়েন কিছু ঠিক হয়ে যাবে ইনশাআল্লাহ। বিষন্নতাই আপনি ভুগবেন না।️
non_depressive,সাংবাদিক ভাইকে অনেক ধন্যবাদ
depressive,আইসা শুনতে আইছো গান সৃতি রাইখা গেলাম আমি মরার পরে যেনো আমার ছেলে দেখতে পায় আমার আব্বা গান শুনত
depressive,কিছু সময় পার্থক্য করলে অনেক কিছু হারিয়ে যায় তাহলে সময়ের সাথে আমার সমস্যা হারিয়ে যায়
depressive,এতো দিন আপনাদেন চোখে পরলো
non_depressive,ভাইয়া আপনি আছেন বলে অনেক কিছু খুব সহজেই বুঝতে পারি। অসংখ্য ধন্যবাদ ভাইয়া সাপ্তাহে ভিডিও চাই।
depressive,জিবনে হয়তো কোন গোপন দুঃখ ছিল তার জন্য এতোটা খারাপ হয়ে ছিল একজন মানুষ। তাছাড়া গরিবকে কেন ভালোবাসতো।
non_depressive,গড়ফা থানার প্রচেষ্টায় তেলিপাড়া লেন থেকে উদ্ধার হওয়া অসুস্থ ও মানসিকভাবে বিপর্যস্ত বৃদ্ধাকে চিকিৎসার পর সুস্থ করিয়ে দীর্ঘ ৯ মাস পর পরিবারের কাছে ফিরিয়ে দেওয়া হল । সুষ্ঠু জনসংযোগ গড়ে তুলতে পুলিশের এই প্রয়াস উল্লেখ্য । মানবিক পুলিশ 
depressive,এজেন্টদের বের করে দেওয়া হচ্ছে অভিযোগ সরোয়ারের সার্টিফিকেট দিয়ে আমি করবো মনে চায় মরে যাই
depressive,"সিলেট হবে সুশাসনের , নগর হবে জনগণের । হকারদের জন্য হলিডে মার্কেট চালুঃ বিশ্বের অনেক দেশেই ছুটির দিনে সড়ক কিংবা নির্দিষ্ট স্থানে মার্কেট চালু রয়েছে । সিলেটে যাতে এ রকম মার্কেট চালু করা যায় আমার অগ্রাধিকার পরিকল্পনায় সেটিও রয়েছে । এ ধরনের মার্কেট চালুর ফলে হকাররা উপকৃত হবেন । "
non_depressive,খবর জাতীয় গুরুত্বপূর্ণ সংবাদ হিসেবে আন্তর্জাতিক মহলেও বিশেষ গুরুত্ব পাবে ইতিহাসে স্বর্ণাক্ষরে লেখা থাকবে এবং যুগ যুগ ধরে বিশেষ গুরুত্ব পাবে।
non_depressive,আমার সোনার বাংলা বলে কথা
depressive,কোন একদিন আমার বাসার লোকজন আমি পালিয়ে বিয়ে করলে মেনে নিবে কিন্তু এখন আমার বাসার লোকজন আমার চুলকাটা মেনে নেয় রংবাজ
depressive,বিবাহ বিচ্ছেদ পরে মিথ্যা মামলার ভয় দেখিয়ে কাবিন টাকা নেয়া হয় এইসব পুরুষ নির্যাতন আইন পাশ করা খুব প্রয়োজন
non_depressive,অতিরিক্ত আঁকাবাকা বাংলাদেশ রাস্তাগুলো যার জন্য অবস্থা।
non_depressive,"হে আল্লাহ ! আমি তোমার কাছে হেদায়েত , তাকওয়া , চারিত্রিক পবিত্রতা , সম্পদের প্রাচুর্য এবং সে কাজ করার সামর্থ্য কামনা করি যা তুমি পছন্দ কর ও যাতে তুমি সন্তুষ্ট হও । মুসলিমঃ ৪৮৯৮ "
non_depressive,নামাজ পড়েন আপনার অভিযোগগুলো আল্লাহর কাছে বলেন। দেখবেন ধীরে ধীরে ঠিক হয়ে গেছে।
non_depressive,হবু বর বিয়ের পর আমি যখন শাড়ী পরবো তখন কিন্তু আমার শাড়ীর কুচি আর আঁচল ধরে দিতে হবে 
depressive,্যারা কাকে বলে বইগুলো তার উদাহরণ অলরেডি বছর এসব পড়ছি আবার বছরের জন্য পড়তে হবে পরির জীবনটা শেষ তিন তিনটা লাশ পরেছে কির পোলা লাশ চাস
depressive,একবারও এটার সম্মুখীন হয়েছে জানে এটা কতবড় রোগ। দূর থেকে অনেক পরামর্শ দেয়া যায়।কিন্তু যার যার সমস্যা জানে কিসের মধ্যে দিয়ে যাচ্ছে।
non_depressive,এগুলো কিয়ামতের আলামত
depressive,আমি সময় অত্যন্ত নিজের দিকে সমস্যা করি।হতাশা দুচিন্তা বেকারত্বের প্রধান কারণ।
depressive,অ্যালায়েন্স জুট মিলে পি এল ট্রাস্টি বোর্ডের নির্বাচনে তৃণমূলের ভোট লুটের প্রতিবাদে শ্রমিকরা কাজে যোগ দিচ্ছেন না । দীর্ঘ ৬ দিন অর্থাৎ ১৪৪ ঘণ্টা অতিক্রম করার পরেও একজন শ্রমিকও কাজে যাননি । প্রতিবাদ জারি । তৃণমূল হটাও বাংলা বাঁচাও : ? 
non_depressive,ফেসবুক একাউন্ট খুলে একটা ভূল করেছি এমন নিউজ দেখে উপলব্ধি করতে পারছি
non_depressive,হঠাৎ বিমানবন্দর নিয়ে নিউজ করা করে দিলেন তাহলে ঠিক হয়ে গেছে এখন
depressive,একজন করে ভোট দেবার সুযোগ পাচ্ছে সরকার ভোটাধিকার প্রয়োগের সব্বোর্চ্য সুযোগ দিছে সার্টিফিকেট দিয়ে আমি করবো মনে চায় মরে যাই
non_depressive,জন্য সরাসরি দায়ী প্রশাসন
depressive,সময় থাকতে হস্তক্ষেপ করলে এবং দেনমোহরের হার কমালে অবস্থা আরো ভয়াবহ হবে
depressive,সহমতপেটে গেলে উন্নয়ন গিলে খেতে হবে
depressive,ভার্চুয়ালে পরিচিতো প্রিয় আপুটাও আমার সাথে রাগ করে ব্যাস্ততার কারনে সবই ধীরে ধীরে হারিয়ে যাচ্ছে
depressive,কিসের ডিপ্রেশন কোরআন পরেন নামাজ পরেন কনো ডিপ্রেশন আসবে না️️
non_depressive,"অন্যায় যখন সীমা ছাড়ায় , প্রতিবাদ তখন করতেই হয় । বাসের চাকায় পিষ্ট হয়ে কচি প্রাণগুলোর অকালমৃত্যুতে যে মন্ত্রী দাঁত কেলিয়ে হাসতে পারে তার কি প্রাপ্য হওয়া উচিৎ ? অপমৃত্যুতে সন্তান হারানো বাবা মায়ের বুকের জ্বালা , হাহাকার যেন সে অনুভব করতে পারে এমন ব্যবস্থা নেয়া হোক । "
non_depressive,পরিপূর্ণ মানসিক শান্তি একমাত্র আল্লাহর দিকেই রয়েছে সূরা রাদ
non_depressive,পেঁয়াজ দিলেতো তরকারি টেস্ট করেনা
non_depressive," আয় বিজেপি দেখে যা , দেখবি যত জ্বলবি তত ! "
non_depressive,চট্টগ্রাম বিশ্ববিদ্যালয়ের শিক্ষক চট্টগ্রামের নারী পুরুষ মতামত নিয়ে উনারা পুরো বাংলাদেশের চিত্র তুলে আনলেন কিভাবে
depressive,মূল্যবোধের অবক্ষয় রোধে শিক্ষা ব্যর্থ কেন ? ড মুহাম্মদ রেজাউল করিম : 
non_depressive,বাংলাদেশের বক্স অফিস শুনলে মাথায় আসে চার দোকানের দান বাক্সের কথা
non_depressive,রাকিব দেশ থেকে বের করে দেওযা হোক
depressive,এটা অত্যন্ত দুঃখজনক এতবার কেন কঠোর ব্যবস্থা নেওয়া হয়
non_depressive,জন্য বলি লবণের দাম বাড়ে কেন
non_depressive,ফ্রি ফায়ার কার্যকারী একটি গান
non_depressive,বর্তমান প্রজন্মের সেরা জুটি তটিনী ইয়াস
depressive,শক্তিপদ সর্দারের খুন নিয়ে নতুন করে কিছু আর বলার নেই আমার সংবিধান অনুযায়ী আইনশৃঙ্খলা রাজ্যের অধীন বলে আমরা দাঁড়িয়ে দাঁড়িয়ে দেখবো এটা হতে পারে না দৃষ্টান্তমূলক কোন পদক্ষেপ না নিতে পারলে নেতা হিসেবে সাধারণ কর্মীদের সঙ্গে চোখ মেলাতেও আমার লজ্জা করবে এটাই অনুভব করছি ছিঃ
non_depressive,আলহামদুলিল্লাহ্ এখনো সুস্থ আচি। ভালো রাখার মালিক আল্লাহ।
non_depressive,বাংলাদেশের বক্স অফিস দানবক্স
non_depressive,হেডার নিউজ দেন সাংবাদিক ভাই
non_depressive,আমার মনে হয় নাজনিন মেডাম যথোপযুক্ত কথা বলেছেন
depressive,আমি যেটা করতে চাই করতে পারি যেটা করতে পারি চাই না।
non_depressive,বাংলাদেশ থেকে ট্রান্সজেন্ডার নামের ব্যাধি উপড়ে ফেলা হবে ইনশাল্লাহ
depressive,আমরা যারা মধ্যবিত্ত আছি তালগোল অভিনয় করে যাচ্ছি প্রতি মাসে তিন থেকে পাঁচ হাজার টাকা করতে হচ্ছে শুধুমাত্র নিত্যপ্রয়োজনীয় জিনিস ক্রয় করতে।
non_depressive,প্রধানমন্ত্রীর দৃষ্টি আকর্ষণ করছি।
non_depressive,দেশের সরকার থাকতেই দেশের তেল আরেক দেশে যায় কিভাবে
non_depressive,মানুষের মৃত্যুতে শুধুমাত্র কাফন বিক্রেতার মুখে হাসি ফুটে উঠে ! 
non_depressive,এতদিন পরে পুরনো খবর প্রকাশ করাটা আরটিভির মানায়
non_depressive,সরকার চাইলে সবি করতে পারে কিন্তু তারা এসব চখে দেখে না।
depressive,চাকরি নেই বাংলা আসলে গণতন্ত্র নেই ধিক্কার
non_depressive,টিকা নেয়ার আমি অনেক ভাল আছি
depressive,"নিজের বউরে এত্ত ভালোবাসমু যেন , পাশের বাড়ির ভাবিরা আফসোস করে বলে ইস ! আমি যদি তার বউ হতে পারতাম ! "
non_depressive,সোনার বাংলাদেশ উচিত কথা বললে চাকরি শেষ বঙ্গবন্ধুর আদর্শ সৈনিক
depressive,দাম বেশি কিন্তু কৃষক বেশি দাম পায় এটাই দুঃখের বিষয়
depressive,"আপনি তো একজন বুদ্ধিজীবী , আর আমি তো একজন শ্রমজীবী আমি কি করে আপনার চোখে চোখ রেখে দাড়াবো , সেই সাহস আমার নেই প্রধানমন্ত্রী নরেন্দ্র মোদী : ? "
depressive,যখনই আমি সিদ্ধান্ত নি। তখনই আমার মায়ের কথা মনে পরে তাই আমি কিছু করতে পারি
depressive,আমি নিজেকে একটি অস্তিত্ব বোঝার চেষ্টা করছি কিন্তু করতে অসমর্থ।
non_depressive,সরকার চাইলে সবি করতে পারে কিন্তু তারা এসব চখে দেখে না।
depressive,নেতা বিচার বাংলাদেশে হয়
non_depressive,সিনোফারমা ডোজ নিয়েছি। আলহামদুলিল্লাহ। আরাই বছরে কোনপ্রকার অসুস্থ হইনি
depressive,"এ কান্না শুধু তাদের সহপাঠী , পরিবার , আত্মীয় স্বজনের নয় ! এ কান্না আজ সারা দেশের , প্রত্যেক মানুষের । "
depressive,ভালোবাসা সময় রূপ দিয়ে হয়না এগুলো তারই প্রমাণ এসিড দগ্ধ মেয়েটি
depressive,শান্ত বুকের তপ্তক্ষুনে শক্তমাটি রক্তলাল মজলুমানের আর্তনাদে আরশে আজিম কম্পমান মানবতা দূর্বিপাকে আবাসভুমি ঘোর শ্মশান
depressive,কিজে করি বুঝতে পারছি সংসার চালাতে হিমসিম খাচ্ছি
depressive,বর্তমানে সবচেয়ে বেশি দুর্ঘটনা করছে বাস ড্রাইভার বলে
non_depressive,এইটা হয়তো নতুন কনটেন্ট থুক্কু নতুন ভিউ নেবার ধান্ধা
non_depressive,তাতে সাহসী হিরো আলম সিনেমা গড়ে  দর্শক দেখেনি এরপরে হিরো আলম দমে যাননি
non_depressive,ভাই এইটাও নিউজে দেওয়ার মতো। তাও আবার Rtv মতো গণমাধ্যমে। দিন দিন সস্তা চ্যালেন হিসেবে খ্যাতি অর্জন করছেন আপনারা।
depressive,দেশে কোনো লাভ প্রজেক্টের সিনেমা হবেওনা
non_depressive,আবাঙালী ছিনেমা বলে কথা
depressive,২ বন্ধু মিলে একটা গোয়েন্দাগিরি করেছি ১ টা সুপ্ত অফরাধের অফরাধী কে ধরেছি ভুক্তভোগীর কাছ থেকে প্রশংসা কুড়িয়েছি আর নিশ্চিতভাবে কিছু শত্রুতা বাড়িয়েছি ! 
depressive,হিন্দিরঅলারা এ হতভাগার এমন মস্তিষ্ক প্রক্ষালণ করেছে যে একেবারে বারোটা বাজিয়ে ছেড়ে দিয়েছে 
non_depressive,হটাও ভারত বাঁচাও দেশ গনতান্ত্রিক বাংলাদেশ। স্বৈরাচার নিপাত যাক গণতন্ত্র মুক্তি পাক।
depressive,আয় বিজেপি দেখে দেখবি জ্বলবি কান্না সারা দেশের অস্বস্তি
depressive,আইন সবার জন্য সমান নয় আবারও প্রমাণ হলো
depressive,"শুনছি বুলেট বাবু নাকি আসছে দেশে । কি যেন একটা প্রবাদ আছে না ছাল নাই কুত্তা , বাঘা তার নাম । দেশে বিদ্যমান রেলের যে বিতিকিচ্ছিরি অবস্থা হাগু করতে গেলে পানি নাই কিংবা পানি করতে গেলে হাগু নাই সেটাতে উন্নতির গুরুত্ব নেই আর উনি আসছেন ! "
depressive,স্বার্থক জন্ম জন্মেছি দেশে গাড়ীর চাপায় মানুষ মারে মন্ত্রী সাহেব হাসে কান্না সারা দেশের অস্বস্তি
depressive,"ফিমেইল গুলা থেকে যখন কোনো ক্যাপশন ছাড়াই তাদের ছবি আশে তখন মনে হয় তাদের ভাব ভঙ্গিটাই যেন ১টা ক্যাপশন । আর সেখানে অগণিত লাইক , কমেন্ট , শেয়ার হয় । অথচ কোনো ছেলে যদি তার জীবন বৃত্তান্ত দিয়েও ফটো পোষ্ট করে সেখানে বড়জোর হাতেগোনা পরিচিত কয়েকজনের মন্তব্য দেখা যায় বাস্তবতা"
depressive,কোতোয়ালী থানা শিবিরের সভাপতি ফাহাদের উপর পুলিশের পায়ে বন্দুক ঠেকিয়ে গুলি করে পঙ্গু করে ফেলার এহেন ন্যাক্কারজনক হামলার নিন্দা জানানোর ভাষা নেই । 
non_depressive,এটি ভেঙ্গে সরকারি কাজে ব্যবহার করা উচিৎ ছিলো
depressive,মনে হয় জীবনের অনিশ্চয়তা মেলে গিয়েছে নিজের মনে যেটি ফিরিয়ে পেতে অসম্ভব মনে হয়।অনেক দিন ধরে আমি অশান্তির মধ্যে ভুগছি।
non_depressive,অসাধারণ নাটক বেস্ট জুটি
depressive,আমারও এটা আগে কোন কাজ করে আনন্দ পেতাম এখন তার চেয়েও ভালো কাজ করে আনন্দ পাই খুব খারাপ লাগে সবসময়
depressive,চলিতেছে সার্কাস নির্বাচনের নামে জনগণের সাথে প্রতারণা করে তামাশার নির্বাচন চলতেছে পুলিশলীগ বাহিনীর সহায়তায় পুলিশলীগ যথেষ্ট জালভোট ও কারচুপির জন্য ঝৈ বাংলা ধাপ্পাবাজী সামলা 
depressive,বালিকার জন্য গেছিলাম ফ্রান্সের বিখ্যাত ভালোবাসার সেতুতে তালা ঝুলাইতে ভাগ্যের নির্মম পরিহাস সেখানে তালা ঝুলানোই নিষেধ করে দিছে
non_depressive,আলহামদুলিল্লাহ ভালো আছি।
non_depressive,প্রত্যেক ওযুর পর কালেমা শাহাদত পাঠ করুন আশহাদু আল্লা ইলাহা ইল্লাল্লাহু ওয়াহ্দাহু লা শারীকা লাহূ ওয়া আশহাদু আন্না মুহাম্মাদান আব্দুহূ ওয়া রাসূলুহূ এতে জান্নাতের ৮টি দরজার যে কোন দরজা দিয়ে প্রবেশ করতে পারবেন । মুসলিম ২৩৪ 
non_depressive,আলহামদুলিল্লাহ তিনটা নেওয়ার পরও সুস্থ আছি আল্লাহর কাছে লাখ লাখ শুকরিয়া
depressive,আমাদের দেশের কসাই চিকিৎসা ব্যবস্থা থেকে এইরকম ভালো
non_depressive,ভাই এইসব নিউজগুলো দেখাইলেই নয় এগুলোতো আরো লোকজনকে ইরেস্পায়ার করে
non_depressive,সরকার যদি দেশের বেকারত্ব দুর করতে চায় আমার মতে প্রথমে দেশে কর্মসংস্থানের ব্যবস্থা করতে হবে।
non_depressive,তোমার নিরবতায় আজ আমার ব্যস্ততম শহরটা ও থমকে দাঁড়ায় । 
non_depressive,আল্লাহ তুমি তাকে সুস্থ করে দিন
depressive,"দেশমাতা মুক্তির দাবিতে আজ সারাদেশে যুবদলের বিক্ষোব মিছিল , মহানগর উত্তর মিছিল করলো আর লেতারা কই ? ৫২টি থানা ও ১৩টি ইউনিয়ন । এভাবে মুক্তি মিলবে না । "
depressive,ডিপ্রেশনে মাঝে মাঝে চায় দুনিয়া থেকে বিদায় নিয়ে যাই
depressive,আমি সময় অনুমান করি আমি অপ্রয়োজনীয় এবং অস্বস্তির।
depressive,আমি সবকিছুর জন্য নিজেকে দোষ দিই
depressive,আবার বিজেপি কর্মী খুন ছিঃর উন্নয়ন বাহিনীর হাতে । মন্দির বাজার এলাকার বাসিন্দা শক্তিপদ সর্দারকে কুপিয়ে মারা হল কিন্তু পুলিশ প্রশাসন চুপ । দ্বিচারিতার কোন পর্যায়ে চলে গেলে একটা সরকার এতটা নির্মম হতে পারে ? আমি ওনার পরিবারকে গভীর সমবেদনা জানাই । 
depressive,ফালতু বিষয়ে মানুষের আগ্রহ কম। প্রচন্ড গরম বিদ্যুৎ সমস্যা করছে।
depressive,ভারতের সাথে তুলনা কেনো ছেলে মেয়ে গুলো ভারতেরv কষ্ট দিবিরে তোরা
non_depressive,নামাজ আদায় করুন। আল্লাহর সাথে কথা বলুন বিসন্নতা বুঝতেই পারবেন
non_depressive,একজন পাতি নেতার যদি ব্যবহার এরকম হয় তাইলে বড় গলার অবস্থা
depressive,"আমি নির্লজ্জ বেহায়া , গাঞ্জাখোর মানুষ দেখিনি , দেখেছি বলদ নামের হাসান মাহমুদকে । নিকৃষ্ট পথভ্রষ্ট্র লেখিকা তাসলিমা নাসরিন যেমন কখনও সন্তান প্রসব করতে পারবে না , হাসান মাহমুদও কখনো মিথ্যা গাজাঁখোরী ছাড়তে পারবে না "
depressive,আমরা যেখানে যাচ্ছি সেখানে শুধু অন্ধকার ছুঁড়ে পড়ে।আর কষ্ট দিবিরে তোরা বাঙালি
non_depressive,গ্রীন কার্ডে লাল সিগনাল।
non_depressive,দেশে কোন কারেন্ট যায় না
non_depressive,খবর আবার টিভিতে দেন আপনারা বাহ বাহ।
depressive,একটা চোখ ঢেকে রাখা আরেক চোখে স্পর্ধা পুড়েই গেলো এবার বুঝি ভালোবাসার পর্দা
non_depressive,মনটা খুব খারাপ হয়েছিলো দিলু খুড়ো যখোন পাহাড়ে ক্যালান খেয়েছিলো এই রকম মন খারাপ আবার আমার খুব ভালো লাগে শয়তান 
depressive,ভালো আছি অনেকটাই যেন জোর করে বলা
depressive,আমি একটা জিনিস বুঝতে পারিনা।আজকাল আমার কেন জানিনা কারও সাথেই কথা বলতে ভাল্লাগেনা।
depressive,সহপাঠী হত্যার বিচারের দাবীতে কুরমিটোলায় রাস্তা অবরোধকারী ছাত্রছাত্রীরা উন্নয়ন স্বাধীনতা বিরোধী
depressive,চরিত্র খারাপের কারণে পেঁয়াজের দাম বাড়াইছে।।।।
non_depressive,সকল পুলিশকে গোসল সাঁতার কাটার জন্য ছাত্রলীগ লেখা জার্সি উপহার দেয়া হউক
depressive,মাস থেকে ডিপ্রেশনে ভুগছিআল্লাহ আপনি আমাদের ডিপ্রেশন থেকে মুক্তি দাও আমিন
depressive,কতই পরিবর্তন হলো শিক্ষা মানতো ভালো হচ্ছে না। বরং লাফালাফি ব্যাঙ নাচ বিছনা গুছানো ইত্যাদি।
non_depressive,সিন্ডিকেটের প্রধান সরকার
non_depressive,"হে আমাদের রব , আপনি ক্ষমা করুন , দয়া করুন এবং আপনিই সর্বশ্রেষ্ঠ দয়ালু । সূরা মুমিনুন : ১১৮ "
depressive,আমি জীবনের অনিশ্চয়তার মধ্যে নিজের মূল লক্ষ্য হারিয়ে গেছি আমার অভিজ্ঞতায় মূল অর্থের অভাব অনুভব হচ্ছে।
non_depressive,কিন্তু বাংলাদেশের পাগল বুঝে
non_depressive,মিনিট সেকেন্ডে বলা দ্রব্যমূল্যের দাম বৃদ্ধি আসলে হবে দ্রব্যমূল্য বৃদ্ধি।
non_depressive,আমি পেয়াজ কিনা বন্ধ করেছি আজকে লাগবে শুধু তাই কিনেছি কাল তাই করবো আপনারাও এমন করেন।
depressive,ডিপ্রেশন ভিতরে ভিতরে শেষ করে দেয় একটা মানুষ
non_depressive,সরকারের কাছে হাত জোড় করে অনুরোধ করছি কমেন্ট পড়া লোকদের বেতনের ব্যবস্থা করুন
depressive,বিদায় কেউ এলোনা এলোনা কেন বোঝাতো গেলোনা মুঠোর মুখোশে কেউ কথা রাখলোনা কাছে ডাকলোনা জিভের মুদ্রা দোষে মুখোশে ছবি সায়ন রায়
depressive,অভিযুক্ত প্রধান আসামী নিজে স্বীকারে করেছে মাংস রান্না করে খেয়েছে সেটা উল্লেখ করেন
non_depressive,সুন্দর নিউজ সামনের বিসিএসের ভাইবাতে থাকতে পারে
non_depressive,১৩৪ কেন্দ্রের মধ্যে ১৩২টি কেন্দ্রে বিএনপির প্রার্থী আরিফুল হক চৌধুরী ধানের শীষ প্রতীক নিয়ে ৯০ হাজার ৪৯৬ ভোট পেয়েছেন । আওয়ামী লীগ প্রার্থী বদর উদ্দীন আহম্মদ কামরান পেয়েছেন ৮৫ হাজার ৮৭০ ভোট । : 
non_depressive,কানাডিয়ান বিখ্যাত লেখক রবিন শর্মা বলেছিলেন ? ভুল বলে কিছু নেই ! সবি নতুন শিক্ষা
non_depressive,আমার দেখা একটি সেরা নাটক নাটকটির প্রতিটি মূহুর্ত ছিল কষ্টের
non_depressive,হাস্যকর ব্যাপার আসলেই হাস্যকর
depressive,সকাল থেকে আমার আশেপাশে কেমন জানি মর্মর শব্দ শুনতে পাচ্ছি ! নানা ভাবে শব্দের উৎস খোজাঁ শুরু করালাম ! পরে দেখলাম বুকের বামপাশে হৃদয় ভাঙ্গছে ! অনুভব করছেন ভালোবাসাহীন
depressive,এখন আমার ভালো থাকা আমার উপর নেই এখন আমার আমি বাঁচে ঘিরে তোমাকেই
non_depressive,বাস্তব সত্য সরকারের দব্যমূল্য নিয়ন্ত্রণে সরকার আরও কার্যকরী পদক্ষেপ নিতে হবে। জরূরী ভিত্তিতে পদক্ষেপ নিন।
depressive,বৃষ্টিতে আরামে এক্টু ঘুমাতে পারলাম সকালে আম্মু বাজারে পাঠাইল তাও আবার মাছ কেনা লাগবে রুই মাছ জীবনেও আমি মাছ কিনি নাই
non_depressive,বাংলাদেশের আইন নিয়ম কানুন আলেমদের উপর বঙ্গবন্ধুর পাতি নেতাদের কিছু মাফ
depressive,বিষন্নতা আামর জীবন এখন অন্ধকারে ডেকে গেছে আমার জীবনে কনো আলো নেই তবুও বেঁচে আছি একদম নিশ্চুপ জীবন্ত লাশ হয়ে
non_depressive,সাকিব খানের সাথে টক্কর দিতে আসলে
depressive,বয়স হবার পরেও তোর স্বভাব গুলা এখনো মাসের বাচ্চার তুই কোনোদিন বড় হবিনা জ্বালাবি বাণীতে আম্মু
depressive,যার ভিতরে একবার ডিপ্রেশন প্রবেশ করছে সেই বুঝে রোগের ভয়াবহতা
non_depressive,ছবি ঈদের পরে মুক্তি দেওয়া উচিৎ ছিল বুঝতে পারনি।
depressive,আমি সময় অনুমান করি আমি কোন কারণে অমিল।আমি সময় অনুমান করি আমি যেটা প্রয়োজন তাতে আমি সেটা করতে পারবো
depressive,"বিজেপি বাঙালি কে চায়না বাঙালি বিজেপি কে চায়না ৪০ লক্ষ বাঙালি রাতারাতি উদ্বাস্তু , বাঙালি কি জিনিস জানবে নরেন্দ্র মোদি বাঙালিকে ঘেন্না করা বিজেপি দূর হ বাংলা থেকে ১২বছরটিএমসিএস ২১০হাজারটিএমসিএস বাঙালিজিন্দাবাদ বাংলাজিনদাবাদ তৃণমূলকংগ্রেসজিনদাবাদ দিদিজিনদাবাদ"
non_depressive,চিকিৎসায় আমার বাবা সুস্থ হয়েছেন।।
non_depressive,বাংলার জনগণকে বলবো সপ্তাহ রাইস খাওয়া বন্ধ করে দেন সবাইকে ধন্যবাদ
non_depressive,সন্ধ্যা ছয়টার পুর্বে দোকানে সিগারেট কেনাবেচা নিষিদ্ধ আইন চাই।
non_depressive,কোনকিছু শোনার সাথে বাঙ্গালী হুমরি খেয়ে পড়ে। দুই চারদিন কেনা বাদদিলে এমনিতেই দাম একটু কমবে।
non_depressive,সময় আর শিক্ষক দুইটাই আমাদের শিক্ষা দেয় । শিক্ষক আগে সব শিখিয়ে পরীক্ষা নেয় সময় আগে পরীক্ষা নিয়ে তারপর শিক্ষা দেয় অজানা কিছু সম্পর্কে চিন্তাভাবনা করছেন
non_depressive,আল্লাহ্ আপনি তাকে সুস্থতা নেক হায়াত দান করুন আমিন
non_depressive,"তোমার ইচ্ছেগুলো ইচ্ছে হলে , আমায় দিতে পারো আমার ভালোলাগা , ভালোবাসা তোমায় দেবো আরো তুমি হাতটা শুধু ধরো আমি হবো নাতো কারো তোমার স্বপ্নগুলো আমার চোখে হচ্ছে জড়োসড়ো "
depressive,পৃথিবীর সবচেয়ে বোকা হচ্ছে মেয়েরা তারা নিজের পয়সায় রূপচর্চা করে ছেলেদের ফ্রীতে দেখায় । শুভ মধ্যরাহ্ন
depressive,নিজের একটি চোখ বিক্রি করে আইফোন কিনে সবাইকে দেখিয়ে বেরাচ্ছেন আমাদের নিমা তিন তিনটা লাশ পরেছে কির পোলা লাশ চাস
depressive,বিবাহ বিচ্ছেদ পরে মিথ্যা মামলার ভয় দেখিয়ে কাবিন টাকা নেয়া হয় এইসব পুরুষ নির্যাতন আইন পাশ করা খুব প্রয়োজন
non_depressive,ইনশাআল্লাহ করোনার কোন টিকা দেয়নি এখন পর্যন্ত আলহামদুলিল্লাহ ভালো আছি
depressive,মোদি হাসপাতালেও মোদি সার্টিফিকেট দিয়ে আমি করবো মনে চায় মরে যাই
depressive,স্বার্থক জন্ম আমরা জন্মেছি দেশে রাস্তায় মানুষ মরে মন্ত্রী সাহেব হাসে হায় আফসোস কষ্ট দিবিরে তোরা
non_depressive,মারুফের ইতিহাস ছবিটার কথা মনে আছে সবার
depressive,তখন আবেগ কাজ করেছে বিবেক কাজ করেনি।
depressive,লেখাটি পড়ে মনে হচ্ছে জীবনের অন্ধকারে পড়লেও প্রত্যাশার কোনো আলো থাকতে পারে না। কান্না সারা দেশের
non_depressive,রাশেদুল পূর্বে কোন রাজনৈতিক দলের কর্মী ছিলো জাতি জানতে চায়।
non_depressive,এবার পুজোয় কিশোর কুমার কার্নিভাল ! তার প্রস্তুতি পর্বে তুমুল ব্যস্ত সবাই । কিশোর কুমার জুনিয়র আসছে । 
depressive,তুমার স্মৃতি বড়ই কাদায়
depressive,মাঝে মাঝে আপনাদের কিছু নিউজ দেখে আমি খুবই বিষণ্ণতায় ভুগি
depressive,কাছের মানুষের এতোটাই ভালবাসা দিতে হবে যাতে Dipration ভুলে থাকতে পারে
depressive,তুর ইহকাল পরকাল দুইটাই গেল
depressive,কোটি টাকা সিনেমায় খরচ করে অন্য ভাবে টাকা করা যেতো। টাকা ভাবে নষ্ট করে মানুষ সাহায্য করুন কাজে আসবে
non_depressive,লায়কতামিল হিরু হতে চাচ্ছে
non_depressive,এটি ভেঙ্গে সরকারি কাজে ব্যবহার করা উচিৎ ছিলো
non_depressive,মুভির ক্লিপ কেটে মিম বানানো হোক তাও যদি কয়টা টাকা ওঠে
non_depressive,তাতে পাবলিক বস্তি দের নিয়ে সাংবাদিকদের মাতামাতি এখন। বাথরুম ব্লগার ফাউল
depressive,"গেলে তোমার আমার আরো ৪ ৫ টা সন্তান যাবে , ত বোও শাজাহান এর মন্ত্রীত্ব যাবেনা এটা সাফ মনে রাখো । আন্দোলন অবরোধ করে টরে কোন লাভ হবেনা এটা সাফ মনে রাখো । এইটা আমার বাংলাদেশ "
non_depressive,সিন্ডিকেট ঘুষ দুর্নীতি বন্ধ করতে হবে। পাশাপাশি নৈতিকতা জ্ঞান থাকতে হবে
depressive,ভাই মনে গরমে পাগল হয়ে নিজের মনভাব প্রকাশ করে ফেলসে।
non_depressive,চোরের গলায় কথা
non_depressive,নামাজ সকল ধরনের বিশন্নতা দূর করে
depressive,"মঙ্গলগ্রহে তরল পানির হ্রদ , প্রাণের অস্তিত্বের সম্ভাবনা কি বাড়লো ? : "
depressive,গুলোর ফাঁসি চাই আমরা
depressive,অসাধারণ হয়েছে আমি সাধারণত দুঃখের অভিনয় দেখে কাঁদি না।আজ জুটির অভিনয় দেখে কেঁদে ফেললাম
depressive,মনে হয় জীবনের অস্পষ্টতায় আমি নিজের অভিজ্ঞতা হারিয়ে গেছি যেটি ফিরিয়ে পেতে অসম্ভব মনে হয়।অনেক দিন ধরে আমি অশান্তির মধ্যে ভুগছি।
non_depressive,বাইকের স্পিড মনে উপরে ছিল তাই বাস বাইকের সংঘর্ষ
depressive,তখন আবেগ কাজ করেছে বিবেক কাজ করেনি।
non_depressive,ধরনের একটা থেরাপি বিকাশ নুরাকে দেওয়া উচিত
non_depressive,ধরনের বিষয়ে জনগণকে সচেতন হতে হবে আগে জনগণ যদি সচেতন হয় তাহলে এগুলো কখনো ঠিক হবে
non_depressive,বন্ধুর অভিনয় করে বন্ধুকে এমন ভাবে মারলতাকে উপযুক্ত শাস্তি দেওয়া হোক
non_depressive,আচ্ছা তাহলে এবার পাঠিয়ে দেব
depressive,"আজ দুপুরে মহাখালী তে দেখলাম , ট্রেনের ধাক্কায় একটি মৃত্য লাশ পরে আছে । আইনশৃঙ্খলা বাহিনীর পাশে ডিউটি করছে । কিন্তু , লাশটি সরানোর মতো মানুষ নেই । এখন বুঝতে পারছি সেই ৫টি মিনিট এ অনেক কিছু শিখে পেলছি । "
non_depressive,এতোদিন দেয়না কেন
non_depressive,আমাদের বাড়ি থেকে কয়েক কিলোমিটার দূরে সারিয়াকান্দি
depressive,! হায়রে মৃত্যু বাংলাদেশ 
non_depressive,সাংবাদিকদের নিউজের অভাব পরছে ভাত পাইতাছেনা নাকিএগুলাও নিউজ করে
depressive,অনেক কষ্ট পেলাম কাঁদলাম যাইহোক খুব ভালো লাগলো
depressive,আমি আমার সময়ের সাথে অনেক স্বপ্ন হারিয়ে যাচ্ছি তবে যদি আমি অধিক সময় কষ্টে যাচ্ছি তাহলে আমি মনে করতে পারবো আমি আমার সময়ের সাথে সমস্যা হারিয়ে যাচ্ছি
depressive,আমার বেদনা দুঃখের অন্ধকারে ছুটে দেওয়া হয়েছে লেখাটি পড়ে।আসুন দেশটাকে গিলে খাই ভাত উপর চাপ কমাই
depressive,খুঁজিয়া পাইনা নগর পিতা সাঁতরে পাইনা কূল দক্ষিণে পাইনা সাঈদ খোকন উত্তরে নাই আনিসুল
depressive,জীবন আমাকে সবসময় একা এবং অসহায় অনুভব করার অনুভুতি দেয়।অনেক দিন ধরে আমি অশান্তির মধ্যে ভুগছি।
depressive,সবার অংক মিলে আমার অংক কেন মিলে
non_depressive,এদের বিচার আল্লাহ করবে আল্লাহ ছাড় দেয় ছেড়ে দেয়না
depressive,ফিলিস্তান মুসলিমদেরে আবস্থা সবার কাছে অনুরোধ পোষ্টটি দেখা মাত্রই শেয়ার করবেন প্লিজ বাচ্চাটার জন্য দোয়া করবেন
non_depressive,ধন্যবাদ যমুনা টিভিকে
depressive,যদি সম্ভব হতো আমাদের দেশের বিবাহের নিয়ম কানুনগুলোকেই ডিভোর্স দিয়ে দিতাম।
depressive,যখন আমরা প্রিপারেশন নিচ্ছি তখন আমার বয়সি একজন রকেট তৈরি করছে ফরেন কান্ট্রিতে আজব শিক্ষাব্যবস্থা কোনো কাজেই আসেনা পরিশেষে।
depressive,আমার জীবনে অনেক কিছু নষ্ট হয়ে গেছে সেই নষ্ট অনুভবে আমার হৃদয় খুবই বিক্ষিপ্ত।
non_depressive,নিউজ করে লাভ নেই ধরে নিবে কিন্তু মাস পরে ছেরে দিবে।
non_depressive,নাটকমিডিয়া ইনকাম ভালো।
non_depressive,অনেক কিছুই আপনার চোখকে আকর্ষণ করবে কিন্তু শুধু সেই জিনিসগুলোর পিছনে যান যেটা আপনার হৃদয়কে আকর্ষণ করেছে । 
non_depressive,চোরের বচ্চারা দাম বাড়াতে সমায় লাগেনাকুমাতে সমায় লাগে।
non_depressive,তারে আইনের আওতায় এনে কঠিন শাস্তি দেওয়া উচিত
non_depressive,প্রকৃতির অপরূপ সবুজে মনটা জুড়িয়ে যায় । শুভ সকাল 
non_depressive,আমাদের পাবলিক  পাশ অর্ধেক
non_depressive,হর্তাকর্তাদের আগে বিদায় করা উচিৎ
depressive,একজন করে ভোট দেবার সুযোগ পাচ্ছে সরকার ভোটাধিকার প্রয়োগের সব্বোর্চ্য সুযোগ দিছে সার্টিফিকেট দিয়ে আমি করবো মনে চায় মরে যাই
non_depressive,প্রকাশ্যে অস্ত্র দেখার পরও পুলিশের অভিযোগের দরকার।বলবে অভিযোগ পেলে আমরা ব্যবস্থা নিব।
non_depressive,শুনেই ভেতরটা কেমন করছে
non_depressive,সিটি গ্রুপ আলম বসুন্ধরা এদেরকে দিয়ে নিত্যপ্রয়োজনীয় পচনশীল দ্রব্য উৎপাদন করানো গেলেই দ্রব্যমূল্যের দাম সর্বদা থাকবে।
depressive,বালিকার জন্য গেছিলাম ফ্রান্সের বিখ্যাত ভালোবাসার সেতুতে তালা ঝুলাইতে ভাগ্যের নির্মম পরিহাস সেখানে তালা ঝুলানোই নিষেধ করে দিছে
non_depressive,বোঝা ছিল মানে আমাদের লুটপাট করছ ভুলে গেলে
depressive,বাংলাদেশের পরিমাণ অর্থনৈতিক মন্দা চলছে পরিমাণ দ্রব্য সামগ্রী দাম বৃদ্ধি পাচ্ছে। কারনে কোটি মানুষেরই ডিপ্রেশন ভুগছে
depressive,পৃথিবীর সবচেয়ে বোকা হচ্ছে মেয়েরা তারা নিজের পয়সায় রূপচর্চা করে ছেলেদের ফ্রীতে দেখায় শুভ মধ্যরাহ্ন
depressive,যার ওনেক ভুক্তভোগী আমি লিপিড প্রোফাইল কোন কারন ছাড়াই বেড়ে যাচ্ছে। আরো সমস্যায় ভুগছি কিচ্ছু বলার নাই।
non_depressive,এইসব দামি রিপোর্টারদের কাজ নেই আরএইসব সস্তা পাবলিকদের নিউজে দেখানোর আছে
non_depressive,খুব দ্রুত আসামিদের ফাঁসি চাই ফাঁসি চাই
non_depressive,হাফসাতুন্নেসা মেডিকেল টার্মিনোলজির উচ্চারণ রিপোর্ট করার আগে জেনে নেবেন। অথবা একজন চিকিৎসক কাছ থেকে। কঠিন কিছু না।
non_depressive,হুম যারা যেতে চায় তাদের নিয়ে দেশ একটু ভারত মুক্ত হোক
non_depressive,তার সেরা মুভি ইতিহাস
depressive,টেলিভিশনের জনপ্রিয় জুটি সৌরভ মধিমুতার আজ তৃতীয় বিবাহবার্ষিকী । সত্যিই এই মুহূর্তে তাঁরা এক সঙ্গে নেই । : ? 
depressive,বাবা মায়ের স্বপ্ন পূরন করতে পারলাম
non_depressive,সরকারের কাছে জোর দাবি জানাচ্ছি এসব নিউজ দেখার জন্য বেতন ভাতা দেওয়া হোক
depressive,আমি সময় অনুমান করি আমি কোন কারণে অসন্তুষ্ট।কাজের মানসিকতা সম্পন্ন কোন শিক্ষিত সমাজ পাবোনা বেকারত্বের ভুগবে
non_depressive,অাল্লাহর উপর সবসময় ভরসা রাখুন তাহলে দেখবেন সবকিছু ঠিক হয়ে গেছে ইনশাল্লাহ ️️️
non_depressive,তটিনী ইয়াশের নাটক অসাধারণ
depressive,আমি সময় অনুমান করি আমি নিজের সাথে সন্তুষ্ট নই।আমি সময় অনুমান করি আমি যেটা প্রয়োজন তাতে আমি সেটা করতে পারবো
depressive,এসব এখন খায় বাংলাদেশে
non_depressive,প্রায় দিনের আগের সংবাদ আজকা প্রচার করতাছেন
depressive,আমি সময় অনুমান করি আমি কোনও কারণে সুখী হতে পারবো না।
depressive,যায় দিন যায় রাত থাকি দিশেহারা তরে ছাড়া বড় একা একা লাগে তরে ছাড়া
depressive,কেন মারলি তোরা যতই অন্যায় করুক তারপরও এভাবে মারতে হয়কতই কষ্ট দিয়ে মারলি
depressive,প্রেমে পড়িনিতাই মাথা ব্যাথাও নেই।
non_depressive,সুফল কতো টুকু
depressive,চারিদিকে শুনি উন্নয়ন উন্নয়ন তাহলে জোর করে সিল মারার প্রয়োজন কষ্ট দিবিরে তোরা
depressive,আমাদের প্রতিটি শুধু একটি বিপর্যয়ের চিহ্ন।আর কষ্ট দিবিরে তোরা বাঙালি
non_depressive,চোরের আবার লজ্জা শরম মজা পেলাম।
depressive,চারিদিকে শুনি উন্নয়ন উন্নয়ন তাহলে জোর করে সিল মারার প্রয়োজন সার্টিফিকেট দিয়ে আমি করবো মনে চায় মরে যাই
depressive,একজন করে ভোট দেবার সুযোগ পাচ্ছে সরকার ভোটাধিকার প্রয়োগের সব্বোর্চ্য সুযোগ দিছে সার্টিফিকেট দিয়ে আমি করবো মনে চায় মরে যাই
non_depressive,এখানে যদি মোশাররফ অথবা চন্চলের মুভি হতো থেকে গুন বেশি ইনকাম হতো
depressive,মায়া বলি তোমার মায়া আজও আমি আসক্ত কমেন্ট রেখে গেলাম কোন দিন জোদি ফিরে আসি সেই এইখানে আবার খুজে নিবো তোমাকে
non_depressive,আপনি বলেন অর্থ নিতি বিদ সাহেব চাঁদা অর্থ নিতীর কোন অংশ পড়ে আমি একটা লাউ বিক্রয় করতে টাকা  কিমি দূরে গেলেই দাম এতো ভাবে
non_depressive,অসহায় থাকলেকুরআন পড়েন।আর প্রতিদিন পাঁচ বার নামাজ পড়েন।দেখবেন কষ্ট দুর হয়ে গেছে।
non_depressive,বাংলাদেশের উন্নয়ন হয়েছে সেই ঠ্যালায় মাছ মাংস খাইতে পারি
depressive,সকালে উঠিয়া আমি মনে মনে চিল্লাই এতো বড় হইছি আমার নাই কিল্লাই
non_depressive,মারহাবা ! বরিশালে পোলিং এজেন্ট নিজ দায়িত্বে সবার ভোট দিয়ে দিচ্ছেন । : 
depressive,আমিঃ কেমন ডিপ্রেসন আছি আমি জানি আমার আল্লাহ্ ভালো জানেন
non_depressive,উচ্চ শিক্ষিত হওয়া দেশে বড় পাপ।
non_depressive,যুগোপযোগী শিক্ষা ব্যবস্থা যতদিন চালু হবে না। বেকারত্ব থেকে যাবে।
depressive,এমন নির্যাতন করা হয়েছে
depressive,লেখা পড়ে মনে হচ্ছে আমাদের জীবনের অত্যন্ত দুখজনক অধ্যায় শুরু হয়েছে। আসুন দেশটাকে গিলে খাই ভাত উপর চাপ কমাই
depressive,এতো সুন্দর একটা নাটক। অনেক অনেক শুভকামনা থাকলো প্রিয় মানুষটাকে হারিয়েছি বলে এতো সুন্দর নাটকটা দেখা হলো কেউ লাইক করলে আবার কিছু লিখবো
depressive,"ফিমেইল গুলা থেকে যখন কোনো ক্যাপশন ছাড়াই তাদের ছবি আশে তখন মনে হয় তাদের ভাব ভঙ্গিটাই যেন ১টা ক্যাপশন । আর সেখানে অগণিত লাইক , কমেন্ট , শেয়ার হয় । অথচ কোনো ছেলে যদি তার জীবন বৃত্তান্ত দিয়েও ফটো পোষ্ট করে সেখানে বড়জোর হাতেগোনা পরিচিত কয়েকজনের মন্তব্য দেখা যায় বাস্তবতা"
non_depressive,আমার কাছে সবই পরিকল্পিত মনে হয়।
non_depressive,মুফতি কাজী ইব্রাহিম হুজুরের কথাটা মিলে গেলো
depressive,মধ্য আয়ের দেশে উন্নীত হয়ে বাংলাদেশ এখন ভাঙ্গাদেশে রুপান্তরিত হয়েছে ফ্যাক্ট দেড় ঘন্টার রাস্তার অর্ধেক আসতে লাগে সাড়ে তিন ঘন্টা
depressive,আমি আগের মতো খেতে পারি
depressive,আমি সময় স্বপ্ন দেখি আমি হারিয়ে যাচ্ছি এবং আমি কোনও সমাধান খুঁজতে পারি না।
depressive,বিষন্নতা আমি হারে হারে টের পাইছিআলহামদুলিল্লাহ এখন অনেকটা সুস্থ আছি।
non_depressive,খুব ভালো লাগলো জনতার কাজটি
depressive,বর্তমান দেশের পরিস্থিত বাদী বিবাদীর টানা হেঁচড়ায় আইনজীবীদের চুষে খাওয়ার ধান্দা বেড়েছে
non_depressive,প্রশাসনের সঠিক বিচার থাকলে কেউ সাহস করে খারাপ কাজ জীবনে করত যাইহোক টাকা আছে যার প্রশাসন পকেটে আছে তার। টেনশন কিসের।
non_depressive,অসাধারণ একটা নাটক।
non_depressive,শিক্ষা মন্ত্রী যখন যৌন মন্ত্রী তখন এমন হবে এটাই সাভাবিক
depressive,আমি জানি আমার জীবনের সমস্যার সামনে অবস্থা হলে আমি কীভাবে সম্মুখীন হতে পারবো না।
depressive,ফসলের দাম নেই কিষান মান্ডি গুলো চালু নেই শূন্যপদে নিয়োগ নেই শিল্পে বিনিয়োগ নেই চাকরি নেই বাংলা আসলে গণতন্ত্র নেই ধিক্কার
non_depressive,আমি নিজেই ভারতের কাছে আশ্রয় চায়
non_depressive,"সব থেকে বাজে সময় টা হল , মাঝ পথে বাইক এর তেল ফুরায় যাওয়া । কপাল ভাল , গোপালগঞ্জ শহরের কাছা কাছি এসে তেল ফুরালো । "
non_depressive,সরকারের কাছে উচিত বিচার চাই
depressive,লক্ষ্মণ গুলো আমার সাথে মিলে গেছেআমার জীবন প্রতি মায়া উঠে গেছে
non_depressive,ইয়াশ রোহানের সুন্দর অভিনয় একদিন অনেক অভিনেতা হবে
non_depressive,হিন্দু দাদা দিদিদের ইদের দাওয়াত দিলাম শেষবারের মতো দেখতে পারবেন দেশে মিস করবো আপনাদের
non_depressive,সবখানে দুর্নীতি তারা বলে উন্নয়ন
depressive,আপন মারা গেলে খুব কষ্ট
depressive,আমি দিয়েছি এখন এলার্জি সমস্যা। যেকোনো সময় নাক দিয়ে সুতা সুতা পানি যায় ভালো হচ্ছিনা। তারপর একটু দুলা বালি পড়লেই সর্দি শুরু
depressive,ভাইয়া আমরা শারীরিক প্রতিবন্ধী চাকরির হয় হবে কি। চাকরির ডাক পত্রিকা উল্লেখ করে যে। শারীরিক প্রতিবন্ধী পাবে কাছে প্রশ্ন
depressive,টেস্টে বাজে খেলায় খেলোয়াড়দের অশ্লীল ভাবে গালি দেয়া ছেলে মেয়ে গুলার মূখে এখন প্রসংশা ফুল ফুটে অদ্ভুত
non_depressive,আমার কাছে মাসের জন্য দিয়ে দিতে তোরে ভাই আমি দিগুন লাভ দিতাম।
depressive,আমাদের একই অবস্থা
non_depressive,বক্স অফিসটা কোথায় কীভাবে
non_depressive,উপজাতি দের কঠোর বিচার চাই
depressive,আমি সময় অনুভব করি আমি কিছুই পর্যাপ্ত নই।
depressive,আজব একটা মানুষ তুমি দুঃখের গল্প বললেও তুমি কষ্ট পাও
depressive,চাষীর উৎপাদিত দ্রব্যের দাম পাই কিন্তু ভোক্তা পর্যায়ে গুণ দাম হাকানো হয়।
depressive,আমি চেষ্টা করছি আনন্দ খুঁজে পাওয়ার জন্য কিন্তু সেই আনন্দ কোথাও হারানো গেছে।টাকা থাকলে শান্তিতে মরাও যায় ভাই। এটাই সত্যি
depressive,জীবনের পথে অসহায় ভ্রমণ এখনো থামে নি।আর কষ্ট দিবিরে তোরা বাঙালি
non_depressive,আসসালামু আলাইকুম ফ্রেন্ড
depressive,আমি সময় অনুমান করি আমি অন্যের মতো হতে পারছি না।আমি সময় অনুমান করি আমি যেটা প্রয়োজন তাতে আমি সেটা করতে পারবো
non_depressive,আমি তিনবার ভেকসিন নিয়েছি আলহামদুলিল্লাহ বিসমিল্লাহর সহিত
depressive,ইয়াশ কমপ্লিট অ্যাক্টর তটিনী বেস্ট চোখে চোলে আসছে সেরা নাটক
non_depressive,গতকাল মারামারির নিউজ দেখলাম।
depressive,মানুষের প্রতি মানুষেত দরদ দিন দিন কমলেও কুত্তা বিলাই প্রতি মানুষের দরদ দিন দিন বাড়তেছে সার্টিফিকেট দিয়ে আমি করবো মনে চায় মরে যাই
non_depressive,জন্যই ভারত অনেক ভালবাসি
depressive,আমার চেষ্টা অনুপ্রাণিত অনুভূতি আমার মনে ব্যাক্ত হয় আমি আত্মহত্যা ভাবছি।
depressive,কিছু মনে হয় কাছাকাছি হারিয়ে যাচ্ছে।অনেক দিন ধরে আমি অশান্তির মধ্যে ভুগছি।
non_depressive,free fire যারা খেলো তারা বলো শটগানটির নাম
non_depressive,কোনো একটা মৃদু বৃষ্টিস্নাত দিনে শেষ সুন্দর কিছু সময় কটেছিলো তবে জানতো সেটাই ছোট্ট জীবনের শেষ সুন্দর মুহূর্ত ছিলো সুন্দর থেকো নিস্পৃহ
depressive,নাটকটা দেখে মনে হলো। আল্লাহ যদি দিতৃীয় বার সুযোগ দিতো। আমি মানুষটাকে চাইতাম। যেটা আমার আল্লাহ ছাড়া কেউ যানে না।
depressive,ভালোবাসার মানুষটি হারিয়ে গেলেই তার প্রতি ভালোবাসা বৃদ্ধি পায়
depressive,জ্ঞানের ফেরিওয়ালা সালাম তোমায় অভাগা এইদেশে জ্ঞান আহরণের সুযোগটুকুও নেই তোমার
depressive,এমন বন্ধু থাকাই ভাল উপজাতি কালপিট বন্ধুদের প্রকাশ্যে শাস্তি দেওয়া হোক
non_depressive,ইন্টার মিলানের পর রোমা । এর আগে ইতালির ক্লাব ইন্টার মিলানের পক্ষ থেকে লিওনেল মেসিকে প্রস্তাব দেওয়ার কথা শোনা গিয়েছিল । এ বার সেই জল্পনায় জুড়ছে রোমার নামও । : ? 
non_depressive,হায়রে হামারে দিনাজপুর বোর্ড
non_depressive,আপনার ভিডিও ভাই অনেক খানি ইম্প্রুভ হইয়া যাচ্ছেআজকের ভিডিওটা একটু আসলেই ভালো এডিটিং ছিল।অনেক ভাল্লাগছে ভাই
depressive,মাঝে মাঝে দেখা পাই চিরদিন কেনো পাইই
depressive,আমি চেষ্টা করছি আমার মধ্যে একটি বিরক্তি অনুভব করতে কিন্তু পাওয়া যাচ্ছে না।
non_depressive,বক্স যদি দেখিয়ে দিতেন তাহলে টাকা দিতাম তাতে যদি কিছু ক্ষতিপূরণ হয়
depressive,বিবাহ বিচ্ছেদ পরে মিথ্যা মামলার ভয় দেখিয়ে কাবিন টাকা নেয়া হয় এইসব পুরুষ নির্যাতন আইন পাশ করা খুব প্রয়োজন
depressive,আমি সময় অনুমান করি আমি অন্যের জন্য পর্যাপ্ত নই।আমি সময় অনুমান করি আমি যেটা প্রয়োজন তাতে আমি সেটা করতে পারবো
depressive,"আজকাল বড্ডো মনে পড়ে তোমার সেই কথাটা , আমি তোমাকে ছাড়া থাকতে পারবো না , জানিনা এখন সে কি করে আছে আমায় ছেড়ে । "
depressive,কেন জানিনা নাটকটা দেখে অনেকটা সময় কান্না করলাম
non_depressive,উনারা যেই কায়দায় চিকিৎসা করছেন হয়তো চিকিৎসাটা পরিচিত কিন্তু লবণ দিয়ে চিকিৎসা করা হয় দুবাই
depressive,হৃদয়ে একটি অচেতন অনুভূতি অন্ধকারে ঢাকা বারবার আমাকে আঘাত করে।
depressive,আমি সময় অনুমান করি আমি অন্যের মতো হতে পারছি না।আমি সময় অনুমান করি আমি যেটা প্রয়োজন তাতে আমি সেটা করতে পারবো
depressive,জীবনের মৃত্যুর পথে আমি অবশ্যই ভুগছি।
depressive,দিল্লিতে অনাহারে মৃত্যু বেআব্রু অাচ্ছে দিন তিন শিশুকন্যার দানা খাবার জোটেনি দিন
non_depressive,সুস্থ ছিলাম হঠাৎ করেই কিছুই মনে করতে পারতেছিনা কোন কিছুই মনে করতে পারতেছিনা
non_depressive,technical শিক্ষার বিকল্প নেই এবং সর্বস্তরে শিক্ষার পরিমানগত গুণগত মান বৃদ্ধি করতে হবে।
non_depressive,"একবার একা হয়ে দেখো পৃথিবীতে কেউ কারোও নয় । জীবন চলার পথে সবাই অভিনয় করে , কেউ ছুটে স্বার্থের টানে ! কেউ থাকে আবেগের কারণে , এটাই তো জীবন । "
non_depressive,হেতেরা ভোটের সেন্টারগুলাতে আন্ধাইরে সিল মাইরাও কামিয়াব হইতে পারে নাই সিলেটবাসী ভোট প্রদানে শত আতংকের মাঝেও পিছপা হয় নাই 
depressive,অনেক কিছু সম্পর্কে অজানা হওয়া অনেক বেশি কষ্টদায়ক যেন হৃদয়ের মুখে একটা ঘুম পড়ে যায়।
depressive,আমি সময় অনুভব করি আমি কাউকে পছন্দ করতে পারছি এবং আমার সম্পর্কে কেউ চিন্তা করে না।হতাশা দুচিন্তা বেকারত্বের প্রধান কারণ।
non_depressive,খুব গুরুত্বপূর্ণ নিউজ। ধন্যবাদ টিভি
non_depressive,কারিগরি শিক্ষার বিকল্প নাই। জাপান সিঙ্গাপুর উন্নত হয়েছে কারিগরি শিক্ষার মাধ্যমে। বেকারত্ব দূর হবে কারিগরি শিক্ষার মাধ্যমে।
non_depressive,হতে পারে ঐলোক কেমেরার বাইরে
non_depressive,সাফল্যের ধাপ ফজর জুহর আসর মাগরিব ইশা
non_depressive,তোরা খবর দেখাবি নাকি মিউজিক শুনাবি মিউজিক দেছ কেন
non_depressive,ওয়াক্ত নামাজ কিছুর সমাধান
non_depressive,"জীবন শেষে মরণ হয় , মরণ শেষে হয় কী ? অগ্নিতে যার আপত্তি নেই , মাটিতে তার ভয় কী ? সমকোণ"
non_depressive,বাজার নিয়ন্ত্রণে চীনা ফর্মুলা অনুসরণ করা উচিত। সরকার মাঠ পর্যায় আমদানীকারকের থেকে যাবতীয় পণ্য কিনে নিয়ে সরকারি ভাবে জনগণের কাছে বিক্রি করে
depressive,পাকিস্তান বাংলাদেশের উন্নয়ন দেখে প্রশংসা করে অন্যদিকে বাংলাদেশের অভ্যন্তরে পাকিস্তানি একদল সমর্থক বলে বাংলাদেশ নাকি রসাতলে গেছে। বুঝো নাই ব্যাপারটা।
non_depressive,একটি কলেজের শিক্ষাথি কিভাবে ফেল করে। এটা কিভাবে সম্ভব।
non_depressive,জয় হয়ে যাচ্ছে আমাদের নৌকা মুজিবুর রহমান চেয়ারম্যান জয় হয়ে যাচ্ছে কাজী মুরশেদ আহম্মদ বাবু ভাই টেবিল ল্যাম্প মার্কা জয় বাংলা
depressive,ভারতের সাথে তুলনা কেনো ছেলে মেয়ে গুলো ভারতের
non_depressive,খ্যাক নাম্বার ওয়ান ইউটিউবার
depressive,"বর্তমান পৃথিবীতে আমার কাছে মনে হয় দুইটা জিনিস বেশী জনপ্রিয় , একটা হলো সেক্স আর একটা হলো ক্রাইম । "
non_depressive,খুনিদের ফাঁসির জোর দাবী জানাচ্ছি
depressive,জীবনের অনেক সময় হারিয়ে যাওয়া স্বপ্নগুলি আমার দুঃখের জলে ডুবে আসে।
depressive,যখন জনগণ খায় পাকানোর দরকার ছিল ভালো বাবুর্চি দরকার হলে চুলায় পানি বসায়
non_depressive,জয় বাংলা আজ রাজ্য বিধানসভায় সর্বসম্মতিক্রমে রাজ্যের নাম পশ্চিমবঙ্গ বদলে বাংলা করার প্রস্তাব পাশ হয়ে গেল । এবার অপেক্ষা শুধু কেন্দ্রের ছাড়পত্রের । 
depressive,যোগ্য লোক চাকরি পাচ্ছে
non_depressive,পৃথিবীর শ্রেষ্ঠ আদালত হচ্ছে মানুষের বিবেক
depressive,বাংলাদেশে একটা লাউ  টাকা আমরা লাউ এখন গরুকে খাওয়াইওমানহায়রে বাংলাদেশ
non_depressive,ধন্যবাদ মিডিয়া। বাস্তবতা তুলে ধরার জন্য।
depressive,সকালে উঠিয়া আমি মনে মনে চিল্লাই এতো বড় হইছি আমার বৌ নাই কিল্লাই
depressive,ভিডিও দেখে আমার যতো মোন খারাপ ছিলো দুরে চোলে গেলো
depressive,জুম্মা মোবারক নামাজের একটা সেল্পি সবাই লাইক কমান্ড কলেন
non_depressive,ব্যালট বইয়ে পুরোটাতেই নৌকায় সিল : 
non_depressive,তারও বৃষ্টি খুব পছন্দ প্রিয় ডিব্বা
depressive,"মনের পার্লামেন্টে আজ স্পিকার নেই । মনের জনসভায় নেই কোন বক্তা । অন্তরে হরতাল ডেকেছে বিরোধী পক্ষ । ভালোবাসার ভোট কেন্দ্রে ভোট পেযেছি একটা , তাও আবার জাল ! "
non_depressive,বাংলাদেশ বাশ দিয়ে উন্নয়ন ভাই জানো।
depressive,খুব অদ্ভুত একটা মিলআমার নিজের নাম নিরা।। পুরো নাটকটাই ভীষণ কষ্টের ।নাটকটার একটা জায়গায় চোখের পানি ধরে রাখতে পারি মিনিটের জায়গা টাই।।
depressive,বিষন্নতা রোগের আমরা ভালো চিকিৎসা পাব কোথায় যদি কোন ভাইয়ের জানা থেকে তাহলে আমাকে অবশ্যই জানাবেন
non_depressive,পুরুষ নিযাতনের আইন করা উচিতএকমত হলে লাইল দেন
non_depressive,ওরাল রিহাইড্রেশন সলিউশন ও আর এস প্রস্তুত করার ১২ ঘন্টার মধ্যে বা রেফ্রিজারেটরে রাখলে তা ২৪ ঘন্টার মধ্যে পান করে ফেলা উচিত । 
non_depressive,"আলহামদুলিল্লাহ , সিলেটে ধানের শীষের বিজয় জনতার রায় ছিনিয়ে নিতে পারেনি ! অভিনন্দন আরিফুল হক চৌধুরী ! "
depressive,বাসের তলায় পিষছে মানুষ হাসছে নরপিশাচ তিন তিনটা লাশ পরেছে কির পোলা লাশ চাস
non_depressive," , দুঃখ বেদনা বিপর্যস্ততার মধ্যেও , যার বন্ধুর বন্ধুত্বে ফাটল ধরেনা সেই সাদেক । রাবেয়া বসরী রহঃ "
non_depressive,এইসব শিক্ষিত বেকারদের যদি কর্মসংস্থান হয় দেশ আরো এগিয়ে যাবে। সরকারের উচিত কর্মসংস্থানের ব্যবস্থা করা।
non_depressive,নিয়ে বাংলাদেশ উন্নায়ন হয়েছে আলুর কেজি টাকা ছিল টাকা হয়েছে এটা উন্নায়ন
depressive,ইজ্জত ভয়ে খুলে কমেন্ট করতে পারি
non_depressive,এদের জনগণের হাতে তুলে দেওয়া হউক
non_depressive,মাঝে মাঝে মন খারাপেরও কোন কারন লাগেনা । শুধু বুঝতে পারি আমি ভাল নেই
depressive,আমিও টিকা নেয়ার থেকে অসুস্থ সবার কছে দোয়া চাই
non_depressive,শুধু অস্ত্র জব্দ করলে হবে তাকেও জব্দ করা উচিত ছিল কঠিন বিচারের মুখোমুখি করা উচিত এদের
non_depressive,আল্লাহ মালিকযা হবে আলহামদুলিল্লাহ
non_depressive,আলহামদুলিল্লাহ আল্লাহ সুস্থ রেখেছেন
non_depressive,এদের প্রত্যেককে ফাঁসি দেয়া হোক
depressive,একমাত্র সেই ব্যক্তিই জানেন ডিপ্রেশন কতটা যন্ত্রণার যিনি ক্লিনিক্যাল ডিপ্রেশন আক্রান্ত
depressive,জুম্মা মোবারক নামাজের একটা সেল্পি সবাই লাইক কমান্ড কলেন
non_depressive,আস্তাগ ফিরুল্লাহ আল্লাহ এদের সুস্থ করে দেন এবং ইমান দান করেন
depressive,মৃত লাশের একটা শেষ সমাধি হলে ও অাছে । কিন্ত জীবন্ত লাশের এটা ও নাই মুগ্ধতা দুনিয়া ! 
non_depressive,আল্লাহ রহমত করুন
non_depressive,বাংলাদেশে পড়া নামধারী শিক্ষার সঙ্গে কর্ম শিক্ষার গতিও সমান তালে বাড়াতে হবে। তবেই শিক্ষার মূলায়ন হবে।
non_depressive,আমরাই প্রথম পরীক্ষা দেব
non_depressive,বাংলাদেশের ডাক্তারের থেকে ওদের কাছে যাওয়া অনেক ভালো
non_depressive,তাহলে কি জামায়াত ইসলামের হাতেই যাচ্ছে সিলেট সিটির ক্ষমতা : : 
non_depressive,ডাক্তার প্রফেসর দ্বীন মোহাম্মদ স্যার এবং নিউরোলজিস্ট আছে বিষয়ে পিএইচডি করা দরকার।
non_depressive,পুলিশ যেদিন মানুষ হবে সেদিন বন্ধ হবে
non_depressive,এটা মনে দিনের বেলায় ঘটেছে সেই খবর এখন কেনো রাত বারটায়
depressive,এই ভেবে খুব কস্ট হচ্ছে কাল মিথ্যের কাছে হেরে যাব অামি ও অামরা নির্বাচন
non_depressive,"কোন বিচারের দরকার নাই , শুধু দুই বাসের দুই ড্রাইভারকে ধরে ক্রসফায়ারে দিয়ে দেওয়া হোক । তাহলে এমন মর্মান্তিক ঘটনাগুলো কিছুটা হলেও কমবে । "
depressive,ওহ ! কোন ছেলেটা যে ক্রাশ খেলো লেখলো প্রেমের নাম বোঝে কি সে প্রেমের এখন নাই কোন নাই দাম ? 
non_depressive,ভাইয়া বাংলাদেশ সংবিধান নিয়ে একটা ভিডিও করলে অনেক উপক্রিত হতাম।
depressive,মানুষের জীবন নিয়ে খেলে ধরনের বাস ড্রাইবার।
non_depressive,ইয়াশ রোহানতটিনী সেরা জুটিতটিনীকে আমার অনেক ভালো লাগেনাটকের নাম শেষ কিছুদিন দেখে অনেক কিছু ভেবেছি তাই মনযোগ দিয়ে দেখছি শেষ কিছুদিন হবে
non_depressive,দিন থেকে টিকা দিয়েছি সেদিন থেকে যৌন সম্সায় ভুগছি
depressive,"কাল সকালে আর ওরা তাড়াহুড়া করে ইউনিফর্ম পরে , অর্ধেক নাস্তা করে , মায়ের থেকে ঠিকমত বিদায় না নিয়েই বের হয়ে যাবে না কাল ওদের কোন তাড়া নেই ! কাল আর ওদের কলেজ যাওয়া লাগবে না । কেমন কাটছে আজকের রাত টা ওদের মায়েদের "
non_depressive,হেডলাইন লেখকছে বাংলা মাল খেয়ে
non_depressive,তোদের বাড়ি বাগে কেন
non_depressive,কোচিং সেন্টারগুলো ঢাকার সাইডে নেওয়া উচিত বসিলার ওদিকে তাহলে বাসা ভাড়াও কমবে বেচেলার দের জন্য সুবিধা হবে
depressive,আরে পুরাতন কারিকুলাম হবে তাহলে আমরা যারা সালে এসএসসি দিবো তাদের বিষয় গুলো নেই এটা নিয়ম বানালো
non_depressive,চাকরির অপেক্ষায় সরকারি চাকরির অপেক্ষায় থাকে। পেলেই ভাতের অভাব দেখা দেয়।
non_depressive,আসুন সবাই কিছুদিন পিয়াজ কিনা বন্ধ করিতাহলে গুরুর মাংসের সিন্ডিকেট ভেংগে যাবে
depressive,হেক্সিসলের গন্ধে আমি তোমার গন্ধ পাইনা অসাধারণ অভিনয় জীবনের প্রতিটি অধ্যায় মানুষকে ভাবায় জীবন ভয়ংকর সুন্দর মৃত্যু আরও বেশি সুন্দর
non_depressive,বরিশাল সিটি কর্পোরেশন নির্বাচনে জালভোটের প্রতিবাদ করায় বাসদের নারী মেয়রপ্রার্থী ডা মনীষা চক্রবর্তীর মই ওপর হামলা ও মারপিট করেছে ছাত্রলীগের গুণ্ডারা । 
depressive,এমন এমবিএ বিবিএ করে করবোআর একটা কথা সবাই যদি চাকরি করে চোরদের রাজনীতিতে আন্দলনে যাবে হচ্ছে সমস্যা
depressive,ভেজা ভেজা চোখ আমি রোদ্দুরে শোখাবো ভালোবাসি তোমারে কি করে তা লুকাবো 
non_depressive,থেকে হিরো আলম নিলেও বেশি করতে পারত
depressive,"১৭১ দিন , প্রতিহিংসার কারাগারে বন্দী আপোষহীন দেশনেত্রী বেগম খালেদা জিয়া । মনে হচ্ছে অনন্তকাল দেখিনা আমার নেত্রী আমার মা কে । সেই কবে এক ঝলক দেখাল আর কোন খোঁজ নেই । আমরা আসলেই অক্ষম , কিছুই কারার নেই এক আল্লাহর কাছে দোয়া করা ছাড়া । আল্লাহ্ আমার নেত্রীকে হেফাজত করুন , আমিন "
non_depressive,সর্বশেষ ভোটে কারচুপির অভিযোগে সিলেট নির্বাচন কমিশনের কার্যালয়ে অবস্থান কর্মসূচি বিএনপির মেয়র প্রার্থী আরিফুল হক চৌধুরীর । 
depressive,ভালো নেইভালো থাকা হবেনা শূন্য
non_depressive,আল্লাহ তুমি আমাদের সবাইকে মাফ করে দাও আমিন
depressive,আমার বর্তমান সময়ের সাথে কথা গুলোর একদম মিলে গেছে
non_depressive,ভারতে সেটা দিয়ে বাংলাদেশের জনগনের লাভ
non_depressive,"ভালোবাসা এখন আর মন থেকে হয় না , ভালোবাসা এখন টাকায় থেকে আসে , গরীব মানুষ"
non_depressive,বাংলাদেশ আইন শুধু কোরআনের পাখিদের উপর। এরকম শাসন ব্যবস্থা ধিক্কার জানাই
depressive,"একজন মেয়েকে বিনা বেতনে ৪ বছর বাসায় কাজ করিয়ে মেয়েটার বিয়ের সময় ৫ হাজার টাকা দেয়া হয়ছে , হয়রে মানুষ হায়রে মানুষের বিবেক বিচার । "
non_depressive,এমন চিকিৎসা পদ্ধতি নাটকে দেখছিলাম এখন বাস্তবে দেখলাম
non_depressive,আজাইরা যুক্তি দেশের টাকার মান বেশি আমাদের টাকার মান কেনো
non_depressive,সময় টিভির জন্য অসংখ্য দোয়া তারা যেন এরকম নতুন নতুন এপিসোড উপহার দেয় থেকে অনেক কিছু শিখার আছে
depressive,আমি সময় অনুভব করি আমি কাউকে পছন্দ করতে পারছি এবং আমার সম্পর্কে কেউ চিন্তা করে না।হতাশা দুচিন্তা বেকারত্বের প্রধান কারণ।
non_depressive,অনেক দিন মাজহারুল মুহাজির এটিএন বাংলা শুনলাম ভাইয়ের কাজ অসাধারণ
depressive,আমি সময় মনে করি আমি ব্যারিস্টার হতে পারি না।
depressive,চাকরির কারনে বাধ্য হয়ে টিকা নিয়ে এখন অনেক রোগের ভুক্তভোগী।
depressive,পাকিস্তান আসলে একটা অসভ্য রাষ্ট্র । এরা যখন কেউরে নির্বাচিত করে ক্ষমতায় নিয়ে আসে কিছুদিন পরে সেই নেতাকে খুন হতে হয় ; নইলে দুর্নীতির দায়ে জেলে যেতে হয় পাকিস্তানের প্রধানমন্ত্রী হচ্ছেন ক্রিকেট বিশ্বজয়ী ইমরান খান : 
depressive,স্কুল খুলে আমাদের ডিপ্রেশন শুরু হয়েছে।
depressive,এদের খবর রাখে শুধু আমার খবর কেও রাখে
depressive,মেয়েরা নাকি আজকাল ভালো ছেলে খুজে পায়না পাবে করে আমিতো থেকে বেরও হইনা সার্টিফিকেট দিয়ে আমি করবো মনে চায় মরে যাই
depressive,ভালো বাসলে এতো কস্ট কেন্ পেতে হয়  রাত  headphone কিছু স্মৃতি ভুলতে চাই ভালো থাকুক্ prithibir ভালোবাসা
depressive,আমি ডিপ্রেশনের রোগী খুব কষ্টে আছি পরিবার অনেক গরিব দারিদ্র্যতা মানুষ আমাদের ভালোবাসে
depressive,"এটা বড় দুঃখের টাকা থাকবে , পরিচিতি থাকবে না । পর্দায় আয়ু কমবে অভিনেতাদের । গ্রহ , তারকা কিচ্ছু তৈরী হবে না ! শিল্পী , নির্মাতারা শুধু টাকাতেই খুশি কি ? মনে হয় না । অনুরোধ করছি মাত্র , নাম পদবী দিন । মানুষ ওদের বাপ মার দেওয়া নামে চিনুক । প্লিজ । : "
depressive,পুলিশ হালারা রাতেও শুধু শুধু সাধারণ মানুষ হয়রানি করে ধান্দার জন্য কবো ওরা মানুষ হবে সার্টিফিকেট দিয়ে আমি করবো মনে চায় মরে যাই
depressive,নাটকের মতনই আমার জিবটা সেস পান্তে দারিয়ে আছি
non_depressive,দিন দিন তটিনী ইয়াশ রোহান জুটিটা জনপ্রিয় হয়ে উঠেছে
non_depressive,অসাধারণ অভিনয় অসাধারণ গল্প
depressive,হৃদয়ের গভীর স্থানে একেবারে অগ্নিকে ভাসতে পারি না।
non_depressive,এতো সুন্দর গল্প সাবলীল অনবদ্য বাস্তব অভিনয় শুভকামনা রইল দুজনার জন্য
depressive,"কি সহজে হয়ে গেলো বলা , বিন্দুমাত্র কাঁপলো না গলা ! মুখে তার চিকন লাজুক হাসি ড্রাইভার না মন্ত্রী ! কার চাইবো ফাঁসি ? "
depressive,দুপুর  তার সাথে শেষ দেখা মাস জীবনটা অন্য রকম ছিলো
depressive,বালিকার জন্য গেছিলাম ফ্রান্সের বিখ্যাত ভালোবাসার সেতুতে তালা ঝুলাইতে ভাগ্যের নির্মম পরিহাস সেখানে তালা ঝুলানোই নিষেধ করে দিছে
depressive,এতোদিন আপনারা এটা নিয়ে একটা নিউজও আফসোস কোন প্রতিষ্ঠিত চ্যানেলো
non_depressive,এই সিলেট আমাদের ভালোবাসা । এই সিলেট আমাদের আবেগ । এই সিলেট আমাদের গৌরব আর অহংকারের সাথে জড়িত । এই সিলেটের উন্নয়ন এবং সমৃদ্ধি মানে বাংলাদেশের উন্নয়ন আর সমৃদ্ধি । বাংলাদেশের সামগ্রিক সত্তার সাথে সিলেট জড়িয়ে আছে । : 
non_depressive,ধানেরশীষ আলীগ নেতারা আইন নিজের হাতে তুলে নিচ্ছে বুলবুল : 
non_depressive,সরকারের দরকার বাড়িটা খুব যত্ন হবে রাখার যাতে কেউ যাতে এটার উপর আঘাত করে বাংলাদেশে ইতিহাসের কিছুই থাকে
depressive,কি অদ্ভুত মাইরি । খাইতে লাগে ২ টাকা আর ছাড়তে লাগে ৫ টাকা । আল্লাহ তোমার কাছে বিচার দিলাম ? পানি ফ্যাক্ট
depressive,মাঝে মাঝে ইচ্ছে করে সব ছেড়ে দূরে কোথাও চলে যাই । কিন্তু গাড়ি ভাড়া নেই বলে যেথে পারিনা । 
depressive,ভালোবাসার সম্পর্কে বিশ্বাস ভাঙার স্বভাবটা মানুষের জন্মগত । স্বামী ঠকাচ্ছেন স্ত্রীকে ; স্ত্রী ঠকাচ্ছেন স্বামীকে । প্রেমিক ধোঁকা দিচ্ছেন প্রেমিকাকে ; আবার প্রেমিকাও সুযোগ বুঝে প্রেমিকের কাছ থেকে সরে যাচ্ছেন । তাঁদেরই বা এমন কী দোষ ? যুগের বাতাসেই তো বিশ্বাস ভঙ্গের গন্ধ ! 
non_depressive,আমাদের জন্য কথা বলার জন্য ধন্যবাদ
non_depressive,ভিউয়ের জন্য নিছে নামবেন
depressive,বাস আমি ছিলাম। এতো জোরে চালাচ্ছিল আমানুষের মতো
depressive,সাকিব ক্যাচ মিস করে ছক্কা বানায়া দিলো রুবেল নাম্বার উইকেট পাওয়া থেকে বঞ্চিত
non_depressive,বর্তমানে বাংলাদেশে CSE ভালো চাহিদা আছে। কিন্তু যেই হারে CSE student বাড়তেছে খুব শীঘ্রই কম্পিউটার থেকে CSE student বেড়ে যাবে।
non_depressive,যারা ফেল করেছে ওইসব শিক্ষার্থীদের খাতা আবারো চেক দেওয়া উচিত
non_depressive,বাস মালিক সমিতির কাছে সরকারও নিরুপায়
depressive,অধিকাংশ সময় আমি আমার স্বপ্নের অনুভুতি পেতে চাই কিন্তু সময় একা চলে গেলে আমার অনেক স্বপ্ন ভেঙে যায়
non_depressive,শীতকালে বেশী করে তরকারি খেলে পিয়াজ লাগে
depressive,তোমাকে এমন ভাবে ভালোবাসলাম তোমাকে এখন ভুলতে গেলে নিঃশ্বাস বন্ধ হয়ে যায় চলে যাওয়া মানুষ যখন ফিরে আসে তখন চাইতে এতো আনন্দের অন্যকিছু হতে পারে
non_depressive,খুনিদের ফাঁসির জোর দাবী জানাচ্ছি
depressive,ভালোবাসায় গভীরতা থাকলে অভিমানের গভীরতা পরিমাপ করা যেত অভিমানের গভীরতা মনে থাকলে ভালোবাসার গভীরতা কখনোই বুঝা যেত না।
non_depressive,সাধারণ জনগণ ফাঁসি চাই
non_depressive,রেস্টুরেন্ট মালিকের কোনো দোষ নাই
depressive,বর্তমান দেশের পরিস্থিত বাদী আর বিবাদীর টানা হেঁচড়ায় আইনজীবীদের চুষে খাওয়ার ধান্দা বেড়েছে 
depressive,টাকাটা গরিব অসহায় মানুষের কল্যানে কাজ করলে ইহকাল এবং পরকালের আপনার অনেক মঙ্গল হত।
non_depressive,বালিকা তু আমাকে ভুলে গেলি কিন্তু সিম কোম্পানি আমার ইমারজিন্সি ব্যালেন্স কেঁটে নিতে ভুললো না 
non_depressive,আলহামদুলিল্লাহ আওয়ামী লীগ সরকার বার বার দরকার
non_depressive,সিলেটে ৩টি ভোট কেন্দ্রে রাতেই ব্যালটে সিল মারা হয়েছে : 
depressive,কারো প্রতি সিরিয়াস হওয়া মানে নিজেকে ডাস্টবিনে পরিণত করা যেখানে লেখা থাকে আমাকে ব্যবহার করুন আজব দুনিয়া
depressive,কিসের যেন একটা অভাব দেহের ভিতর বসবাস করছে । মাঝে মাঝে অনেক ভাবি কী হতে পারে এটা । ভেবেও কোন কূলকিনারা পাইনা ! 
non_depressive,উচ্চস্বরে মিউজিক দেওয়ার মানে খুবই বিরক্তিকর এটা
depressive,সকালে উঠিয়া আমি মনে মনে চিল্লাই এতো বড় হইছি আমার নাই কিল্লাই গুদ মন্নিং
depressive,সরকার যদি বারবার ক্ষমতায় থাকে তাহলে সরকারের মন্ত্রী এমপি নেতা করুক কেনোতাদেরকে ধরে রাখার কেউ থাকেযার কারনে পরিণতি
non_depressive,এটা নিয়েও নিউজ করতে হবে।
depressive,বিজেপি অক্সিজেন দিচ্ছেন অধীর শুভেন্দু অধিকারী
non_depressive,এদেরকে আইনের আওতায় নিয়ে আসা হোক
non_depressive,"সমস্ত পৃথিবীর মানুষ জানুক আমি বদলে গেছি । এখন আমি ভাবাতে জানি । এখন আমি সাজতে জানি । এখন আমি রাত জাগাতে জানি । এখন আমি লিখতে জানি হাজারো রঙের কবিতা । জানি জানি সব জানি , আমি এখন হাসতে জানি । "
depressive,নাটকটা ইয়াশ তটিনীর সবচেয়ে সুন্দর একটা নাটক ছিলো এটার ভালো মুহুর্তগুলো সবাইকে হাঁসিয়েছে কষ্টের মুহুর্তগুলো সবাইকে কাঁদিয়েছে
non_depressive,রাকিব দেশ থেকে বের করে দেওযা হোক
non_depressive,এখন মহাসড়ক থেকে বাস বন্ধ করে দেন নাকি এটাই নিয়ম দেশের। সিস্টেমের বালাই নাই যানবাহন বন্ধ করে দিলেই সমাধান
depressive,ভারতের আসাম থেকে লাখ অবৈধ বিদেশি এখন কোথায় যাবে কান্না সারা দেশের অস্বস্তি
non_depressive,তাকে আইনের আওতায় আনা হোক
depressive,আমার সমস্যা আছে ওষুধ সেবন করলে ভালো থাকি এবং ওষুধ বাদ দিলে আবার হয় করবো প্লিজ দয়া করে বলেন
depressive,দিন দিন মানুষ ভয়ংকর হয়ে উঠেছে
depressive,রাজধানীর কুর্মিটোলায় দুই চালকের প্রতিযোগিতায় বাসচাপায় প্রাণ হারিয়েছেন তিন কলেজ শিক্ষার্থী । সাংবাদিকদের প্রশ্ন এড়িয়ে গেলেন মন্ত্রী ! কবে ঘুম ভাঙবে সরকারের ? 
depressive,প্রতিদিন আমি আরও দুঃখে ডুবে যাচ্ছি। সবার মাঝে আমি নিজেকে হারিয়ে ফেলার মধ্যে অবজ্ঞা করছি।
depressive,আমি সময় মনে করি আমি অস্থির এবং অস্থির হতে চাই।হতাশা দুচিন্তা বেকারত্বের প্রধান কারণ।
depressive,আমাদের বর্তমান সরকার দ্রব্যমূল্যের দাম নিয়ন্ত্রণে ব্যর্থ এটি সুস্পষ্ট ভাবে বললেই হয় ঘুরিয়ে পেচিয়ে বলে
non_depressive, কারাগারে আরাম আয়েসে দিন কাটাচ্ছেন খালেদা জিয়া : 
non_depressive,"কোন শিল্পীকেই আমার পছন্দ না , তবে তাদের গাওয়া কিছু কিছু গান গুলু শুনতে পছন্দ আরকি"
depressive,আমি সময় সম্পর্কে চিন্তা করি এবং আমি সময় মনে করি আমি সম্পর্কটি সম্পন্ন করতে পারি না।
non_depressive,এইরকম নেতা অনেক আছে প্রতি এলাকায়
non_depressive,গবেষণা আগে ছিলো কোথায় যখন মানুষ গুলো জোর করে ভ্যাকসিন দেওয়া হইছিলো
non_depressive,সকালের কৈশোরে তোমাকে চাই সন্ধ্যের অবকাশে তোমাকে চাই বৈশাখী ঝড়ে আমি তোমাকে চাই আষাড়ের মেঘে আমি তোমাকে চাই শ্রাবণে শ্রাবণে আমি তোমাকে চাই অকাল বোধনে তোমাকে চাই 
depressive,অনেক কেঁদেছি আমার ফেরা দেশে চলে যাওয়া মনিকে অনেক বেশি মনে পরছে।
depressive,দ্বিতীয় ডোজ হাতে দিয়েছি মাঝে মাঝে খুব কষ্ট অনুভব হয়
non_depressive,নিজেকে পজেটিভ থাকতে হবে সকলের সাথে বেশি বেশি সময় দিতে হবে পাশাপাশি নতুন পরিবেশ বেড়াতে যেতে হবে তাহলে সমস্যার সমাধান করা সম্ভব।
non_depressive,জন্যই আমি পড়াশোনা ছেড়ে দিয়েছি। সরকারি কলেজ অনার্স ইংরেজি বিভাগ ছিলাম
depressive,বছর যাবত ডিপ্রেশনে ভুগছি️‍ এখানো বিন্দু পরিমান বদলাতে পারিনি নিজেকে️‍
depressive,"অষ্টম শ্রেণীর ছাত্রীর বিয়ে আটকাতে রুখে দাঁড়াল তার বান্ধবীরা । শাব্বাসএটা বাল্যবিবাহ ছিলো কিন্তু পরের দিনই মেয়েটি অন্য ছেলের সাথে পালিয়ে গেল সমস্যা নাই , এটা আধুনিকতা বলে চালিয়ে দেয়া যায়"
non_depressive,ভালো মুবি গ্রান কার্ড
depressive,কিছু কথা মনে পড়ে গেলো নাটক দেখেতবে মানুষ ভালো থাকুক
non_depressive,সাবাস বাংলাদেশ পুলিশ
non_depressive,কোভিট নিয়ে বেকসিনের দরকার নেয়যা হয়েছে করোনা ভুলে যাওয়া উচিত সবারই
depressive,"আমগো পাশে ১টা দেশ আছে ! ওরা আমগো পানি নিতে চায়না , ইলিশ নিতে চায় ! "
non_depressive,এরা আছে বলেই তিনিও টিকে আছেন
non_depressive,আল্লাহ পাক সবাইকে ইসলামি শরিয়াহ মোতাবেক জীবন যাপন করার তৈফিক দান করুন আমিন
non_depressive,আল্লাহ আপনি সকল বিপদ থেকে আমাদের রক্ষা করুন।
non_depressive,দোকানদার মালিক যেমন। তার থেকে পাবলিক বেশি খারাপ
depressive,দিপ্রেসনের কারনেই গুমাতেই পারিনা প্রবাসেই এসেই পেসেই গেছি
depressive,এটাকে কোন সঠিক শিক্ষা ব্যবস্থা বলেনা। হাস্যকর অবস্থা
depressive,নাটকটি সত্যি অসাধারণ।। দেখে চোখ দিয়ে চলে এলো
non_depressive,মাশাল্লাহ মেয়েটা ভালো
non_depressive,ছিড়ে ফেলা মোটেই ভালো নাই জাতীয় শিক্ষা কারিকুলাম বিষয়। বিচার হওয়া উচিৎ।
non_depressive,"কোনটা বুঝবো , মেয়ে বলছে ছোলেটা আমাকে প্রোফোস করছে , আর ছেলে বলছে মেয়েটা আমাকে প্রোফোস করছে । আমার দারনার বাহিরে এখন ! "
depressive,আমি নিজেকে হারানোর অনুভূতি নিজেকে সবসময় আত্মহত্যার পথে নিয়ে যাচ্ছে।
non_depressive,অন্যায় কারিদের মৃত্যু দন্ড বিচার করলে এরকম হতো
depressive,চাকুরী আবেদনের বয়স বাড়ালে এতগুলো প্রশ্ন এ্যারাইজ না।
non_depressive,"আলহামদুলিল্লাহ , সিলেটে ধানের শীষের বিজয় জনতার রায় ছিনিয়ে নিতে পারেনি ! অভিনন্দন আরিফুল হক চৌধুরী ! "
non_depressive,দান বক্স হলে কিছু একটা করা যেতো।
non_depressive,সাংবাদিক ভাই আপনাকে গালি দিছি ইনবক্স চেক কইরেন
depressive,দাঁত মাইজা লক্ষ হাজার মেক্টিকটন কয়লা শেষ করছত জন্যে তোর দাত সুন্দর
non_depressive,সবার কমেন্ট পড়া শেষ বিদায়
non_depressive,যারা টিকা দেননাই তারাই লাইক দেন
depressive,ব্যাস্ততার কারনে সবই ধীরে ধীরে হারিয়ে যাচ্ছে
depressive,আমি রাজনীতি বুঝি না কিংবা এটা নিয়ে মাথাও ঘামাই না কিন্তু গনতান্ত্রিক দেশের নাগরিক হিসেবে বলতে চাই এটা কেমন ডিজিটাল দেশ ? মৃতব্যক্তিরও ভোট গ্রহন হয় । ডিজিটাল গনতন্ত্রে মৃতব্যক্তিও ভোট দেওয়ার অধিকার রাখে রাজকুমার
depressive,এখনই যদি এইসব ধনীর দুলালদের বিচার হয় তাহলে ভবিষ্যতে বাংলাদেশ ভয়াবহ জায়গায় যাইতে আছে মনে ভাববেন আমরা এসব ধনীর দুলালদের বিচার চাই
depressive,বর্তমান দেশের পরিস্থিত বাদী বিবাদীর টানা হেঁচড়ায় আইনজীবীদের চুষে খাওয়ার ধান্দা বেড়েছে
depressive,আল্লাহ বৃষ্টিটা একটু থামাও সবার ঘরে নাই
non_depressive,এমন নায়ক দিয়ে মুভি করলে তার থেকে বেশি কিছু আশা করা যায় না।
non_depressive,গার্মেন্ট সেক্টরের অরাজকতা শিল্প পুলিশ গঠনের মাধ্যমে সমাধান করা হয়েছে তাই দূত বাজার মনিটরিং পুলিশ ইউনিট গঠন করা হোক।
depressive,এতো টাই ডিপ্রেশনে আছি যখন তখন সুইসাইড করতে পারি
non_depressive,প্রিয় বাংলাদেশ প্রিয় গ্রাম । 
depressive,আমাদের সমাজে প্রচলিত কিছু কুসংস্কার । ১ পরীক্ষা দিতে যাওয়ার পূর্বে ডিম খাওয়া যাবে না । তাহলে পরীক্ষায় ডিম গোল্লা পাবে । ২ নতুন স্ত্রীকে দুলা ভাই কোলে করে ঘরে আনতে হবে । ৩ দোকানের প্রথম কাস্টমার ফেরত দিতে নাই । ৪ নতুন স্ত্রীকে নরম স্থানে বসতে দিলে মেজাজ নরম থাকবে । 
depressive,তার নাই চরিত্র খুঁজে পবিত্র কষ্ট দিবিরে তোরা
depressive,আমার জীবনে অনেক সময় সমস্যা হারানোর মুখে মুখে আমি একা আমার বিপদে পড়ে থাকি।
depressive,রাজধানী ঢাকার সায়দাবাদের জনপথের আন্ডারপাস এর পাশে এভাবেই পড়ে আছে একজন বৃদ্ধার নিথর দেহ । দেখার যেন কেউ নেই দুইজন পুলিশ নাকি দাড়িয়ে একজন অপরজনকে বলতেছে দেখেন কিছু করতে পারেন কিনা । কিছু বলার ভাষা নেই । ৎ দেশ তো ফাইভ জি হয়ে গেছে । ছবি সংগৃহীত । 
depressive,বলে লাভ নাই কেউ কছুই পরিবর্তন করবে
depressive,প্রিয় মানুষের গায়ের গন্ধটা খুব মিস করছি।
depressive,আল্লাহ বৃষ্টিটা একটু থামাও সবার ঘরে নাই
non_depressive,আলহামদুলিল্লাহ হত্যার বদলে হত্যা এটিই সঠিক বাকিটা হলেও হয়
depressive,মিনিটের সিনে রোহানের চেহারা দেখে কান্না চলে আসলো
depressive,জড়িতদের দ্রুত ফাঁসি কার্যকর চাই
non_depressive,"কি মন্তব্য করবো , এক চোরকে আবার হজ্বে পাঠানো হচ্ছে ! "
non_depressive,খুবই ইনফরমেটিভ ভিডিও ছিল স্যার
non_depressive,হ্যালো মটর কাঞ্চন স্যার আপনি এসব চোখে দেখেন
depressive,উন্নয়ন কখনো সাধারন মানুষের খুব উপকার নাএসবের লাভ ব্যবসায়ী ধনী মানুষজনই পায়
non_depressive,দেশের ডাকে আপনি কীভাবে না বলবেন ! : 
depressive,আজব একটা শব্দ মানুষ বললে ঝগড়া শেষ আর ডাক্তার বললে মানুষ শেষ অচেনা কবি
non_depressive,ছেলেকে দেখেও শয়তান মনে
depressive,ভারতের হঠাৎ এইরূপ সিদ্ধান্তর উদ্দেশ্য বাংলাদেশের সাধারণ জনগোষ্ঠীর মধ্যে বিভেদ সৃষ্টি করা
depressive,জীবন একটি বিরক্তির নদী যেখানে আমি শীতল খুঁজে পাচ্ছি না।টাকা থাকলে শান্তিতে মরাও যায় ভাই। এটাই সত্যি
depressive,তার সুখের ঘরণী হয়ে তুমি আজ ভাবছো কি আমার কথা ? 
depressive,ভবিষ্যৎ নিরাপত্তার জন্য তিলে তিলে গড়া সম্পদ একসময় জীবনকে হুমকির মুখে ফেলে দুঃখজনক
non_depressive,"অহংকার কোন সম্পদ নয় , আত্নসম্মান বোধই , মানুষের অমূল্য সম্পদ । "
depressive,দিন দিন সবাই রোবোটিক হয়ে যাচ্ছে । দেখতে অবিকল মানুষের মতো হলেও প্রত্যেকের ইমোশনের জায়গাটা যেনো নাই হয়ে যাচ্ছে । না হয় প্রতিনিয়ত এতো এতো দুর্ঘটনা ঘটার পরও আমাদের বিবেকের কল বিন্দুমাত্র নড়ে না কেনো ! 
depressive,দেশে ডাক্তার আছে আছে কসাই। হলে দেশের মানুষ কেন ভারতে যেতে হয়।
depressive,এখানে আসল কথা বলা হয়নিউনাকে হত্যা করে রান্না করে খেয়ে ফেলছে
depressive,দেশের সরকার ভালো পুলিশ পসাশন বিচার বিভাগ হারাম খোর দেশের মানুষ কতো ভালো হবে
non_depressive,"যে ব্যক্তি সুবহানাল্লাহিল আযীমি ওয়াবি হামদিহী পাঠ করবে প্রতিবারে তার জন্য জান্নাতে একটি করে জান্নাতী খেজুর গাছ রোপন করা হবে আত তিরমিযী ৫ ৫১১ , "
non_depressive,আমি ভাবছি হয়তো ঋনের দায়ে কেও শাস্তি দিচ্ছে
non_depressive,গতানুগতিক পড়াশোনামুখস্ত বিদ্যাভরি ভরি প্লাসকাজের পরিধি তাইলে বেকারত্ব বাড়বেই শধু কিন্তু যথাযথ ব্যাবস্থা কখনো নেওয়া হবে
depressive,আমি নিজের জীবন দিকে আশা করতে পারছি কারণ দিক অন্ধকারে ঢেকে আছে।
depressive,জীবন একটি অসংখ্য অন্ধকারের দিকে যাওয়ার একটি দীর্ঘ প্রয়াস।টাকা থাকলে শান্তিতে মরাও যায় ভাই। এটাই সত্যি
depressive,তোদের কাহিনী দেখার জন্যই এখনও বেঁচে আছি
non_depressive,আমার দেখা সেরা নাটক এটা ছিলো
non_depressive,মূল কারণগুলোই সামনে আসেনি। কিসের ঘোড়ার ডিমের জরিপ করেছেন
depressive,"ঋণের দায়ে আত্মঘাতী হয়েছেন সাগরদিঘি থানার মাহাতাব শেখ নামে এক কৃষিজীবী কৃষকদের প্রধানত দুটি সমস্যা । প্রথমত , তাঁরা ফসলের দাম পাচ্ছেন না । লোকসান হচ্ছে । অন্যদিকে রাজ্যের সিংহভাগ কৃষক ঋণগ্রস্ত । ব্যাঙ্ক থেকে ঋণ পাচ্ছেন অল্পই । "
non_depressive,আমি আগেই ধারণা করতে পেরেছিলাম। জন্যই টীকা নেওয়া থেকে বিরত ছিলাম। সরকারি ঝামেলা থেকে বাঁচতে টীকা নিয়েই কার্ড বানিয়ে নিয়ে ছিলাম।
depressive,বিয়ে করার আসাতো দিন ছেড়ে দিয়েছি দিন শুনলাম ফর্সা ছেলেদের কপালে নাকি কালো মেয়ে জোটে
non_depressive,উন্নয়ন খেয়ে বেঁচে থাকো।
depressive,"দেশমাতা মুক্তির দাবিতে আজ সারাদেশে যুবদলের বিক্ষোব মিছিল , মহানগর উত্তর মিছিল করলো আর লেতারা কই ? ৫২টি থানা ও ১৩টি ইউনিয়ন । এভাবে মুক্তি মিলবে না । "
non_depressive,হায়রে বিনোদন স্মার্ট বাংলাদেশ
non_depressive,বুঝলাম খবর দেখাচ্ছেন সেখানে মিউজিক ব্যবহার করার দরকার আছে
non_depressive,ছবির নাম হিট হয়নাই তাই মানুষের নজর কাড়েনাই
non_depressive,বিষয় আল্লাহ তায়ালার কাছে বললে ঠিক হয়ে যাবে
non_depressive,শুধু টুকুই বলবো এখন পর্যন্ত এবছরের শ্রেষ্ঠ নাটক পরিচালকের কাছে আবেদন দ্বিতীয় পাঠ চাই
non_depressive,ধন্যবাদ সময় টিভি ধন্যবাদ তাজরিন রিকা
depressive,মনে হয় জীবনের অশ্রুতিকর অভিজ্ঞতায় আমি নিজের ভুলগুলির সঙ্গে মিশে গিয়েছি ফিরিয়ে পেতে অসম্ভব মনে হয়।
non_depressive,নামাজ আদায় করুন।দিন পথে চলুন। বিশন্নতা ধারের কাছেও আসবে না।
depressive,ফালি রোদ হয়ে এসো আমার স্যাঁতসেঁতে শ্যাওলা ভরা জীবনে
depressive,কোন মুসলিম কখনো কাউকে আগে মারধর করে না
depressive,আমার মনেহয় সবগুলো সমস্যা আমার মধ্যে আছে অনেক দিন ধরে
depressive,"চারিদিকে শুনি উন্নয়ন আর উন্নয়ন , তাহলে জোর করে সিল মারার কি প্রয়োজন "
non_depressive,বন্ধু সজিবের অবস্থা
depressive,এ কেমন বিউটি পার্লার আটা ময়দার বিপরীতে বেগুন বিক্রি হয় 
depressive,"গেলে তোমার আমার আরো ৪ ৫ টা সন্তান যাবে , ত বোও শাজাহান এর মন্ত্রীত্ব যাবেনা এটা সাফ মনে রাখো । আন্দোলন অবরোধ করে টরে কোন লাভ হবেনা এটা সাফ মনে রাখো । এইটা আমার বাংলাদেশ "
non_depressive,যদি বিয়ের অপমানিত অত্যাচারিত হলে ডিভোর্সই উত্তম। স্বামী স্ত্রী উভয়ই একে অপরের সাথে শ্রদ্ধাশীল হতে হবে
depressive,আমি সময় আমার জীবনের মূল উদ্দীপক হারিয়ে যাচ্ছি।
depressive,হওয়াটাই স্বাভাবিক কারণ বাবার চিকিৎসার জন্য সরকারের অনুদানের টাকা লাগে হাইলে ছেলে
depressive,আমাদের শিক্ষা ব্যবস্থা চাকরি মুখি কর্ম মুখি ।যতদিন এটার পরিবর্তন হবে ততদিন অবস্থা থাকবে
non_depressive,আল্লাহ হেফাজত করো
non_depressive,খুব ভালো সিদ্ধান্ত বাংলাদেশ থেকে হিন্দু ভারতে নিয়ে যাক
depressive,সিনেমায় এরা মরা মরা নাম ব্যবহার করার করনে অবস্থা
non_depressive,আলহামদুলিল্লাহ টিকা নিয়ে এখনও ভালো আছি।
non_depressive,আমরা বাঙালি। আমরা জেনারেল শিক্ষা দিয়ে করব কারিগরি শিক্ষায় যথেষ্ট।
depressive,উপদেশ দেয়া বড়ই সহজ কিন্তু
depressive,আমি সময় অনুভব করি আমি অবশ্যই অন্যের হতে হবে।হতাশা দুচিন্তা বেকারত্বের প্রধান কারণ।
depressive,লাভ যাকে কোন দিনই পাবো তার জন্য অপেহ্মা করে সার্টিফিকেট দিয়ে আমি করবো মনে চায় মরে যাই
non_depressive,দলের নাম ব্যবহার করে জুলুম করে এদের কঠিন শাস্তি দেয়া হোক
depressive,দিনে দিনে দিন চলে যায় কেমনে চলে যায় পাই চলতে একা হাঁটি ভাঙা পায়
non_depressive,"আমার একদিন প্রচুর টাকা হবে , কয়েকশ প্রেম কিনবো দু , চারটে প্রেমিকা বন্ধুদের গিফট করবো শুভ রাত্রি ওসমান গনি "
non_depressive,ফয়সাল মাহমুদ ভাল বলছো।
non_depressive,বাংলাদেশেও কোন বক্স আছেএটা প্রথমবার শুনলাম আমি
depressive,আল্লাহ বৃষ্টিটা একটু থামাও সবার ঘরে নাই
depressive,দাম বাড়ে বাজারে। কিন্তু কৃষকরা কিন্তু লাপ পায় না। কৃষকরা চাষ করে নিজেরা চলতে পারে
non_depressive,"চলে গেলেন সাহিত্যিক সাংবাদিক রমাপদ চোধুরী । বাড়ি বদলে যাই , বনপলাশীর পদাবলীর সহ আরো বেশ কিছু উপন্যাসের রচয়িতার মৃত্যুকালে বয়স হয়েছিল বছর । ওনার আত্মার চিরশান্তি কামনা করি । "
non_depressive,তটিনী আপুর অভিনয় অসাধারণ
depressive,তোমাদের প্রতিযোগিতার ফলাফল হিসেবে আমরা আমাদের মৃত্যু মেনে নিয়েছি সার্টিফিকেট দিয়ে আমি করবো মনে চায় মরে যাই
non_depressive,পুলিশ সমনে হেগে দিয়ে চলে গেল রাকিব টিম
depressive,কমেন্ট করে গেলাম অনেক বছর কেউ এসে লাইক দিলে বুঝতে পারবো নাটকটি আমি তাগড়া যোয়ান বয়সে দেখেছিলাম আবার ফিরে এসে আপসোস নিয়ে চলে যাবো আমিতো এখন যোয়ান নেই।
depressive,আমিও বুগচি রোগে খুব কষ্ট পাচি সরকার বলেনএটার চিকিৎসা বাহির করতে
non_depressive,এরা কারা এদের দেশের জন্য অবদান
non_depressive,ডাক্তারদের সততহীনতা এবং অর্থনৈতিক কসাইগিরির কারণেই সাধারণ মানুষ এখন প্রাকৃতিক চিকিৎসার প্রতি নির্ভর করে বলেই এমন ঘটনা দেখতে হচ্ছে৷
non_depressive,নং আসামীকে গনপিটুনি দিয়ে মেরে ফেলছে এইটাই সঠিক বিচার হইছে ধন্যবাদ জনগন
non_depressive,ইসলামের ছায়াই জীবন পরিচালনা করলেসবাই পরিবার পরিজনকে ভালোবাসতে শিখেবিচ্ছেদ মতো পাপ থেকে দূরে রাখে
non_depressive,ইসলামি সংস্কৃতির সঙ্গে থাকুন কোনো বিবাহ বিচ্ছেদের ঘটনা ঘটবে
depressive,জানতে গেলে ভারতবর্ষের ঐতিহ্য সংষ্কৃতি নিয়ে পড়াশোনা করতে হবে সেইসব পড়াশোনা ওদের কোনও দিন ছিল হবেও
depressive,কিচ্ছু বলার নাইঠিক বলেছে বেচে থাকলে উন্নয়ন দিয়ে করবো
depressive,আপনাদের নিউজের অভাব
non_depressive,এগুলো মনে হলে বিয়ে করতেই চাই মোহরানা একটা ভারসাম্য বজায় রেখে করা উচিত
non_depressive,"প্রচুর ধোয়া জাতিও ইঞ্জিনের ঘ্রান আর দেয়াল ঘরের রঙের ঘ্রান আমার খুব ভাল লাগে মাঝে মাঝে মনে হয় , ধোয়া এবং রঙ খেয়ে পেলি ফরমালিন গবেষক । "
depressive,আমি বিগত বছর বিশন্নতায় ভুগছি পারিবারি ঝামেলা ভবিষ্যৎ আপন মানুষদের তীরের কথায় আমি নিশচুপ।
depressive,দ্যা বেস্ট প্লেয়ার ২০১৮ সবার নাম থাকলেও তালিকায় জায়গা হয়নি নেইমারের লিওনেল মেসি মোহাম্মদ সালাহ ক্রিস্টিয়ানো রোনালদো কেভিন ডি ব্রুইন অ্যান্টোনি গ্রেজম্যান ইডেন হ্যাজার্ড হ্যারি কেইন কিলিয়ান এমবাপে লুকা মড্রিচ রাফায়েল ভারান 
non_depressive,গায়ের জোর হ্মমতার প্রকট বেশি দিন থাকবে আল্লাহ চাইলে নিমেষেই শেষ করে দিতে পারে৷ অনেক দেখছি আমি জুলুমকারি এভাবে তিলে তিলে শেষ হতে৷
depressive,"চোখ দিয়ে ধর্ষন করাকে , এখনকার আপডেটেড ছেলে মেয়েরা নাম দিয়েছে ক্রাশ । "
depressive,বইটা শেষ করার পরে কিছুক্ষণ স্তব্ধ হয়ে রইলাম
depressive,সরকারের ফুটানির কারনে আমাদের দেশের মানুষের কষ্ট
depressive,লেখাটি পড়ে আমার অত্যন্ত বেদনার ঘোরে পড়েছে। আসুন দেশটাকে গিলে খাই ভাত উপর চাপ কমাই
non_depressive,বাবার ক্ষমতা দেখিয়ে পাকনামি করলে হয়।
depressive,ডিপ্রেশন নামক জেলখানায় আমি দুই বছর ধরে আটকা পরে আছি
depressive,শুনে খুব খারাপ লাগলো
non_depressive,শীতকালে বেশী করে তরকারি খেলে পিয়াজ লাগে
depressive,কখনো নাটক দেখে কমেন্ট করিনি কিন্তু নাটকটি দেখে কমেন্ট করে পারলাম অসাধারণ একটি নাটক কখন চোখের কোণ দিয়ে পানি পড়ে গেল বুঝতে পারলাম
non_depressive,আজকে মেডিকেল এডমিশ স্টেট ছিলো তাই কালকেরটাও দেখতি পারি নি।এসেই দেখতে বসলাম।।
depressive,"বিজেপি বাঙালি কে চায়না বাঙালি বিজেপি কে চায়না ৪০ লক্ষ বাঙালি রাতারাতি উদ্বাস্তু , বাঙালি কি জিনিস জানবে নরেন্দ্র মোদি বাঙালিকে ঘেন্না করা বিজেপি দূর হ বাংলা থেকে ১২বছরটিএমসিএস ২১০হাজারটিএমসিএস বাঙালিজিন্দাবাদ বাংলাজিনদাবাদ তৃণমূলকংগ্রেসজিনদাবাদ দিদিজিনদাবাদ"
depressive,দিগন্ত লীন মাঠের ওপর থাকছি আমি শুয়ে এই কপালের সমস্ত তাপ বর্ষা দেবে ধুয়ে এর বেশি কি পাওয়ার থাকে এর বেশি কে চায় আজ বরষা নামলো সারা আকাশ আমার পায়ে আজ শ্রাবনের বাতাস বুকে এ কোন সুরে গায়ে 
non_depressive,লাগেজ হেন্ডেলিং দায়িত্ব জাপানের হাতে দেওয়াই উত্তম
depressive,টিকা নেওয়ার পরে আমার বুকে জমা শুরু বর্তমানেও রয়েছে। যেটা আমার টিকা নেওয়ার পূর্বে ছিল না।
non_depressive,একে তাড়াতাড়ি সম্ভব আইনের আতায় আনা হোক
non_depressive,মুসলিম হিসেবে গর্বিত বোধ করো
non_depressive,এখন আমাদের ক্ষতি পূরণ দেওয়া হোক।
non_depressive,দলিয় নেতায় অন্নায় হলে আমার দেলের সাথে তার কোন নাই
depressive,রেজাল্ট ভালো চাকরি বিয়ে নাই। ব্যবসা টাকা দেই না। বিদেশ যাইতে টাকা নাই করব বছর
non_depressive,রাস্তার মোড়ে মোড়ে চাঁদাবাজি সেটাতো বললেন না।
depressive,তাহলে চিন্তা করো যায়া বস্তাবন্দি থাকে তাদের কেমন লাগে
non_depressive,ঘাতক সেই বাস কোম্পানির মালিক নৌমন্ত্রীর শ্যালক ! এবার বুঝতে পারলাম মন্ত্রী কেলাচ্ছিল কেন ? : 
depressive,ডিপ্রেসন থেকে আমিও মুক্তি পাচ্ছি না। আপনারা সবাই আশীর্বাদ করবেন যেন টেনশন ডিপ্রেসন থেকে মুক্তি পাই।
non_depressive,কঠিন শাস্তির দাবি জানাচ্ছি
non_depressive,বরিশাল সিটি কর্পোরেশন নির্বাচনে জালভোটের প্রতিবাদ করায় বাসদের নারী মেয়রপ্রার্থী ডা মনীষা চক্রবর্তীর মই ওপর হামলা ও মারপিট করেছে ছাত্রলীগের গুণ্ডারা । 
depressive,বছর দরে আমি আমার মাথায় সবসময়ই ব্যথায় যন্ত্রণাবোধ করতেছি বাকিটা আল্লাহ বরসা
non_depressive, নিজের স্বপ্নের মানুষই হতে পারিনি অন্যের স্বপ্নের মানুষ হই কি করে ! নিজের স্বপ্নের মূল্যায়ন করুন তারপর নাহয় অন্যেরটা 
depressive,"টানা ৩০ ঘন্টা ঘুমহীন থাকার পর , টানা ১৯ ঘন্টা ঘুম শেষে ডিউটিতে আসলাম তাও শান্তি নেই , চোখমুখে আন্ধার দেখতেছি , আবার ঘুম আসে , আগের রেকর্ড ছিল ১৬ ঘন্টা , নতুন রেকর্ড ১৯ ঘন্টা , মাঝেমধ্যে নিজেকে অসুস্থ মনে হয় , একজন সুস্থ মানুষ কি টানা ১৯ ঘন্টা ঘুমাইতে পারে , "
depressive,তোমরা অনেক ভালো আছো কারো চাটতে হয় না। আমাদের বিভিন্ন দেশের চেটে অর্থনীতি চালাতে হয়
non_depressive,"আল্লাহ তালা বলেন হে নবী ! আপনি বলুন যে , তোমরা যদি আল্লাহর ভালবাসা পেতে চাও , তাহলে আমার অনুসরণ কর । তবেই আল্লাহ তোমাদেরকে ভালবাসবেন । সূরা আল ইমরানঃ ৩১ "
depressive,হুম ভাই প্রেম করতে পারি তাই ডিপ্রেশনে আছি
depressive,আমি সময় অনিষ্ট ভাবি আমার ভবিষ্যতের সম্পর্কে।হতাশা দুচিন্তা বেকারত্বের প্রধান কারণ।
depressive,কক্সবাজার পৌরসভা নং ওয়ার্ডে ভোটার হাজার নৌকা একা পেয়েছে হাজার
non_depressive,অবশেষে ফাঁস হলো আসল কাহিনী কয়েক বছর ধরেই তেল চুরির অভিযোগ তার নামে । এবার নারায়নগঞ্জের সেই ব্রাজিল বাড়ির মালিকের বিরুদ্ধে তেল চুরির অভিযোগ উঠেছে তদন্ত চলছে 
depressive,জীবন চলছে সোজা পথে
depressive,ওয়াডের সামান্ন নেতার অবস্থা।তাহলে নেতা দের পাওয়ার
non_depressive,কালো টাকা সাদা করার সহজ উপায়
non_depressive,উপজাতি এখানে কিভাবে থাকে
depressive,সরকার চোখে এসব পড়ে নিউজ উনি চাইলে দলে ভালো কিছু করার নির্দেশ দিতে পারেন
non_depressive,সুন্দর প্রতিবেদন তুলে ধরার জন্য ধন্যবাদ দাদা
non_depressive,তথ্য প্রযুক্তি পড়ুয়াদের দিয়ে রাজ্য সরকার বিভিন্ন ধরনের অ্যাপ তৈরি করাবে : 
non_depressive,নিজের লাগানো গাছে যখন ফুল ফোটে সত্যিই খুব ভালো লাগে 
depressive,আল্লাহ বৃষ্টিটা একটু থামাও সবার ঘরে নাই
non_depressive,জয় বাংলা জয় বঙ্গবন্ধু জয় সোনার বাংলাদেশ
depressive,রান্না করে খেয়েছে কথাটা কেন গপন করলেনসত্য কথা বলতে আপনারা পান নাকি
depressive,এইসব ফাইভ বুলেট ট্রেনের স্বপ্ন আছে বলেই আমরা বাসের পাদানিতে টেম্পুর পাদানিতে গাদাগাদি করে দাঁড়িয়ে প্রতিদিন চলাফেরা করতে পারি
non_depressive,এটা আমিও শুনেছি ভারত সরকার তারাতারি এটা করবে আমি ভারতে যাবোই
depressive,ডিপ্রেশন একটা মানুষ জীবন্ত লাশে পরিবর্তন করে
non_depressive,মিথিলা আমাই কেউ বলবেন
non_depressive,এসব দেখার জন্য ফেইসবুক আইডি খুলছি
depressive,"মধ্য আয়ের দেশে উন্নীত হয়ে , বাংলাদেশ এখন ভাঙ্গাদেশে রুপান্তরিত হয়েছে । ফ্যাক্ট : দেড় ঘন্টার রাস্তার অর্ধেক আসতে লাগে সাড়ে তিন ঘন্টা । "
non_depressive,বক্স অফিসটা কোথায় অবস্থিত
depressive,ছন্দের দ্বন্দ্ব পতন হলে ছন্দ বাড়ে দ্বিধা দ্বন্দ্ব কি উৎকট গন্ধ ! দম হয়ে যায় বন্ধ । কেউ কখনো ভাবে কভু অভাবে স্বভাবে আপন ও পর হবে পর তো পরই রবে । ভাবতে লাগে ভালো মুখটা রেখে কালো আঁধার কিবা আলো হোকনা মন্দ ভালো । নিজের মতই চল মনের কথাই বল বাড়ুক মনোবল সরুক জগদ্দল । 
depressive,আমার আগে কোনো এলার্জি ছিলো এখন শুরু হইছে। যদিও দুইটা দিছি আমি
depressive,সিন্ডিকেট কিছুর মধ্যে সাধারণ মানুষের কষ্টের দার দারেনা সরকার দুই একটা ছোট খাটো জরিমানা শুধু wash
depressive,বাসের তলায় পিষছে মানুষ হাসছে নরপিশাচ তিন তিনটা লাশ পরেছে কির পোলা লাশ চাস সার্টিফিকেট দিয়ে আমি করবো মনে চায় মরে যাই
non_depressive,এখনই টিকা নিতে যারা বাধ্য করেছিল তাদের বিচার আমরা দাবি করছি এবং আইনজীবীদেরকে বলবো তাদের বিষয়ে আন্তর্জাতিক এবং দেশীয় মামলা চালাতে।
depressive,জাতীয় বিশ্বঃ আছে ক্লাস আছে গবেষণা আছে বই। পরেও কিছু সংখ্যাক চাকুরী পাই তাই বেশী
depressive,বিস্বাস আজ বিলুপ্ত
non_depressive,এটি ভেঙ্গে সরকারি কাজে ব্যবহার করা উচিৎ ছিলো
depressive,আমার মনের গভিরে সে এখোনো বাস করে ছুতে গেলেই হারিয়ে যায় কোনো অচিন আজানা পথে তুমি আছো ছিলে থাকবে এই মনেরও ঘরে এখোনো সময় অনেক বাকি হারিয়ে যাওয়া তুমি সেটা জানো কি ? সু হা
depressive,সহমত উন্নয়ন দিয়ে করবো
non_depressive,উচ্চ শিক্ষিত হওয়া দেশে বড় পাপ।
non_depressive,ইন্নালিল্লাহি ওয়া ইন্না রাজিউন আল্লাহ বান্দা আল্লাহর কাছে ফিরে গেছে ।এতে হতাশ হওয়ার কিছু নেই। নিজেকে শান্ত করুন
depressive,"আমি কাজ শিখেছি টিভিতে । পরে লক্ষ্য করেছি এক সময় অভিনেতাদের নাম বেপাত্তা হয়ে গেল । তারপর পরিচালকদের পালা । প্রযোজকদের নামও বিঞ্জাপনে ছাপা বন্ধ হয়ে গেল । সবাই সফ্টওয়্যার বানাচ্ছে অক্লান্ত খেটে , অথচ সবাই নামহীন । শিল্পনির্মাতাদের চিনিয়ে দিক চ্যানেলগুলি । এতো শিল্পীর প্রাপ্য সম্মান । "
non_depressive,একমাত্র উপায় ভালবাসা️
depressive,চাকরি থাকাতে বিয়ে করতে পারছি না। এটাই হচ্ছে বাস্তবতা
non_depressive,এতো দিন পড়ে খবর পাইছেন আপনারা এতো দিন ছিলেন আপনারা
non_depressive,অসম্ভব কাজ সম্ভব করাই হলো বাংলাদেশের কাজ
non_depressive,দেশ এভাবেই চলছে
non_depressive,বাংলাদেশের হাসপাতাল সেই হিসেবে ভালই করেছে
non_depressive,মৃত্যুর জন্য অবশ্যই ছেলের বাপমা দায়ী কারণ অল্প বয়সে ছেলেদেরকে বাইক কিনে দিয়ে তাদেরকে মৃত্যুর দিকে ঠেলে দেয়।
non_depressive,গরীবের পেইজটি একটু ঘুরে আসবেন।
depressive,দর্শকের মূর্খতামিতে প্রথম কষ্ট পেয়েছিলাম বুনোহাঁস দেখে আজ কষ্ট পেলাম কবীর দেখে এই সিনেমা গুলো বক্স অফিসে মুখ থুবড়ে পড়ে কিভাবে 
depressive,সংযুক্ত আরব আমিরাত এমন একটি গাছ দেখে দেশের কথা মনে পড়ে গেল
depressive,যার সাথে মনের মিল নেই
depressive,"সেদিন এক মধ্য বয়স্ক পাগলীকে দেখেছিলাম রাস্তায় । ছেঁড়া শাড়ি হাঁটু পর্যন্ত তোলা । মাঝরাস্তায় দাড়িয়ে কাকে জানি আঙুল তুলে দেখাচ্ছে আর হাসছে । আমি তাকিয়ে দেখলাম নির্দিষ্ট কারও প্রতি সে আঙুল তুলেনি । দেখাতে হয় তাই দেখাচ্ছে । আজকে বারবার মনে হচ্ছে সেই আঙুল কি আমাকে , আপনাকে , আমাদেরকে"
non_depressive,শেখ হাসিনার দোয়া থাকলে সম্ভব
non_depressive,গতকাল হুগলী জেলার রিষড়ার হেস্টিংস জুট মিলের শ্রমিকদের ট্রাস্টি বোর্ডের বিজেপির অসংগঠিত শ্রমিকদের সংগঠন পাকসু মোর্চা র প্রার্থীদের জয় প্রমান করল পশ্চিমবঙ্গের খেটে খাওয়া গরিব মানুষ আজ প্রধানমন্ত্রী শ্রী নরেন্দ্র মোদী জির পক্ষে । বিজয়ী প্রার্থীদের জানাই আন্তরিক গৈরিক শুভেচ্ছা 
non_depressive,আল্লাহ্ আপনি সকলকে হেফাজত করুন আমীন
depressive,"সতি সাবিত্রী ! এক মহিলা তার বান্ধবীদের বলছে তোরা কি করে দেবরদের সাথে কথা বলিস বাপু ! আমি তো ভাসুরের সাথে শুয়েই লজ্জায় বাঁচিনা ! বিনা ভোটে অবৈধভাবে রাষ্ট্রক্ষমতা দখল করে রাখা ভোট ডাকাতরা যখন পাকিস্তানের নির্বাচনের সমালোচনা করে , তখন ঐ সতি সাবিত্রী ! মহিলার কথা মনে পড়ে যায় । "
depressive,অনেক ভালো লাগলো জিবনের প্রতিটা মূহুর্তের কথা মনে পরে গেলোঅনেক কান্না করছি বিয়ে করেও তাকে আমার করে রাখতে পারলাম এটা আমার জিবনের চেয়ে আফসস
non_depressive,মাননীয় মন্ত্রী মহোদয় দেখার অনুরোধ রইলো
non_depressive,অপূর্ব নাটক। রোহান তিনি অভিনয় অনবদ্য। কলকাতা থেকে।
depressive,সৌদি আরবে ডিমের গাড়ী এক্সিডেন্ট করার পর রাস্তায় গরমে ডিম গুলি ভাজি হয়ে গেছে ! 
depressive,আমার মনে একটি অবহেলা মহাসাগর ছড়িয়ে পড়েছে আমি নিজেকে তার ঢেউয়ে হারিয়ে ফেলেছি।
non_depressive,মমতা ব্যানার্জি বলেছেন লোকসভা ভোটে বাংলায় সব আসন পাবেন । ৪২টা লোকসভা আসনের মধ্যে ৪২ টিতেই জিতবেন । কিন্তু আমি বলছি সে গুড়ে বালি । লিখে নিন ১৫টিও আসন জিতবে না তৃণমূল । : 
depressive,এখন কিছু লোক বলবে পির সরজনত্র এগুলো
depressive,তদন্ত রিপোর্টে বের হয় বছর ধরে খনি থেকে কয়লা চুরি হয়েছে
depressive,দিনে দুপুরে যেখানে মানুষের অধিকার হরন হয়সেখানে ইরম আজাব হবে স্বাভাবিক
non_depressive,"জার সাথে মায়ের দোয়া থাকে তাকে কেউ হারাতে পারে না সেই জত বড় শক্তিশালী হোক না কেন ! মায়ের ভালো বাসায় জিতিয়ে দিয়েছে আরিফুল হক চোধুরীকে অভিনন্দন তোমাকে , আসল পিরের দোয়া দেখুন সিলেট বাসি এখন বুজবেন আসল নকল পির এখনো সময় আছে সঠিক পিরকে চিনে মূল্যায়ন করুন "
depressive,আমি আমার জীবনে অনেক সময় সম্পর্কে ভ্রান্তি মনে করি আমি জানি যদি সত্যি সম্পর্কে অপেক্ষা করতে পারি।
depressive,আমি সময় ক্লান্ত বোধ করি
non_depressive,ভাইয়া আপনার উস্থাপনা আমার কাছে অসাধারণ লাগে।
depressive,আমি মাসে দুই দিনে মাছ খেতে পারি গ্রামে থেকেও
depressive,আয় ভাই উঠে আয় ফাইভ চালু হয়ে গেছে
non_depressive,ছোট ভাইটার পাশে একটু দাঁড়ান কোরআন তেলাওয়াতের ভিডিও বানাই
depressive,আজকে টাকা খাই কালকে সোনা খাই পরশু কয়লা খাই ভাতের উপর চাপ কমাই
depressive,পৃথিবীতে আমি যতদিন জীবিত থাকবো বন্ধু নামের শব্দটাকে সবথেকে বেশি ঘৃণা করব কারণ আমার বন্ধু আমাকে নিঃস্ব করে দিয়েছে আমি আজকে শেষ
depressive,ছিড়া সাধারণ মানুষের জন্য বিব্রতকর
non_depressive,ওয়াও এতো ইমোশন ইয়াশ তটিনি বেস্ট জুটি
non_depressive,বাংলা বংগ বন্ধ
depressive,বাংলাদেশ দাম যেইটা বাড়ে সেইটা কোন দিন কমে
non_depressive,ইয়াশ রোহান তটিনী বেস্ট জুটি আমার সাথে একমত
non_depressive,বক্স অফিসটা কোথায় অবস্থিত
depressive,রাজধানী ঢাকার সায়দাবাদের জনপথের আন্ডারপাস এর পাশে এভাবেই পড়ে আছে একজন বৃদ্ধার নিথর দেহ । দেখার যেন কেউ নেই দুইজন পুলিশ নাকি দাড়িয়ে একজন অপরজনকে বলতেছে দেখেন কিছু করতে পারেন কিনা । কিছু বলার ভাষা নেই । ৎ দেশ তো ফাইভ জি হয়ে গেছে । ছবি সংগৃহীত । 
non_depressive,আলহামদুলিল্লাহ আমি মাত্র একটি ডোজ নিয়েছি
depressive,"এমন সংঘী পোস্ট মাঝে মধ্যে দিব্যি লাগে কারণ তখন অসাম্প্রদায়িক বাঙালি বন্ধুরা নিজের রাজনৈতিক অবস্থান ছেড়ে এদের বিরুদ্ধে এককাট্টা হয়ে একসাথে লড়াই করে বাঙালির হয়ে , বাংলার হয়ে । বাংলাপক্ষ এই সচেতনতাটাই গড়ে তুলতে চায় । ভোট দেওয়া পার্টি আমাদের জামা , বাঙালিত্ব আমাদের চামড়া । জয়বাংলা"
depressive,"নির্বাচনী এলাকা রাস্তায় গাড়ি চলাচল বন্ধ করে এরা , নির্বাচন করছে পাবলিক তো ভোট দেয় না তাহলে ভোট দেয় কে ? সকাল সকাল , মেজাজ টা খারাপ হয়ে গেল , হাটতে হাটতে"
depressive,আমি সবসময় ক্ষতিগ্রস্ত মনে হচ্ছে। আমার কাছে দুঃখের ব্যবস্থা করার জন্য কোনো নেই।
depressive,টাকাটা ব্যাংকে রাখলেও কাজে দিতো
non_depressive,বাংলাদেশ ঠিক আছে আমরা মুসলিম আবার হিন্দুদের আমাদের দেশেরই একটা অংশ কিন্তু আপনি আপনার দেশের মুসলিমদের নাগরিকত্ব দেন আগে
depressive,গাঞ্জা টানে আমেরিকাদেশে মাতাল হয় এসে বাংলাদেশে
depressive,দেশে বিচার থাকলে অবস্থা দেখতে
depressive,বেশির ভাগ সময়ে এমনিভাবে খারাপ হয়ে থাকে।
non_depressive,আলহামদুলিল্লাহ ! মহান আল্লাহর ফায়সালাই চুড়ান্ত । তিনি যে রেজাল্ট আমাদের জন্য বরাদ্ধ রেখেছেন তা অবশ্যই আমাদের আগামী দিনের পথচলাকে সুদৃঢ় করবে । এটা ঠিক যে আমরা কাঙ্ক্ষিত রেজাল্ট পাইনি । কিন্তু আমরা হাজারো জনগনের : 
depressive,লেখাটি পড়ে মনে হচ্ছে জীবনের অন্ধকারে পড়লেও প্রত্যাশার কোনো আলো থাকতে পারে না। কান্না সারা দেশের
non_depressive,তোমার নিরবতায় আজ আমার ব্যস্ততম শহরটা ও থমকে দাঁড়ায় । 
non_depressive,আলহামদুলিল্লাহ টিকা ছাড়া ভালো আছি
depressive,লেখাটি পড়ে আমার চোখে ধরেছে এটি অত্যন্ত দুখজনক এবং ক্ষতিকর।আসুন দেশটাকে গিলে খাই ভাত উপর চাপ কমাই
non_depressive,এটা বাংলাদেশের সরকারের উচিত নজরে দেওয়া আমলে নেয়া ভবিষ্যতে এরা যেনো এমন নৃশংস হত্যা করে এদের ফাঁসি আওতায় আনা হোক
non_depressive,সুস্হতা মহান আল্লাহর বড় এক নেয়ামত ! যা আজ ৩ দিনে বুঝতে পারছি ! পাশে থাকা লোকটার ও ধকল কম যাচ্ছে না ! শুকরিয়া ইয়া রব এমন জীবন চলার সাথী দানকরার জন্য দোয়া চাই সুস্থতার জন্য 
depressive,মন্তব্য করবো চোরকে আবার হজ্বে পাঠানো হচ্ছে
depressive,চলে যাওয়া বিষয়।। অন্য কারও হাত ধরে চলে যাওয়া ভিন্ন বিষয়। তাও কেন জানি মনে হয়।।তুমি এতটাও খুশি নওতাও কেন চলে গেলা
depressive,ঘাতক সেই বাস কোম্পানির মালিক নৌমন্ত্রীর শ্যালক এবার বুঝতে পারলাম মন্ত্রী কেলাচ্ছিল কেন
depressive,পুলিশ হানা দিলেই একে অন্যকে হোয়াটসঅ্যাপে সাবধান করে দিচ্ছেন : 
depressive,আমার জীবনের অনেক সময় আমি মনে করি আমি আমার সময় হারিয়ে যাচ্ছি।
depressive,বিপদরে বাবা টিকা দিলেও সমস্যা দিলেও কোনো দেশে যাওয়া যায়
non_depressive,এইসব পত্রিকা থেকে ধরনের ফালতু ইউটিউবার নিয়ে পোষ্ট করা খুবই দুঃখজনক
depressive,আগে দুর্নীতি চাদাবাজি বন্ধ করুক তাহলে ব্যবসায়ী নিশ্চিন্তভাবে ব্যবসা করবে।
non_depressive,জনতা বিচার অত্যন্ত সঠিক ছিল
non_depressive,ছিড়ে ফেলা মোটেই ভালো নাই জাতীয় শিক্ষা কারিকুলাম বিষয়। বিচার হওয়া উচিৎ।
non_depressive,মেডিটেশন করুম নিয়মিত ভালো থাকবেন। ইনশাআল্লাহ।
non_depressive,নিউজ দুর্ভিক্ষ চলতেছে
depressive,হাড্ডি গোস্ত উপজাতি দোস্ত
non_depressive,ভাইয়া মাঝে মাঝে কমেডি করেন এটা খুব ভালো লাগে
depressive,আমি সময় অনুভব করি আমি একটি বোঝা মানুষ নই।
depressive,আজকের অন্ধকারে প্রাণ হারানোর আনন্দ আমার মনে হচ্ছে।
non_depressive,"অভিনন্দন টিম বাংলাদেশ ওয়েস্ট ইন্ডিজের বিপক্ষে ২ ১ সিরিজ জয় লাভ করলো একটুর জন্য বাংলা ওয়াশ টা মিস হয়েছে যাই হোক , ভালো খেলেছো ম্যাশ "
depressive,"এরা সেই কয়লা বাবা , বেশী কিছু বলা যাবেনা তাইলে আবার নাস্তিক ট্যাগ লাগিয়ে দেবে । "
depressive,জীবনের শেষ কিছুদিন হলেও প্রিয় মানুষ টার সাথে থাকতে পারল
non_depressive,আমি নাকি কুফা কোথাও যাইতে চাইলেই বৃষ্টি নামে
depressive,মডার্না টিকা গ্রহণ করে আমি এখন লিভার এবং ব্রেন স্ট্রোক জনিত সমস্যায় ভুগতেছি
non_depressive,বন্ধু নির্বাচনে সচেতন হওয়া জরুরি আসামিদের অবশ্যই ফাঁসি চাই
non_depressive,শিবির বিম্পি অনলাইনে বিপ্লবে ফেটে যাচ্ছে
non_depressive,কমেন্টে সাকিব ভক্ত
depressive,দুদকের তদন্ত প্রতিবেদনঃ গায়েব নয় দাঁত মেজেই লাখ হাজার মেট্রিকটন কয়লা শেষ
depressive,যেখানেই থাকো প্রিয়ভালো থেকো সবসময়
non_depressive,", অন্তরে যার নাম লিখেছি প্রেম এঁটেছি খামে ! হাজার স্তুতি কাব্য পাঠাই সেই সে মহান নামে ! অঙ্গেও তার রঙ মেখেছি পণ করে নিজ দাঁতে ! তার কবিতায় সুর তুলে যাই রোজ প্রতি সিজদাতে ! "
non_depressive,আলহামদুলিল্লাহ ঈমানের শক্তি বারিয়ে দাও
depressive,টীকা নিয় ভিবিন সমস্যাই আছি
non_depressive,এতদিন পরে পুরনো খবর প্রকাশ করাটা আরটিভির মানায়
non_depressive,"সর্বশেষ বিপিএলের ষষ্ঠ আসর শুরু ৫ জানুয়ারি , প্লেয়ার্স ড্রাফট অক্টোবরে , খেলোয়াড় ধরে রাখা যাবে ৪ জন । "
non_depressive,টাকা গুলার কিছু অংশ আমাকে দিতেন
depressive,"আমার ছোটবেলা কখনই এমন ছিলো না , তখনও চার দেয়ালের মাঝে ! আজও আছি একই সাঝে ! "
non_depressive,মমতা ব্যানার্জি বলেছেন লোকসভা ভোটে বাংলায় সব আসন পাবেন । ৪২টা লোকসভা আসনের মধ্যে ৪২ টিতেই জিতবেন । কিন্তু আমি বলছি সে গুড়ে বালি । লিখে নিন ১৫টিও আসন জিতবে না তৃণমূল । : 
non_depressive,নাটকটা খুবই সুন্দর লাগছে
non_depressive,", বৃষ্টিতে ভিজতে কার কার ভালো লাগে ? "
depressive,আমি মনে করি ডিপ্রেশন থেকে বেরিয়ে আসার সহজ উপায় যেই ধর্মের সেই ধর্ম অনুসরণ করা এবং নিজেকে কোনো কাজে ব্যসতো রাখা সত্য মেনে নেওয়া।
non_depressive,এদের বিচার কখনই হবেনা সুতরাং এমন অনাকাঙ্ক্ষিত ঘটনাও থামবেনা।
non_depressive,খুবই চমৎকার নাটক
non_depressive,রাসুল সাঃ এর রেখে যাওয়া দ্বিন ইসলাম ও তার সুন্নাতকে উজ্জীবিত রাখালেই ভালোবাসা হবে । মুখে ভালোবাসি বলায় ভালোবাসা হয়না কাজে প্রমান করতে হবে । 
depressive,আমিও তাহাদের দলে যারা বারবার মরে যায় কিছু সম্পর্ক জোরা লাগলেও দাগ থেকে যায় কিছু সম্পর্ক হয়তো এমনি চাইলেও কাছে থাকা হয়না
non_depressive,এদেরকে ফাঁশি দেওয়া হোক যারা অপরাধীকে মেরে ফেলেছে তাদেরকেউ ফাঁশি দেওয়া হোক
depressive,আমিও same বিপদে আছি
depressive,চাকরীজীবি স্ত্রী স্বামীর জন্য জাহান্নাম । কথাটা কতটুকু সত্য এবং ইসলামের দৃষ্টিতে ? 
depressive,অসুস্থ মনের সাথে সামর্থ্যের অন্ধকারে আমি জীবনের অজানা সমস্যার সামনে দাঁড়িতে পারছি না।
non_depressive,আলহামদুলিল্লাহ ভালো লাগলো
depressive,ডিপ্রেশনে মাঝে মাঝে চায় দুনিয়া থেকে বিদায় নিয়ে যাই
non_depressive,ইমান সুখ
depressive,দেশের অনেক মানুষ খেতে পারেনা কোটি দিয়ে অনেক লোকের উপকার করতে পারতেন।
non_depressive,এসবের জন্য বিশ্ব স্বাস্থ্য সংস্থা সরকার দ্বায়ী।
non_depressive,আযান সবচেয়ে শ্রুতিমধুর আযান ইহকালের সবচেয়ে সেরা আহবান
non_depressive,ভাই বাংলাদেশের বক্স অফিসের ঠিকানা একটু দিবেন
depressive,দ্বিতীয় ডোজ হাতে দিয়েছি মাঝে মাঝে খুব কষ্ট অনুভব হয়
non_depressive,মনে হচ্ছে পিছনে BNP হাত রয়েছে
non_depressive,লোভে পাপপাপে মৃত্যু
non_depressive,আল্লাহ মাবুদ আমাদের সকল প্রকার দুর্ঘটনা থেকে রক্ষা করুন। আমিন
non_depressive,এগুলো সংবাদ মাধ্যমে দেওয়া লাগে
non_depressive,৩৮ তম বিসিএস পরিক্ষার সময়সূচী ১ । ৮ ৯ ২০১৮ ইংরেজি সকাল ১০ টা ২ । ৯ ৯ ২০১৮ বাংলাদেশ বিষয়াবলী সকাল ১০ টা ৩ । ১১ ৯ ২০১৮ আন্তর্জাতিক বিষয়াবলী সকাল ১০ টা এবং গনিত দুপুর ২টা ৪ । ১২ ৯ ২০১৮ বিজ্ঞান সকাল ১০টা এবং মানসিক দক্ষতা দুপুর ২ টা ৫ । ১৩ ৯ ২০১৮ বাংলা সকাল ১০ টা 
non_depressive,আল্লাহ আপনি তাকে সুস্থতা দান করুন
non_depressive,পছনে গেম খলতা ছেন
non_depressive,এসব মাস্তানদের দেশ ছাড়া করার দরকার এসব মাস্তানি এখানে চলবে
non_depressive,সময়ে এসে বাংলাদেশে নামা বানাইতে কইসে ক্যাডা
depressive,চোখের বেধে রাখা গেলোনা।
depressive,কেমন ছেলে বাবার গায়ে হাত তুলে আমি হলে ছেলেটাকে মারতাম
non_depressive,তটিনী আপুর অভিনয় অসাধারণ
non_depressive,রোগের চিকিৎসার জন্য এটাই ভালো চিকিৎসা প্রমাণিত আমি এটা দেখেছি
non_depressive,আমিও কিনতে চায়।দিন আসছে বেঁচে থাকতে হলে আবার অস্ত্র ধরতে হবে।।
non_depressive,সমস্ত কোম্পানির বিরুদ্ধে জরিমানা করা হোক
depressive,টাকাটা গরিব অসহায় মানুষের কল্যানে কাজ করলে ইহকাল এবং পরকালের আপনার অনেক মঙ্গল হত।
depressive,পশ্চিম বাংলার শাসক দলের মদতে রম রমিয়ে চলছে জুয়া শিল্প প্রশাসন নীরব দর্শক । 
depressive,ফাম দিছনা এমনি কষ্টে আছি আমরা।
depressive,কতোদিন প্রাণ আমার হাসে ঠোঁটের কোনে তোমরা দেখো আসলে হাসি
non_depressive,লের সংবাদ বাজারে গিয়ে দেখে সংবাদ প্রচার করা উচিত
depressive,সবগুলা বিশ্বাসঘাতক দেশদ্রোহীদের নিয়ে যান
non_depressive,করুণা কোন মহামারী ছিল করোনা কোন ওষুধ অসুখ ছিল এটা ছিল মানুষ মারার একটা বিশ্বের মধ্যে সবচাইতে বড় সরয্ন্ত
depressive,আগে ছিল কম্বল চোর এখন হয়েছে কয়লা চোর সোনার বাংলা এখন সোনা চোরের বাংলা
non_depressive,আ লীগ আবার ক্ষমতায় এলে ৫ জি সেবা চালু হবে : জয় : 
non_depressive,"নৌকা নিয়ে হাওরে বেরিয়েছে । একপর্যায়ে নৌকা থেকে হাওরের পানিতে ঝাঁপ দিয়ে দুরন্তপনায় মেতেছেন এক তরুণ । উল্ল্যেয়ার হাওর , তাড়াইল উপজেলা , ২৭ জুলাই । ছবি : তাফসিলুল আজিজ "
non_depressive,টিকা খাইয়া আইলাম সৌদি আরব আলহামদুলিল্লাহ ভালো আছি
depressive,টাকা থাকলে শান্তিতে মরাও যায় ভাই। এটাই সত্যি
depressive,এখানে সমস্যার আছে নিহত ব্যক্তি একজন পুরুষ। তিনি নারী হলে একটা কথা ছিল। এদেশে পুরুষের জীবনের কোন মূল্য আছে নারী হলে সোশ্যাল মিডিয়া গরম হয়ে যেত।
depressive,উন্নয়নের ঠেলায় মানুষ দিশেহারা।
non_depressive,আলহামদুলিল্লাহ সাব্বাস সচেতন ছাত্র সমাজ
non_depressive,অদূর ভবিষ্যতে কি বাঘেদের জায়গা হবে কেবল ছবিতেই ? : 
depressive,একটা টুইট রেখে বাকি টুইট গুলো হারিয়ে যাচ্ছে কেন ? 
depressive,নাটকটা শুরু থেকে শেষ পর্যন্ত কান্না দিয়েই শেষ করলাম
depressive,রাজধানীর কুর্মিটোলায় দুই চালকের প্রতিযোগিতায় বাসচাপায় প্রাণ হারিয়েছেন তিন কলেজ শিক্ষার্থী । সাংবাদিকদের প্রশ্ন এড়িয়ে গেলেন মন্ত্রী ! কবে ঘুম ভাঙবে সরকারের ? 
non_depressive,মধ্যপ্রাচ্যেএমন লবন দিয়ে ট্রিটমেন্ট আমি দেখেছি।
depressive,তুমি বুঝতে পারনি এটা তোমার ব্যর্থতা আমি আমার মনের কথাটা তোমায় বলেছিলাম
depressive,নিজের একটি চোখ বিক্রি করে আইফোন কিনে সবাইকে দেখিয়ে বেরাচ্ছেন আমাদের নিমা । পরোটা বাবা 
depressive,নির্মম কান্ড
depressive,আগে জিনিসটা নিয়ে অনেক মজা করতাম একজনকে ভালোবাসার বুঝলাম জিনেস ডিপ্রেশন
non_depressive,বাংলাদেশে আবার বক্স অফিস আছে
depressive,আমি সময় অনুমান করি আমি অন্যের জন্য অপরিচিত।আমি সময় অনুমান করি আমি যেটা প্রয়োজন তাতে আমি সেটা করতে পারবো
non_depressive,সঠিক সিদ্ধান্ত নেওয়ার জন্য ধন্যবাদ
depressive,আমার জীবনে অন্ধকার বিরক্তি অস্বস্তি
non_depressive,পৃথিবীতে নিজেকে নিয়ে গর্ব করার কিছু নেই সব গর্ব হবে মৃত্যুর পর খোদার রহমতের ছায়ায় নিজেকে রাখতে পারলে 
non_depressive,আসামে বাঙালির পাশে দাঁড়ান । বাংলাপক্ষ ওদের আজ আপনাকে প্রয়োজন । জয়বাংলা : ? 
non_depressive,বাস এক্সিডেন্টে নজর দেওয়া হবে দেওয়া হবে শুধু বাইক এক্সিডেন্টে। নিষেধাজ্ঞা আসবে সবকিছু বাইকের উপর।
non_depressive,এখানে ট্রাক ড্রাইভারের দোষ বুঝলাম না। বাইকার নিজেই নিয়ন্ত্রণ হারিয়ে ট্রাকের নিচে পড়েছে।
non_depressive,অস্থির ওদের সুযোগ সুবিধা দেখে কান্না আসতেসে
non_depressive,সময় টিভি সরকারি চ্যানেল
depressive,বাংলাদেশের উন্নয়ন মানে উপরে ফিটফাট ভিতরে সদরঘাট
non_depressive,আপনাদের খবর গুলি বরাবরই মিথ্যা।এখনো কোথাও পেয়াজের দাম কমেনি।
depressive,জুম্মা মোবারক নামাজের একটা সেল্পি সবাই লাইক কমান্ড কলেন
depressive,সত্যি অসাধারণ এমন অনেক সম্পর্ক আছে সংসার দায়িত্ব উদাসীন থাকার কারনে শেষ হয়ে যায়।নাটক তাই পরিপূর্ণতা পেল।বাস্তবে হইনা।
non_depressive,সুযোগে পাঠিয়ে দেওয়া হোক
non_depressive,ইয়াশ রুহান দুর্দান্ত
non_depressive,কোথায় আপনারা যারা বলেন দেশে সুশাসন সৃষ্টি হয়েছে আপনাদের দৃষ্টি আকর্ষণ করছি
depressive,কেন্দ্রে জাল ভোট বিএনপির দাবি
depressive,এদের প্রমোট করার কোন মানে আছে এদের আছে লজ্জা আছে শালীনতা এদের নিয়ে নিউজ করলেই খুশি সেটা বিষয়ই হোক।
depressive,ডিপ্রেশন বলতে যেমন আমি উপস্থাপিকাকে দেখে আবেগ প্রবণ হয়ে গেছি যদিও আমি জানি তাকে পাবোনা সেই হিসেবে আমিও এখন ডিপ্রেশনে আছি ধন্যবাদ
non_depressive,আমি রিপোর্টে দেখলাম  সালের পর্যন্ত সংখ্যালঘু গুলো ভারতে গেছে শুধুমাত্র তাদেরকেই নাগরিকত্ব দেওয়া হবে
non_depressive,আমিও বিষয়টা কাজী মারুফ ভাই বলেছিলাম
non_depressive,তোমাদের নিউজ অভাব থাকলে আগাছা কেটে শেষ করো তাও ভাই তোরা ওদের নিউজ দিসনা ভাই তোদের কাছে খমা চাই
non_depressive,সুন্দর একটি নাটক উপহার দেবার জন্য টিমকে ধন্যবাদ
non_depressive,গ্রীন কার্ড নামটা শুনলেই সুশীল মনে কর্মাসিয়াল সিনেমা ছাড়া আমি হলে ছবি দেখি
depressive,"আসুন দেশটাকে গিলে খাই , ভাত এর উপর চাপ কমাই । আজকে টাকা খাই , কালকে সোনা খাই , পরশু কয়লা খাই , ভাতের উপর চাপ কমাই "
depressive,জুম্মা মোবারক নামাজের একটা সেল্পি সবাই লাইক কমান্ড কলেন
non_depressive,ধন্যবাদ অমিত সাহাকে
non_depressive,মহান আল্লাহ করে মানুষের কল্যাণে করে তাই একটাই দিয়েছিলাম।
non_depressive,কর্মচারি সংখ্যা যদি থাকে তাহলে কর্মচারি নিয়োগ দেওয়া হোক কেননা বাংলাদেশে বেকারত্বের সংখ্যা অনেক বেশি।
depressive,"ঋণের দায়ে আত্মঘাতী হয়েছেন সাগরদিঘি থানার মাহাতাব শেখ নামে এক কৃষিজীবী কৃষকদের প্রধানত দুটি সমস্যা । প্রথমত , তাঁরা ফসলের দাম পাচ্ছেন না । লোকসান হচ্ছে । অন্যদিকে রাজ্যের সিংহভাগ কৃষক ঋণগ্রস্ত । ব্যাঙ্ক থেকে ঋণ পাচ্ছেন অল্পই । "
non_depressive,এতোদিন দেয়না কেন
non_depressive,"ছাদে বাগান ভেতরে সুন্দর বিনোদন , ঢাকাই চলছে অটোরিকশা । "
non_depressive,ইলিয়াস কানচন সাহেব কোথায় শুধু বলে মটরসাইকেল চালোকরাই বাজে গাড়ি চালায় রাস্তায়।
non_depressive,বাংলাদেশের উপরে ফিটফাট ভিতরে সদরঘাট। সেটা নওয়াজ মিয়া জানে
depressive,হঠাৎ বদলে যাওয়া মানুষগুলোর অতীত খুঁজতে গেলে বুঝতে পারবে কতটা অবহেলায় ভরা ছিল অতীতটা
non_depressive,জিন এডিটিং এর সাহায্যে মুম্বইয়ের হাসপাতালে হল এই অসাধ্য সাধন । জন্ম নিল সুস্থ যমজ সন্তান । : ? 
non_depressive,যেই কলেজের শিক্ষার্থীরা ফেল করেছে তাদের শিক্ষকদের আইনের আওতায় আনা হোক
non_depressive,আমি শুধু অবাক চোখে চেয়ে থাকি।
non_depressive,বর্তমানে অটো রিক্সার মতো সাংবাদিক বেশি হওয়ার কারণে অটোওয়ালারা যাত্রী পাচ্ছে না।
non_depressive,নিরন্তর গণতন্ত্রের গলা টিপছে মমতা বন্দ্যোপাধ্যায়ের নেতৃত্বে তৃণমূল । 
depressive,"আমরাতো স্বপ্ন হত্যাকারী , আমরা স্বপ্ন বাঁচাবো কি করে ! আর কতদিন এভাবে স্বপ্নগুলোকে অঙ্কুরেই বিনষ্ট হতে দেখবে জাতি । এক সময় তো স্বপ্ন দেখার লোকগুলোও চাপা পড়ে যাবে পাহাড়সম চাটুকারীদের দ্বারা । "
non_depressive,আলহামদুলিল্লাহ ঈমানের শক্তি বারিয়ে দাও
non_depressive,নদীয়া উত্তর জেলার বেথুয়াডহরীতে জন প্লাবনের মাঝে বক্ত্যব্য রাখছেন কেন্দ্রীয় সাধারণ সম্পাদক শ্রী : 
depressive,"স্রোতের বিপরীতে হেটে দেখুন কতজন থাকে পাশে , স্রোতের দিকে তো কচুরিপানা ও ভাসে , "
depressive,সকালে উঠিয়া আমি মনে মনে চিল্লাই এতো বড় হইছি আমার নাই কিল্লাই গুদ মন্নিং
depressive,এমন অবস্থার মধ্যে দিয়ে যাচ্ছে সময় বলাও যায়না আবার সওয়াও যায়না আসলে নির্বাচন সুষ্ঠু সুন্দর হয়েছে ভোটারদের কষ্ট করে ভোটকেন্দ্রে যেতে হয়
depressive,"মানুষের প্রতি মানুষেত দরদ দিন দিন কমলেও , কুত্তা বিলাই এর প্রতি মানুষের দরদ দিন দিন বাড়তেছে ! "
non_depressive,মুভিটা ইউটিউবে ছাড়লে কিছুটা উঠবে
depressive,জীবনের অনেক সময় হারিয়ে যাওয়া স্বপ্নগুলি আমার দুঃখের জলে ডুবে আসে।
depressive,এইসব ফাইভ বুলেট ট্রেনের স্বপ্ন আছে বলেই আমরা বাসের পাদানিতে টেম্পুর পাদানিতে গাদাগাদি করে দাঁড়িয়ে প্রতিদিন চলাফেরা করতে পারি
non_depressive,বরাবরেই ইয়াস তটিনির অভিনয় যেন ছুঁয়ে যায়। অভিনয় দিয়ে যেন নিজেই নিজেকে ছাড়িয়ে যাচ্ছে
non_depressive,কাজী হায়াৎ ওরফে হায়াতুজ্জামান মুভি বলে কথা
non_depressive,অসুস্থ ধারনা প্রতিযোগিতা থেকে বের হতে সমাজ সরকার রাষ্ট্র অভিভাবকদের এগিয়ে আসতে হবেজনসংখ্যা কমাতে হবেটেকনিক্যাল শিক্ষা চালু করতে হবে।
depressive,সমস্যা নেই মদের লাইসেন্স দেয়া হবে তেলের দাম বাড়লেও মদের দাম থাকবে মানুষ মাতাল হলেও খেতো বাছবে উন্নয়নশীল বাংলাদেশ তেল পায়না খাবে
depressive,ফিলিস্তান মুসলিমদেরে এ কি আবস্থা । সবার কাছে অনুরোধ পোষ্টটি দেখা মাত্রই শেয়ার করবেন । প্লিজ বাচ্চাটার জন্য দোয়া করবেন 
non_depressive,সুন্দর সাবলীল অভিনয়
depressive,মনের অজান্তেই চোখ দিয়ে পানি পড়াতে লাগলো
depressive,"এরা সেই কয়লা বাবা , বেশী কিছু বলা যাবেনা তাইলে আবার নাস্তিক ট্যাগ লাগিয়ে দেবে । "
depressive,মেয়েটা সৎকিন্তু সামান্য ভুলের জন্য শেষ হয়ে গেলো
depressive,আমি তাই কৃষি কাজ করি। দুবেলা খাবার জন্য সারাদিন কাজ করি।
non_depressive,"ছেলের বাপ পণ্য চাইলে জাতীয় অপরাধ কিন্তু , মেয়ের বাপ সরকারি চাকরি খুঁজলে সাত খুন মাফ ব্যাপারটা হলো দুটোই আন্তর্জাতিক ভিখারী শুধু ভিক্ষা করারা ধরণ টা আলাদা "
non_depressive,যতই লোভনীয় হেডলাইন দেন কেন লিংক প্রবেশ করবো না। দরকার পরলে পুরো কমেন্ট বক্স পড়ে জেনে নিব।
depressive,"যে দেশে মানুষের মৃত্যুর খবর শুনে মন্ত্রী মহোদয় হাসে , প্রতিদিন মৃত্যু ভয় নিয়ে বাইরে বের হতে হয় যেখানে প্রিয়জনের ঘরে ফেরার নিশ্চয়তা নেই , যেখানে রাস্তায় মা বোনদের নিরাপত্তা নেই , সেই দেশ আমার না । হয়তো দেশটা একদিন আমার ছিল । এখন আর নেই । এই দেশে আমি অসহায় ! সড়কদুর্ঘটনা"
depressive,দোষ চাপিয়ে দেবে সাকিব খানের উপর।
non_depressive,আমি বুঝিনা RTV মতো একটা সংবাদ মাধ্যমে নিউজ কেমনে আসে। ওদের নিউজের অভাব পরছে
non_depressive,আলহামদুলিল্লাহ পাশ করেছি
depressive,আখেরাতের পাসপোর্ট বেহেশতের ভিসা পরকালের পাসপোর্ট এই নাকি ধর্মের ব্যবসা 
depressive,মঙ্গলগ্রহে তরল পানির হ্রদ প্রাণের অস্তিত্বের সম্ভাবনা বাড়লো
depressive,"যারা একটা প্যান্ডেল সামলাতে পারেনা তারা বাংলা সামলাবে ? উড়িষ্যা , ঝাড়খণ্ড , বিহার , ইউপি থেকে যে সব গাড়ী এসেছিল নম্বর বলে দিলাম বিজেপি র সাহস থাকলে চ্যালেঞ্জ করুক । ৪২ এ ৪২ ফিনিশ । অভিষেক ব্যানার্জী । "
non_depressive,"সেদিন এক মধ্য বয়স্ক পাগলীকে দেখেছিলাম রাস্তায় । ছেঁড়া শাড়ি হাঁটু পর্যন্ত তোলা । মাঝরাস্তায় দাড়িয়ে কাকে জানি আঙুল তুলে দেখাচ্ছে আর হাসছে । আমি তাকিয়ে দেখলাম নির্দিষ্ট কারও প্রতি সে আঙুল তুলেনি । দেখাতে হয় তাই দেখাচ্ছে । আজকে বারবার মনে হচ্ছে সেই আঙুল কি আমাকে , আপনাকে , আমাদেরকে"
depressive,চলে যাওয়া বিষয়।। অন্য কারও হাত ধরে চলে যাওয়া ভিন্ন বিষয়। তাও কেন জানি মনে হয়।।তুমি এতটাও খুশি নওতাও কেন চলে গেলা
depressive,বাংলাদেশের নিয়ম দেখতে হবে কোন সময় হয়তো বাংলাদেশের নাম পাল্টে নিয়মদেশ হবে
depressive,টিকা দেওয়াতে আমি অধিক পরিমাণে হাঁচি জনিত সমস্যায় বুকছি।
non_depressive,সোনার ছেলে একদম দশে দশ।
depressive,নতুন প্রজন্ম যারা ইউরোপযুক্তরাষ্ট্রের পথে দিবে তাদের জন্য এটা শিক্ষামূলক সিনেমা।এটা আমাদের সবার দেখা উচিত।বাংলাদেশের মানুষ সাকিব খানে আটকে আছে।
non_depressive,হরে কৃষ্ণ নাম করুন।।
non_depressive,কাজ গুলো যারা করিতেছেন। তারা আমাদের সমাজের সুশিক্ষিত লোক। তাদের হতে বাতিল করে। প্রবাসি ভাইদের নিয়োগ দেওয়া হক।
non_depressive,দিন থেকে টিকা দিয়েছি সেদিন থেকে যৌন সম্সায় ভুগছি
depressive,সবছে বেশি ভালো লাগে পুলিশের কাছথেকে ছিনিয়ে নিয়ে মেরেছে নিজের বিচার নিজেকে করতে হবে
depressive,আমি সময় অনুমান করি আমি অন্যের মতো হতে পারছি না।আমি সময় অনুমান করি আমি যেটা প্রয়োজন তাতে আমি সেটা করতে পারবো
depressive,আমার কারণে সবাই দুঃখ পায়
depressive,নিজেকে ভালবাসুন নিজেকে সময় দিন।মাথায় রাখুনসবার আগে নিজেকেই নিজের প্রথম প্রয়োজন। দিনশেষে আপনি আপনারতাই নিজেকে নিয়ে সবচেয়ে বেশি ভাবুন।
depressive,খোঁপার কাঁটাকে যৌন হেনস্থার প্রতিবাদে বার্তা দেওয়ার কাজে ব্যবহার করছেন বাংলাদেশের নবীন ডিজাইনার
non_depressive,ঘন্টা সময় নষ্ট করে মানুষ সিনেমা দেখেনা বুঝলেন
non_depressive,মূল সমস্যা হলো অর্থ কিছু
depressive,মিথিলার সাথে কাজ ভালো করে নাই অন্তরার বোন
depressive,নাটক দেখি বিনোদনের জন্য অবসর সময় কাটানোর জন্য একটু রোমান্টিক মুড থাকার জন্য এখন নাটক দেখে পুল ডিপ্রেশন চলে যাচ্ছি
depressive,কোথায় কিসের উন্নয়ন মানুষ খেয়ে মরে দেশ শুধু শুধু উনয়ন দেশ সিংগাপুর।
depressive,আমার মতো কেও আছো গান পতি রাত শুনতে
depressive,আমার মনে বর্তমান অবস্থার থেকে বাস্তব সত্যটাই দেনমোহরের জন্য।
depressive,বঙ্গ দেশে এখন জঙ্গি হইয়া গেছে বাস চালক । 
depressive,শুধু ঢাকা শহর কেন শহরেই ব্যাচেলরদের জীবন কষ্টের
depressive,আমি সময় অনুভব করি আমি আমার জীবনের প্রতিটি কাজে অক্ষম।হতাশা দুচিন্তা বেকারত্বের প্রধান কারণ।
depressive,বাংলাদেশের অনেক আলেমরা বলেছিল টিকার চক্রান্ত সম্পর্কে কিন্তু কেউ শুনেনি বরং তাদের হেয় করা হয়েছিল
depressive,"বাড়ির ফ্রীজটা আধভাঙা হয়ে পড়ে আছে । নতুন ফ্রীজের খোঁজখবর করতে গিয়ে দেখি স্যামসাং একটা পেল্লায় ফ্রীজ বের করেছে যার গায়ে জলের কলও আছে আবার এলইডি টিভিও আছে । এই , আড়াই লাখ মত দাম । মোটের ওপর যে পছন্দ হয়নি তা নয় ; তবে কিনা ফ্রীজবাবাজী লুচি বেলতে পারেনা । তাই ক্যান্সেল করলাম । "
depressive,আমি মনে করছি কবর থেকে তুলা হচ্ছে
depressive,বিষন্নতার বিষ মনের শান্তিকে নাশ করতে থাকে।
depressive,বাসের ড্রাইভার যদি মরে মেরে ফেলাদের জোর দাবি জানাচ্ছি
non_depressive,একটা টিকা নাই আলহামদুলিল্লাহ ভালো আছি
non_depressive,খুবই ভালো একটা নিউজ।
depressive,প্রতিটি শেষ কাহিনির মধ্যে আমি হারানোর সত্যটি আবার খুঁজে পাই আমার সময় হারিয়ে যাচ্ছে যাতে অনুভব করতে পারব
depressive,ছোট্ট পৃথিবীতে আমি দুইটা দেশকে বেশি ঘৃণা করি
non_depressive,বেকারদের নিয়ে ফাজলামো করা ঠিক না।
depressive,সময়ের চেয়ে ক্ষমতার মূল্য বেশি
depressive,আমার জীবনের শেষ কিছু দিন হিসেবে দিন পেলাম এরপর কিছু মানুষের দায়িত্ব মুক্ত হতে গিয়ে আমাকে পেলে চলে গেল মিস খুব মিস করছি বোনকে
depressive,সবসময় আমি মনে করি আমার সাথে কেউ আছে না। আমি অবশ্যই সমস্যার সম্মুখীন হতে পারবো না।
depressive,কমেন্ট করে গেলাম কেও লাইক দিলে পেয়ে আবার ফিরে আসবো কনো নিঝুম রাতে নাটক দেখার জন্য
depressive,আমি চেষ্টা করছি আনন্দ খুঁজে পাওয়ার জন্য কিন্তু সেই আনন্দ কোথাও হারানো গেছে।
non_depressive,বাবু কেটেছে একেলা বিরহের বেলা আকাশকুসুম চয়নে । সব পথ এসে মিলে গেল শেষে তোমার দুখানি নয়নে । 
depressive,আমি সময় বিচ্ছিন্ন এবং উদাস মনে আছি।
non_depressive,ঈশ্বর তোমাদের জুটি খুবই ভালো রাখুক
non_depressive,লাইসেন্স থাকলেও জাগায় অস্ত্র প্রদর্শন করা যায়
non_depressive,চতুর্থ ডোজ সম্পন্ন করেছি। আলহামদুলিল্লাহ এখনও কোন জটিলতা বুঝিনি।আলহামদুলিল্লাহ
non_depressive,নিষিদ্ধ পল্লীতে নিষিদ্ধ মানুষের বসবাস থাকলেও সেখানকার খরিদ্দাররা একদম বিশুদ্ধ পল্লীর হয়
non_depressive,একটা মেয়ে রিলেশনে আছে জেনেও একটা ছেলে তাকে বারবার প্রোপোজ করছে । যদিও ছেলেটার সাথে মেয়েটির অনেকদিন যাবৎ কথা হয় এবং ছেলেটা খারাপও না । এক্ষেএে মেয়েটির কি করা উচিৎ হবে ? 
non_depressive,"জন্ম নিয়ন্ত্রণের মত রাজনীতি নিয়ন্ত্রণও জরুরী , নইলে জারজ সন্তান পয়দা হবে । যদিও সংখ্যাটা দিন দিন বেড়েই চলেছে "
non_depressive,হয়নি তারা অতিরিক্ত লাভ করেছে আদম পাচার করে এটাই তাদের আসল উদ্দেশ্য ছিল।
depressive,প্রথম থেকেই আমি চিন্তিত।যদি করোনা ভেক্সিনের কোনো সাইড এফেক্ট হয়। পৃথিবী শূন্য হয়ে যাবে মানুষ।
depressive,সময়ের সঙ্গে বেশিরভাগ আমার স্বপ্ন হারিয়ে যায় আমি যদি সময়ের সাথে স্বপ্ন হারাতে বাধ্য তাহলে আমি একা যাতে মনের সঙ্গে দুঃখে ভরা থাকতে পারি
depressive,তোমাদের এই ঋণ কোনদিন শোধ হবেনা অথচ স্বঘোষিত রাজাকারের বাচ্চারা তোমাদের আত্নত্যাগের কথা ভুলে গেছে । 
depressive,বিষন্নতা কোন রোগ আবার খুব খারাপ রোগ। তাই একে গুরুত্ব দেয়া সকলের উচিত। ধন্যবাদ।
depressive,আপনার কথা একদম সঠিক তদ্রুপ বাংলাদেশের দুর্নীতি দেখে মানুষের লজ্জা হয়।
depressive,"মানুষের প্রতি মানুষেত দরদ দিন দিন কমলেও , কুত্তা বিলাই এর প্রতি মানুষের দরদ দিন দিন বাড়তেছে ! "
non_depressive,আমরাও যেতে চাই ভারতে
depressive,জীবন একটি বিরক্তির নদী যেখানে আমি শীতল খুঁজে পাচ্ছি না।
non_depressive,উন্নয়ন হলে দাম বারবেই দুঃখ করার কিছু নাই৷
depressive,আমি সময় অনুমান করি আমি অন্যের জন্য অপরিচিত।আমি সময় অনুমান করি আমি যেটা প্রয়োজন তাতে আমি সেটা করতে পারবো
depressive,আমি নিজেকে হারানোর আশা দিয়ে আমার নিজের অসুস্থ মনটি আরও পরিষ্কার করে দিচ্ছি।
depressive,আমারও একটা নীরা থাকুক আমার শেষ সময়ে এসেও আমাকে কখনো ছেড়ে যাবে না। কথা দিয়ে কথা রাখবে
non_depressive,ভাই এদের ফিল্মের পেছনে টাকা ইনভেষ্ট করে কারা
non_depressive,জানি আপনারা কমেন্ট দেখতে আসবেন তাই
non_depressive,আমরা হিন্দু মুক্ত বাংলাদেশ চাই  মুসলিম নিয়ে মুসলিম জাতি হয়ে উঠুক প্রানের প্রিয় বাংলাদেশ
depressive,অন্ধকার রুমে একা চুপচাপ বসে থাকি পাঁচ বছর ধরে Depression ভুগতেছি জানিনা আল্লাহ কবে মুক্তি দিবেন Depression থেকে
depressive,খুব সুন্দর একটা নাটক চোখের ধরে রাখতে পারলাম
non_depressive,একটা নিয়ে নিইনি ভাল আছি আলহামদুলিল্লাহ।
depressive,বিয়ে করার আসাতো দিন ছেড়ে দিয়েছি দিন শুনলাম ফর্সা ছেলেদের কপালে নাকি কালো মেয়ে জোটে
depressive,দেশের সরকার কানা দেশের আইন কানা হায়রে বাংলাদেশ
non_depressive,শুধু টুকুই বলবো এখন পর্যন্ত এবছরের শ্রেষ্ঠ নাটক পরিচালকের কাছে আবেদন দ্বিতীয় পাঠ চাই
non_depressive,পাঁচ ওয়াক্ত নামায পড়লে কুরআন তেলাওয়াত করলে প্রফুল্ল থাকে। আলহামদুলিল্লাহ।
non_depressive,হুমায়ন আহমেদের একটা নাটকের কথা মনে পড়ে গেল বালু চিকিৎসা
non_depressive,আলহামদুলিল্লাহ শেখ হাসিনার সরকার বার বার দরকার
depressive,এমন একটা নাটক দেখে কান্না করতে চাইলেও কান্না চলে আসে আমার স্বামী ছারা আমি মিনিট বাচতে চাই তার আগে যেন আমি মৃত্যু বরন করি সবাই দোয়া করবেন আমিন
depressive,যার ভিতরে একবার ডিপ্রেশন প্রবেশ করছে সেই বুঝে রোগের ভয়াবহতা
non_depressive,আলহামদুলিল্লাহ একটি টীকা দেয়নি সুস্থ আছি
depressive,বাংলাদেশে বক্স অফিস বলতে আমি বুঝি মাজার পুজারিদের দানবক্স
non_depressive,অযথা জেনারেল লাইনের সাবজেক্ট খোলে টেকনিকাল সাবজেক্ট বিশ্ববিদ্যালয়গুলোতে খোলা উচিত
non_depressive,অপূর্ব নাটক। রোহান তিনি অভিনয় অনবদ্য। কলকাতা থেকে।
depressive,আমিও তাহাদের দলে যারা বারবার মরে যায় কিছু সম্পর্ক জোরা লাগলেও দাগ থেকে যায় কিছু সম্পর্ক হয়তো এমনি চাইলেও কাছে থাকা হয়না
depressive,বাঙালি তোদের ছেড়ে দেবে ভেবেছিস বাংলাপক্ষ জয়বাংলাএ কান্না সারা দেশের
non_depressive,পারসেন হিন্দু ছিলো বাংলাদেশ এখন পারসেন
non_depressive,শর্ট গানটি তার জায়গা মতন দেওয়া হোক
non_depressive,মুফতি কাজী ইব্রাহিম হুজুর বলার পরে সবাই তাকে পাগল বলেছিল।আসলে উনিই ঠিক ছিলো।
depressive,হায়রে দেশ শোনার বাংলা নেই
non_depressive,"কার কাজ ভাল এবং কার কাজ খারাপ প্রকৃতপক্ষে আল্লাহই তার ফায়সালা করবেন । যারা পরীক্ষায় সফল হতে চাইবে , তাদেরকে জানতে হবে পরীক্ষা গ্রহণকারীর দৃষ্টিতে ভাল কাজ কি ? যার কাজ যেমন হবে তাকে সে অনুপাতেই প্রতিফল দেয়া হবে । কারণ ফলাফলই যদি না থাকে তাহলে পরীক্ষা নেয়ার আদৌ কোন অর্থ হয় না । "
depressive,সঠাৎ কইরা আমার চেহারা কালা হইয়া গেছে থুতু ঃ দেশের কয়লা আবার উড়ে উড়ে চেহারায় পড়ে নাই তো । সন্দেহ লাগতেছে
non_depressive,সবাই কেমনে ফেইল করে টিচারদের আইনের আওতায় আনা হোক।
non_depressive,একজন বেপর্দা নারীর শারীরিক গঠন দেখে রিকশাওয়ালাও মজা নেয় আর একজন পর্দানশীল নারীর পর্দা দেখে ফেরেশতারাও সম্মান করে
non_depressive,সালা  এমন করত আমরা বাস অরা ঘন্টা পরীক্ষা দিবে মাঝে আবার টিটোয়েন্টি খেলবে তবে ইনশাআল্লাহ  পরীক্ষার্থীও পরীক্ষা দিয়ে যেন ভালো হয়
depressive,বিভিন্ন সরকারি Project শেষে চাকরির বয়স শেষে job less দক্ষ শিক্ষিত বেকারদের পরিণতি একটু খুঁজে দেখুন
depressive,আসলে মানুষগুলোর ভুল ধারণার জন্যে আমাদের চিকিৎসা ব্যবস্থাই দায়ী। আমাদের চিকিৎসা ব্যবস্থার উপর আমাদের সাধারণ মানুষের কোনো আস্থা নাই
depressive,উচ্চ শিক্ষা অর্জন করাটাও ক্ষেত্র বিশেষে অভিশাপ।
non_depressive,এমতেই গরমে হাসফাস অবস্থা আবার সংবাদ পাঠিকাকে দেখে মনের ভেতর গরম লাগা শুরু করেছে
depressive,দালালি কতদিন একদিন ছেড়ে যেতেই হবে
non_depressive,"তামিম ভাইয়ের আন্তর্জাতিক ক্যারিয়ারে বিশতম সেঞ্চুরি , ম্যাশের ঝড়ো ইনিংস এবং শেষে রিয়াদ ভাইয়ের সেরা ফিনিশিং । তামিম্ভাই , র ্যাদ্ভাই , এবং প্রিয় ম্যাশ , আইলাবিউ ভায়া । "
non_depressive,"নিয়ম ভাঙ্গার মগজ জুড়ে এখন শুধুই ছক , তেপান্তরের নির্বাসনে হারিয়ে গেছে রুপক । "
depressive,মানুষ মরে গেলে আলহামদুলিল্লাহ বলে।কি আজব মানুষ আমরা
non_depressive,লজ্জাবতী গাছ । আর লজ্জাবতী নারী দুটাই আজ বিলুপ্ত । 
depressive,ছবি গুলো ভাইরাল হয় কেন পরোটা বাবা যুগ পাল্টাইছে কিন্তু মানুষের নষ্ট ধেনধারনা পরিবর্তন হয়নি খুব দুঃখ জনক
depressive,জ্ঞানের ফেরিওয়ালা সালাম তোমায় অভাগা এইদেশে জ্ঞান আহরণের সুযোগটুকুও নেই তোমারএত সার্টিফিকেট দিয়ে আমি করবো মনে চায় মরে যাই
non_depressive,আলহামদুলিল্লাহ সাব্বাস সচেতন ছাত্র সমাজ
depressive,ডিপ্রেশনে ডিপ্রেশনে আমার জীবনের কিছুই শেষ করে দিলাম
depressive,মুহূর্তটা খুব সুন্দর ছিলো গানটার সাথে তাদের কষ্টদায়ক মুহূর্ত গুলো মিলে যাচ্ছিলো
depressive,দুদকের তদন্ত প্রতিবেদনঃ গায়েব নয় দাঁত মেজেই লাখ হাজার মেট্রিকটন কয়লা শেষ
non_depressive,"সুভসন্ধ ্যা দাদা , : "
non_depressive,ট্রাক ফুল সাইট নেয়নি হয়তো
depressive,ডিপ্রেশন দুই বচ্ছর বেশি বেশি ভুগতেছি আলহামদুলিল্লাহ এখন একটু মুটামুটি ভালো আছি
depressive,আম্মু বলে আজকে বার আমি বলি দিলবার দিলবার
depressive,বাসের তলায় পিষছে মানুষ হাসছে নরপিশাচ তিন তিনটা লাশ পরেছে কির পোলা লাশ চাস
non_depressive,ভয়ংকর সুন্দর নাটক স্মৃতি হয়ে থাকবে
depressive,আমি সময় আমার জীবনের মূল উদ্দীপক হারিয়ে যাচ্ছি।হতাশা দুচিন্তা বেকারত্বের প্রধান কারণ।
depressive,অধিকাংশ সময় আমার জীবনে অনেক বিপদে পড়ে থাকে আমি অধিকাংশ সময় আমার মনের দুঃখে মুখ ফোটা দেখি।
depressive,দেশে দুর্নিতি দেশে সধারন মানুষের জীবন উন্নয়ন করার উপায়
depressive,দেশের সংবাদ মাধ্যম গুলোর অধঃপতনের কারণ এরকম সংবাদ প্রকাশ করাএর চাইতে অনেক গুরুত্বপূর্ণ বিষয় থাকলেও তারা এগুলো প্রকাশ করে
depressive,দেশের মানুষের কষ্ট দেখার কেউ নাই
depressive,বাংলাদেশের টিভি চ্যানেল গুলোর লজ্জা নেই এদের রুচির দুর্ভিক্ষ চলছে
depressive,ঈদে মুক্তি দেয়াই উচিত হয়নি।
non_depressive,কাহিনি করবে কেউ টুইস্ট ছাড়া দেখে চেয়ে ওয়েব সিরিজ গুলো ভাল
non_depressive,সায়েদুলহক সুমন আমার দেশের অহংকার
non_depressive,"চোখ দিয়ে ধর্ষন করাকে , এখনকার আপডেটেড ছেলে মেয়েরা নাম দিয়েছে ক্রাশ । "
depressive,এজেন্টদের বের করে দেওয়া হচ্ছে অভিযোগ সরোয়ারের সার্টিফিকেট দিয়ে আমি করবো মনে চায় মরে যাই
non_depressive,অনিয়মের নেতা। যাদের কাজ অনিয়মকে নিয়ম করা
depressive,আমি রাজনীতি বুঝি না কিংবা এটা নিয়ে মাথাও ঘামাই না কিন্তু গনতান্ত্রিক দেশের নাগরিক হিসেবে বলতে চাই এটা কেমন ডিজিটাল দেশ ? মৃতব্যক্তিরও ভোট গ্রহন হয় । ডিজিটাল গনতন্ত্রে মৃতব্যক্তিও ভোট দেওয়ার অধিকার রাখে রাজকুমার
non_depressive,বাংলাদেশৰ ভাই ভাৰতেৰ ঠিকে অনেক শান্তিতে আছে
non_depressive,"সূরা আল ইমরান : যদি সারা পৃথিবী পরিমাণ স্বর্ণও তার পরিবর্তে দেয়া হয় , তবুও যারা কাফের হয়েছে এবং কাফের অবস্থায় মৃত্যুবরণ করেছে তাদের তওবা কবুল করা হবে না । তাদের জন্য রয়েছে যন্ত্রণাদায়ক আযাব ! পক্ষান্তরে তাদের কোনই সাহায্যকারী নেই । "
non_depressive,একজন হিন্দু গেলে মুসলিম ফেরত পাঠানো হওক
non_depressive,আল্লাহ আপনি ওনাকে সুস্থতা দান করুন আমিন
non_depressive,স্যার ভিডিও দারুন ছিল ইউএসএ ইউএসবি জোক দারুন ছিল
non_depressive,হর্তাকর্তাদের আগে বিদায় করা উচিৎ
depressive,নাটকটি সত্যিই অসাধারণ হইয়েছে।প্রতি মূহুর্তে চোখ দিয়ে পানি এসেছে
non_depressive,আমি একজন বাংলাদেশি মুসলিম আমার খুব ইচ্ছা ইন্ডিয়া যাওয়ার ওখানেই থেকে হিন্দু ধর্ম গ্রহন করবো
depressive,কিছু কোচিং ব্যবসায়ীদের জন্য অবস্হা সবাই সরকারী চাকরীর জন্য বছরের বছর বেকার থেকে পড়াশুনা করে।
depressive,মাঝেমাঝে আফসোস করি যদি আরেকটু কোমল স্বভাবের হতে পারতাম তারপর একটু হাসি সার্টিফিকেট দিয়ে আমি করবো মনে চায় মরে যাই
non_depressive,সাথে একটা বিকাশ নাম্বার দিলে সুবিধা হতো পারতো সাহায্য করত
depressive,সারা মাসের বেতন দিয়ে দিনের বাজার করতেই টাকা শেষ ভালো রাস্তায় খালি পেটে হাটতে চাই সাধারণ মানুষ খেয়ে বাঁচতে চায়
non_depressive,আল্লাহ ছাড় দেন ছেড়ে দেন
non_depressive,নাকি বাংলাদেশের নম্বর ইউটিউবার
depressive,একটা সময় ছিল সাইড ইফেক্ট যাই হোক বেচে থাকা জরুরি
non_depressive,একজন অভিনয় শিল্পীর সুন্দর কণ্ঠ সত্যিই অসাধারণ
non_depressive,আমার সমস্যা মাস ধরে। টিকা নিছি আমি। আমার বয়স বছর। এখন আমার করনিও মতামত চাই আল্লাহ আমাদের হেফাজত করুন আমিন
depressive,আবার বিজেপি কর্মী খুন ছিঃর উন্নয়ন বাহিনীর হাতে । মন্দির বাজার এলাকার বাসিন্দা শক্তিপদ সর্দারকে কুপিয়ে মারা হল কিন্তু পুলিশ প্রশাসন চুপ । দ্বিচারিতার কোন পর্যায়ে চলে গেলে একটা সরকার এতটা নির্মম হতে পারে ? আমি ওনার পরিবারকে গভীর সমবেদনা জানাই । 
non_depressive,থেকে বাচার উপায় হচ্ছে আল্লাহর বেশি বেশি শুকরিয়া আদায় করা
depressive,আমি অনেক কিছু হারাতে হয়েছি সবচেয়ে বড় হারানো হলো আমার নিজের অস্তিত্ব।
non_depressive,আমার কাছে মাসের জন্য দিয়ে দিতে তোরে ভাই আমি দিগুন লাভ দিতাম।
depressive,আমি কৃষক পরিবারের সদস্য। কৃষক ফসল উৎপাদন করে মূল্য পাই না। বাজারে পণ্য দাম আগুন তাহলে এখানে সরকারের সিন্ডিকেট দায়ী।
non_depressive,আর মাত্র ১ দিন আগামীকাল থেকে প্রতিদিন আসছে ভূমিকন্যা এ 
non_depressive,বাস চাপায় নিহত স্কুলছাত্রদের জন্য শোকাহত রুবেল : 
depressive,এদেশের নাগরিক হয়েও এদের নাম প্রথম শুনলাম।
non_depressive,সংবাদ বিশ্লেষণ আরো বোধগম্য করা উচিত।
non_depressive,আল্লাহ যেন সমস্ত ডিপ্রেশন ব্যক্তিদেরকে সুস্থ একটা জীবন দান করেন
non_depressive,রাসেদ ভাইকে এমপি হিসাবে দেখতে চাই রাসেদ ভাই রাসেদ ভাই তোমার কোন নেই
depressive,ওহে বৎস ধরিয়া মৎস বেচিয়া গঞ্জে আকুল কুঞ্জে নাহি খাইয়া খাজা কেন তুমি ভক্ষন করিয়াছো মেয়াদ উত্তীর্ণ গাজা ? 
depressive,তদন্ত রিপোর্টে বের হয় বছর ধরে খনি থেকে কয়লা চুরি হয়েছে
depressive,আগে ডিপ্রেশন জিনিস বোঝতে পারতাম না। কিন্তু এখন ডিপ্রেশন যেন আমার পিছু ছারেনা।মাঝে মাঝে মনে বেঁচে থেকেও যেন মরে গেছি
non_depressive,বলে একটা সাংবাদিকরা বানায়
non_depressive,এপ্রিল  কমেন্ট করে গেলাম লাইক দিলে বুঝবো এখনো কেউ নাটকেটি কেউ দেখছে মাদারীপুর থেকে
non_depressive,আসন্ন যুবাদের এশিয়া কাপ অনুষ্ঠিত হবে দেশের মোট চার ভেন্যুতে । বিস্তারিত প্রতিবেদনে : 
non_depressive,সত্যিই অসাধারণ ছিলো love totini yeas
depressive,"অধিকারচ্যুত আজ , কিন্তু অনেক প্রশ্নবিদ্ধ ! অন্তহীনার তরে , ছিল গোটা ক য়েক প্রশ্ন ? আন্ধারের অন্ধকারে তুমি নাকি দেখতে পাওনা আলো ! তবে আবার পাও কিভাবে টের , বেলা শেষে হয়ে ধূসর সন্ধ্যা থেকে , গাঢ়তার নিকাশ রাত্রি , সন্ধ্যা ডিঙিয়ে এলো ? "
depressive,বঙ্গ দেশে এখন জঙ্গি হইয়া গেছে বাস চালক ।এত সার্টিফিকেট দিয়ে আমি করবো মনে চায় মরে যাই
depressive,সময়ে জীবন একটি অসমর্থ মোহাচ্ছাদিত স্থিতির মত।
non_depressive,দেশে সমকামিতার কোন স্থান নাই আমরা মুসলিম।
non_depressive,তটিনী যেমন সুন্দর তেমন অভীনয় চেহারায় মায়া এতো সুন্দর মানুষ যতো দেখি ততোই ভালো লাগে
depressive,আমি নিজেও ভুক্তভোগী সেই করোনা থেকে এখনো নেই ইন্টারভিউ পরিচিত ছাড়া দেয়ার উপায় নেই
non_depressive,সামাজিক ব্যক্তিগত মানষিকতা পরিবর্তন হওয়া পর্যন্ত এমন পরিস্থিতি পরিবর্তন সম্ভবনা।
depressive,সদ্যপ্রাপ্তঃ বরিশালে বিএনপির পর জামাত ও বাসদের প্রার্থী নির্বাচন বর্জন করেছেন । সেই সাথে তাদের কর্মীরা বিক্ষোভ শুরু করে দিয়েছেন । 
non_depressive,চাইলেই কাজী হায়াত হওয়া যাবে।
depressive,One the best Emotional love story এরকম গল্পগুলো তেমন দেখা যায় বর্তমানে দুএকটা দেখা গেলেও এতোটা Perfect অসাধারণ অসাধারণ অসাধারণ
non_depressive,প্রায় ৮০০ শিক্ষার্থী মানববন্ধনে অংশ নিয়ে বিমানবন্দর সড়কে যান চলাচল বন্ধ করে দেয় : 
depressive,ঘটনাটা পুরো সত্য তার প্রমান আমি নিজেই🇧🇩🇮🇹
non_depressive,বঙ্গবন্ধুর আদর্শের সৈনিক।
non_depressive,থাক ভাই আরেকটা শুরু করে দেন। তারপর উসুল হয়ে যাবে।
non_depressive,হয়তবা এটা ঘণ্টার চেলেঞ্জ ছিলো ভিডিও বানানোর
depressive,যায় দিন যায় রাত থাকি দিশেহারা তরে ছাড়া বড় একা একা লাগে তরে ছাড়া
depressive,এতো সুন্দর প্রমাণ থাকা সত্ত্বেও এদের ফাঁসি হচ্ছে কেনো
depressive,কামলা দিয়ে বাসায় এলাম এখন রান্না করতে হবে প্রবাসজীবন
non_depressive,আমাদেরভারতেপারালাইসচিৎকসাহ য়আসুনভারতেরবসিরহাট এরগোপালপুর এথানাহাড়োয়া
non_depressive,ঢাকা ত্যাগ জীবন রক্ষা
non_depressive,এতে অবাক হবার কিছু নেই।
depressive,একটা চোখ ঢেকে রাখা আরেক চোখে স্পর্ধা ! পুড়েই গেলো এবার বুঝি ভালোবাসার পর্দা ! 
non_depressive,টাকা দিয়ে গোটা একটা দ্বীপ কিনে গাছ লাগানো যেতো।
depressive,জীবনের অনেক সময় অজানা পথে চলার অনুভূতি অনেক বেশি কষ্টদায়ক
depressive,দুই অন্ধের ভিক্ষা আমি ঝিনেদা থেকে যশোরের পথে বাসের ভিতর হঠাৎ এক মহিলা ভিক্ষুক সামনের গেটে আর পেছনের গেটে আরেক অন্ধ ছেলে ভিক্ষুক ভিক্ষা করতে উঠেছে । ঠিক বাসের মাঝখানে দুজনের এক সঙ্গে । ঠিক তখন মহিলা ভিক্ষুক বললো ভাই তুই এই গাড়িতে আমি আগে দেখলে উঠতাম না ভাই । তাঁরা দুই ভাই বোন ছিল 
non_depressive,২ বন্ধু মিলে একটা গোয়েন্দাগিরি করেছি ১ টা সুপ্ত অফরাধের অফরাধী কে ধরেছি ভুক্তভোগীর কাছ থেকে প্রশংসা কুড়িয়েছি আর নিশ্চিতভাবে কিছু শত্রুতা বাড়িয়েছি ! 
non_depressive,বেশি বেশি গাছ লাগান পরিবেশ বাঁচান শ্রেণীর পাঠ্যবইতে পড়া বাক্যটাই চিরন্তন সত্য কথা সেটাই আমরা ভুলে গেছি
non_depressive,টাকা ব্যাংকে রাখলেও মাসে অনেক টাকা পাওয়া যেতো
depressive,বলার অনেক কিছুই ছিলো কিন্তু বললাম নাশুধু দিয়ে গেলাম
non_depressive,সবাইকে নিয়ে যা যার দেশ প্রেম আছে এমনিতে থাকবে রাজাকাররা চলে যাবে
non_depressive,", হে টুইটারের অধিবাসী কথার ফাঁকে এমন দুঃখ বেদনায় ব্যতীত করিও না কাউকে ! যে বেদনার ভারে অশ্রু গড়িয়ে পড়ে বিনিময় দিতে পারবেনা তুমি তাকে ! "
depressive,তোমরা বাধ্য হয়ে দ্রব্যমূল্যের দাম বাড়াও কিন্তু খেটে খাওয়া মানুষের মারে।।
depressive,প্রিয় মানুষটি নেইআমি লিখে গেলাম প্রিয় মানুষটি যদি কখনো ফিরে আসে দুজন মিলে সাথে দেকবো
depressive,বাংলাদেশের সুন্দর রাস্তা ঘাট করেছে তার উপর দিয়ে হাটলে খুধা লাগবেনা তাই কোন পন্যের দাম বাড়লেও কিছু যায় আসেনা
depressive,যদি খেতে পারি যদি জীবনের নিরাপত্তা পাই তাহলে বাংলাদেশের জণগন উন্নয়নকে কখনই সাধুবাদ জানাতে পারবনা।
non_depressive,সবকিছুই আমার সাথে মিলে যাচ্ছে।
non_depressive,আলহামদুলিল্লাহ কোন টিকা ছাড়া আল্লাহ সুস্থ রেখেছেন
depressive,"আমার গাড়ি আমার গাড়ি , যেমনে ইচ্ছা তেমনে চালাই , মানুষ মারি গাড়ি চাপায় ! কার বাপের কি ? মানব হত্যা একদম ফ্রী "
non_depressive,আমরা বাঙালি। আমরা জেনারেল শিক্ষা দিয়ে করব কারিগরি শিক্ষায় যথেষ্ট।
non_depressive,সিনেমা মানুষ দেখে নাকি
depressive,বছর আগেও লাউ ছিল থেকে টাকা সেই লাউ খেতে  টাকা দিয়ে ভাবা যায়
non_depressive,এসব বাদ দেনরিজিকের মাধ্যম হিসেবে অন্য রাস্তা অবলম্বন করুন
depressive,এটা বিজেপি শোষিত বিহারের দ্বিতীয় বৃহত্তম সরকারি হাসপাতাল নালন্দার ছবি অসুস্থ রোগীরা যখন হাসপাতালের ভিতরে অস্বাস্থ্যকর জমা জলের নরক যন্ত্রণায় ভুগছেন বিজেপি সরকারের স্বাস্থ্য মন্ত্রী মঙ্গল পান্ডে তখন সিমলায় বর্ষার ছুটি উপভোগ করছেন 
depressive,এদেশের নাগরিক হয়েও এদের নাম প্রথম শুনলাম।
depressive,হতাশা দুচিন্তা বেকারত্বের প্রধান কারণ।
non_depressive,আল্লাহ মালিক লোকটাকে সুস্থ করে দেন আমীন
non_depressive,এতো সুন্দর হয়েছে বলার ভাষা নাই এটাই সেরা জুটি।
non_depressive,"সকল প্রতাপ হলো প্রায় অবসিত জ্বালাহীন হৃদয়ের একান্ত নিভৃতে কিছু মায়া রয়ে গেলো দিনান্তের , শুধু এই কোনোভাবে বেঁচে থেকে প্রণাম জানানো পৃথিবীকে । শঙ্খ ঘোষ"
depressive,আমি সময় অনুমান করি আমি অপ্রয়োজনীয় এবং অস্বস্তির।
depressive,অতিরিক্ত কাবিন ছাই আরো শেখাও আধুনিকতার নামে বেহায়াপনা নোংরামিনষ্টামি ।উন্নয়নের নামে তলিয়ে দাও ছেলে মেয়েদের
non_depressive,বালিকা তু আমাকে ভুলে গেলি কিন্তু সিম কোম্পানি আমার ইমারজিন্সি ব্যালেন্স কেঁটে নিতে ভুললো না 
non_depressive,আমি জানি আপনারা সবাই কমেন্ট দেখতে আসবেন তাই
depressive,আমার জীবনে সবকিছু অস্বাভাবিক এবং অবহেলিত মনে হচ্ছে।
non_depressive,আল্লাহ বাচাইচে কনো টিকাই দিইনাই
non_depressive,এতদিন তাহলে টিভি সংবাদে আসছে শেষ পর্যন্ত দেরি করে হলেও উনি আসার জন্য থ্যাংক
depressive,আমি জানি আমি একা আমার সমস্যা নিয়ে সম্মুখীন হতে পারবো না।অনেক দিন ধরে আমি অশান্তির মধ্যে ভুগছি।
depressive,ডিপ্রেশন জিনিসটা এতটাই খারাপ একটা মানুষ জীবন মৃত্যুর মাঝখানে দাড়া করিয়ে দেয়৷
depressive,টাকার কাছে আইনের কোনো মূল্য নেই
depressive,অসাধারণ। অঝোরে কেঁদেছি হায়রে ভালোবাসা কেন এভাবে কাঁদাস
non_depressive,তাহলে আমার আব্বুর অফিস থেকে নিয়ে যায়ো
depressive,অবশেষে দীর্ঘদিনের আন্দোলন সংগ্রামের পর প্রধানমন্ত্রী হলেন সাবেক ক্রিকেটার ইমরান খান । এখন দেখার বিষয় দেশ শাসনে কতোটা সফল হন তিনি । ইমরান খানের বিজয়ে বিশ্ব রাজনীতিতে আর কিছু হোক বা না হোক অন্তত পাশের বাড়ির নরেন্দ্র মোদীর শান্তির ঘুম হারাম করে ছাড়বে 
non_depressive,মধ্য প্রদেশে শিশু ধর্ষণে মৃত্যুদণ্ডের আইন পাশ হয়েছে । এই আইনে দোষী রাজকুমারকে ফাঁসিতে চড়ানোর নির্দেশ দেওয়া হয়েছে দিনের মধ্যে বিচারের রায় ঘোষণা করে । 
non_depressive,এদেরকে কঠিন শাস্তি দেওয়া হোক
non_depressive,মোটর সাইকেল জন্য এক্সিডেন্ট হইছে
depressive,বেকারত্ব আমার জীবন শেষ করে দিচ্ছে পারি আমার পরিবার কিছু বুজাতে পারি অর্নাসে পড়ে লেবারের কাজ করতেখুব কষ্ট নিয়ে বেচে আছি
depressive,"একজন মেয়েকে বিনা বেতনে ৪ বছর বাসায় কাজ করিয়ে মেয়েটার বিয়ের সময় ৫ হাজার টাকা দেয়া হয়ছে , হয়রে মানুষ হায়রে মানুষের বিবেক বিচার । "
depressive,আধার কি সন্ত্রাস দমন করতে পেরেছে ? কেন্দ্রকে তোপ মুখ্যমন্ত্রীর : 
non_depressive,খুবই গুরুত্বপূর্ণ নিউজ। নোট করে রাখলাম বিসিএস পরীক্ষায় আসতে পারে।
non_depressive,সরকারের উচিত গ্রাজুয়েট সম্পন্ন কাড়ি ছাত্র ছাত্রীদের  টাকা করে বছরের জন্য বিনা সুদে বিনা জামানতে লোন দেওয়া। তাহলে সবাই উদ্দোক্তা হবে
depressive,প্রিয় মানুষ টার সাথে হয়তো থাকা হবে না।মনটা খারাপ হঠাৎ নাটক সামনে আসলো।
non_depressive,এটাই আমাদের উন্নত দেশ
depressive,এটা সত্য আসলে আমরা খেয়ে যদি বাসতে পারি তাহলে উন্নয়ন দিয়ে করব
depressive,গান বাজনা মানুষকে হতাশায় রাখে কিন্তু আললাহর জিকির মানুষকে প্রশান্তির মাঝে রাখে মাশাআললাহ।
non_depressive,ভারত থেকে মধ্যপ্রাচ্যের দেশ গুলোতে আসতে টাকা লাগে  টালা বাংলাদেশ থেকে কেনো লক্ষ করে লাগে দালালী ছাইড়া ভালো কিছু করো।
depressive,মারুফের বয়স নাই তাছাড়া নায়কাটাও অচল।
depressive,সরকার করের এগুলো মাথায় ডুকতেছে
non_depressive,পাহাড়ি লোকদের সাথে বন্ধত্ব করা থেকে বিরত থাকা উচিত তারা কখনো আমাদের সাথে আন্তরিকত হতে পারবে না
depressive,বাংলাদেশে কোটি মানুষ টাকা করে দিলে কোটি টাকা
non_depressive,প্রাচারো আপনারা করবেন ভারতের পাও আপনারা চাটবেন সংবাদও আপনারা করবেন শেষে এসে সাধারণ জনগন ভোগান্তি করবে
depressive,মনের জঙ্গলে আমি হারিয়ে গেছি নিজের মধ্যে খুঁজতে হয়েছে অনুপ্রাণিত।
non_depressive,দিলেনতো এদের ভিউ বাড়িয়ে।
non_depressive,মহা গুরুত্বপূর্ণ সংবাদ যাহা দেশ জাতির জন্য মহা মূল্যবান
depressive,তদন্ত রিপোর্টে বের হয় যে গত ১৩ বছর ধরে খনি থেকে কয়লা চুরি হয়েছে : 
non_depressive,আমাদের দেশে কারিগর শিক্ষা সবার জন্য ফরজ করা দরকার।।
non_depressive,শুধু খারাপ ডিপ্রেশন হতে পারে না।
non_depressive,অনেক সুন্দর একটা নাটক
non_depressive,বাংলাদেশ দেশের মানুষ সাকিব খান হইলে ছবি দেখে মারুফ খান
depressive,আমি ভয়াবহ ডিপ্রেশনে ভুগতেছি সাথে যুদ্ধ করে বেচে আছি
non_depressive,যে কাজ করলে মান বেড়ে যাবে পাপ মিটে যাবে । আব্দুর রাজ্জাক বিন ইউসুফ 
depressive,আমাদের জীবনের সত্যিকার সূত্র হলো বিপর্যয় অসম্পূর্ণতা। সেই সাথে জীবন চলার চেষ্টা এখন আরও কঠিন হয়ে উঠেছে।
non_depressive,নিজের টাকা সমস্যা কি। লাভ
depressive,আমার আম্মু অসুস্থ মাসের মতো হবে সবাই দোয়া কইরেন আমার আম্মুর জন্য
non_depressive,যারা যারা কাজে জড়িত এদের পরিবার এদেরকে প্রত্যেককে ফাঁসির আওতায় আনা হোক
depressive,"আমরা মেয়ের ইচ্ছা পূরণের জন্য যা কিছু দরকার তাই করার চেষ্টা করতেছিলাম । কিন্তু , আমাদের সব আশা ধূলায় মিশে গেলো । : "
non_depressive,টিকা গুলো কেন দিয়ছেন ফাযলামো করেন আপনারা দেশের মানুষদের কোন নিরাপত্তা নেই কেন
depressive,নাটকটা দেখে মনে হলো। আল্লাহ যদি দিতৃীয় বার সুযোগ দিতো। আমি মানুষটাকে চাইতাম। যেটা আমার আল্লাহ ছাড়া কেউ যানে না।
non_depressive,ভবন পরিত্যক্ত ঘোষনা হওয়া পর্যন্ত ভাংগা যায় না। ভাংগা অন্যায়।
depressive,জীবনের অজানা দিক গুলোতে হারিয়ে যাওয়া অনুভুতি আমাকে সবসময় প্রেশার দেয়। অনেক দিন ধরে আমি অশান্তির মধ্যে ভুগছি।
depressive,কামলা দিয়ে বাসায় এলাম এখন রান্না করতে হবে প্রবাসজীবন
depressive,দেশে কর্মসংস্থানের খুবই অভাব বিদেশ গিয়ে মানুষ ক্যারিয়ার গঠন করবে সেখানেও নানা হয়রানি বাধাবিপত্তি ভোগান্তি তাহলে মানুষ করবেটা যাবে
non_depressive,সালে পেয়াজ  মধ্যে খুচরা বিক্রি হয়েছে।দোকানে তখন কিনে আনতাম  টাকা দরে।এখন  টাকা কেজি পেয়াজ স্বপ্ন থাকবে
depressive,"পৃথিবীর সকল প্রেমিকায় চায় , শুধুমাত্র তার চোখেই বারবার তার প্রেমিক হতাহত হোক"
depressive,একজন করে ভোট দেবার সুযোগ পাচ্ছে সরকার ভোটাধিকার প্রয়োগের সব্বোর্চ্য সুযোগ দিছে মেনে নিতে হবে কান্না সারা দেশের অস্বস্তি
depressive,কান্না সারা দেশের রুবেল হোসেন সার্টিফিকেট দিয়ে আমি করবো মনে চায় মরে যাই
depressive,কক্সবাজার পৌরসভা নং ওয়ার্ডে ভোটার হাজার নৌকা একা পেয়েছে হাজার
non_depressive,"এজেন্টদের বের করে দেওয়া হচ্ছে , অভিযোগ সরোয়ারের : "
non_depressive,তাই হয়েছে এটাও প্রচারযোগ্য
depressive,ইসলামী ব্যবস্থা থাকে অসুস্থ হবেই। এভাবে বিচ্ছেদ হতেই থাকবে
non_depressive,নিউজ এডিটিং সময় এডিটর মনে হয় ডিজে পার্টিতে ছিল
non_depressive,পাকিস্তানের প্রধান মন্ত্রীর মাথায় গোবর আছে
non_depressive,উন্নয়ন খেয়ে বেঁচে থাকো।
non_depressive,হ্যাঁ আমরা ভাত চাই উন্নয়ন চাইনা।
depressive,! হায়রে মৃত্যু বাংলাদেশ 
non_depressive,আলহামদুলিল্লাহ টিকা ছাড়াই ভালো আছি
depressive,জীবনের পথে যতই চেষ্টা করি আমি সময় আকাঙ্খিত সম্পূর্ণভাবে ব্যর্থ হয়ে যাচ্ছি
non_depressive,আপনার ভিডিও ভাই অনেক খানি ইম্প্রুভ হইয়া যাচ্ছেআজকের ভিডিওটা একটু আসলেই ভালো এডিটিং ছিল।অনেক ভাল্লাগছে ভাই
non_depressive,বিশ্বাস করেন রাসেল ভাই চ্যানেল গুলোরএই অধঃপতন দেখে আমার মনে ঈদের আনন্দ চলে আসেtrpএর সাংবাদিকদের নৈতিক বিবর্জিত কাজ।এগুলো নিউজ
non_depressive,সুস্ঠ বিচার চাই
non_depressive,গতকাল হুগলী জেলার রিষড়ার হেস্টিংস জুট মিলের শ্রমিকদের ট্রাস্টি বোর্ডের বিজেপির অসংগঠিত শ্রমিকদের সংগঠন পাকসু মোর্চা র প্রার্থীদের জয় প্রমান করল পশ্চিমবঙ্গের খেটে খাওয়া গরিব মানুষ আজ প্রধানমন্ত্রী শ্রী নরেন্দ্র মোদী জির পক্ষে । বিজয়ী প্রার্থীদের জানাই আন্তরিক গৈরিক শুভেচ্ছা 
depressive,বাইরের রাজ্যে কিছু হলে উনি সহিষ্ণুতা অসহিষ্ণুতা নিয়ে বড় বড় বাক্য বলেন অথচ মন্দিরবাজারের ঘটনায় একটা শব্দ নেই
depressive,অনেকের আমি একা অনেক সময় কাটাতে ভালোবাসি তবে অন্যের কাছে আমি নিরাশা হয়ে থাকি।টাকা থাকলে শান্তিতে মরাও যায় ভাই। এটাই সত্যি
non_depressive,লজ্জাবতী গাছ । আর লজ্জাবতী নারী দুটাই আজ বিলুপ্ত । 
depressive,কারও ক্ষতি দেখে হাসাহাসি করা উচিৎ সেই জানে তার ভিতরে পরিমানে কস্ট চলতাছে।
non_depressive,দাদা আমাকে বাঁশ দিয়ে আমি ও দিবো ভাবতেছি কিন্তু কোনটা বলবো বাড়িতে সেটা বুঝতে পারতেছিনা ১ প্রেম করা নাকি ২ সিগারেট খাওয়া
non_depressive,ইয়া আল্লাহ আপনি আমাদের সকল বিপদ থেকে রক্ষা করুন
depressive,আমি সময় অনুমান করি আমি অন্যের মতো হতে পারছি না।আমি সময় অনুমান করি আমি যেটা প্রয়োজন তাতে আমি সেটা করতে পারবো
non_depressive,টাকা বাড়িয়ে টাকা কমালো
non_depressive,আল্লাহ তুমি উনাকে শিফা দান করুক।
non_depressive,দলীয় থাকলে এটা বৈধ হতো
non_depressive,জন্য সরাসরি দায়ী প্রশাসন
depressive,উন্নয়ন কখনো সাধারন মানুষের খুব উপকার নাএসবের লাভ ব্যবসায়ী ধনী মানুষজনই পায়
depressive,দুদকের তদন্ত প্রতিবেদনঃ গায়েব নয় দাঁত মেজেই লাখ হাজার মেট্রিকটন কয়লা শেষ
depressive,আমি কারো সাথে দেখা করতে চাই
depressive,"মন বলে ধৈর্য্য ধর , সব ঠিক হয়ে যাবে । আমার প্রশ্ন কিন্তু কবে "
non_depressive,সুস্থ্য আছি আলহামদুলিল্লাহ্ আল্লাহ্ চাইলে কিছুই হবেনা আল্লাহ্ ভরসা
non_depressive,সবাই আমার বাসা থেকে ঘুরে আসবেন যারা আমার বাসা থেকে ঘুরে আসবেন আমি আপনাদের বাসা থেকে ঘুরে আসবো
non_depressive,বিসিএস অফিসার হতে পারলে আমি আমার মনের মানুষকে পাবো
depressive,আল্লার গজব আরো বেশি পরবে দেখেন
depressive,এরা মানুষ আল্লাহ এমন করুন এবং কষ্টের মৃত্যুআমার এদের সবাই মেরে ফেলতে চাচ্ছে
depressive,", তোমায় আমি খুঁজে বেড়াই রাতদুপুরের নির্জনতায় ! তুমি আমায় খুঁজবে কী আর তোমার পাশে ভীড় জনতায় ! একলা পথিক "
depressive,এগুলা প্রশাসন দেখবে জোর যার ক্ষমতা তার
depressive,জুম্মা মোবারক । নামাজের পর একটা সেল্পি । সবাই লাইক কমান্ড কলেন 
non_depressive,"ছেলেরা মেয়েদের চেয়ে তুলনামূলক বেশি ধৈর্যশীল হয় ! তারা অনেক কষ্ট বুকের মধ্যে চাপা রেখে হাসতে পারে , কিন্তু মেয়েরা তা পারেনা । "
non_depressive,আমরা সিংগাপুর পৌছে গেছি
depressive,বাস চাপায় ছাত্রের মর্মান্তিক মৃত্যুর পরও নির্লজ্জের হাসি শাজাহান খানের মুখে
non_depressive,"পৃথিবী আরো আনন্দময় হতো , যদি মোবাইলের চার্জ কোন দিন শেষ না হতো কারেন্ট ফেক্ট"
depressive,এমন একটা একান্ত জায়গা থাকা উচিৎ ছিলো ! মধ্য রাতে কিংবা দারুণ দুপুরবেলা তে যখন ভয়ংকর মন খারাপ হবে তখন সেখানে চিৎকার করে কাঁদা যাবে । কেউ শুনবেনা ! 
depressive,টিকা যারা মেরেছে সবারই কিছুনা কিছুনা সমস্যা দেখা দিচ্ছে।
depressive,যে কয়লা ধুইলে ময়লা যায়না সেই কয়লা বাতাসে নিয়ে গেল ! কয়লার নামে এত বড় অপবাদ 
depressive,৯৫০ টাকার চুলায় রান্না করে ৫৫ টাকার চালের ভাত খেয়ে ইউনিট প্রতি ৮টাকা বিদ্যুৎ বিল দিয়ে উন্নয়নের মহাসড়কে কি হাটতে মন চায় ? 
non_depressive,বাংলাদেশের বর্তমান অবস্থা রেস্তোরার ন্যায়।
depressive,আমার ভালবাসার মানুষটাও বৃষ্টি ভেজা রাতে আমাকে ছেড়ে চিরকাল জন্য হারিয়ে গেছে ওপারে ভালো থেকো প্রিয় তোমাকে এখনো অসম্ভব ভালোবাসি
non_depressive,আলহামদুলিল্লাহ্ টিকা ছাড়া সুস্থ রেখেছেন মহান আল্লাহ্ পাক রাব্বুল আলামিন
depressive,বালিকা আমাকে ভুলে গেলি কিন্তু সিম কোম্পানি আমার ইমারজিন্সি ব্যালেন্স কেঁটে নিতে ভুললো তিন তিনটা লাশ পরেছে কির পোলা লাশ চাস
depressive,আমার হৃদয় শূন্য এবং আমি কেউ কেউ নিরাপদে চলে যাচ্ছি।
depressive,বিষন্নতার বিষ মনের শান্তিকে নাশ করতে থাকে।
depressive,আমি আপনি করলে হয় অপকর্ম মহাপুরুষেরা করলেই সেসব লীলা খেলা হয়ে যায়
non_depressive,এজন্যই আমি একটি ডোজও নেই নাই। মানবদেহে পরীক্ষা করার সময়ই পায়নাই কেউ। সবার ধান্দা ছিল ব্যাবসা।
non_depressive,নিউজ পরে অনেক উপকৃত হলাম
depressive,আয় বিজেপি দেখে দেখবি জ্বলবি কষ্ট দিবিরে তোরা কষ্ট দিবিরে তোরা
depressive,আমার মতো নাটকটা দেখে কান্না করছো।
depressive,মধ্য আয়ের দেশে উন্নীত হয়ে বাংলাদেশ এখন ভাঙ্গাদেশে রুপান্তরিত হয়েছে ফ্যাক্ট দেড় ঘন্টার রাস্তার অর্ধেক আসতে লাগে সাড়ে তিন ঘন্টা
depressive,কেমন বিউটি পার্লার আটা ময়দার বিপরীতে বেগুন বিক্রি হয়
non_depressive,সাংবাদিক ভাইকে অনেক ধন্যবাদ
non_depressive,নাটকমিডিয়া ইনকাম ভালো।
depressive,আমি সর্বদা খুব বিরক্ত। কোন কারণে আমি সময় নিরুদ্দিপ্ত মনে হয়।হতাশা দুচিন্তা বেকারত্বের প্রধান কারণ।
non_depressive,বাংলাদেশের আইন কানুন শুধু হুজুরদের উপরে
non_depressive,টিকা নিতে চায়নি কিন্তু নিতে হলো এখন হবে মালিক জানে
non_depressive,আত্মার সম্পর্ক মাঝে মাঝে রক্তের সম্পর্কেও অতিক্রম করে যায় 
non_depressive,চিনি ভাই এরা কারা ওদেরকে মনে হয় টাকা দেয় পরিচিতি দিতে বাড়ানোর জন্য
non_depressive,হিন্দু দাদা দিদিদের ইদের দাওয়াত দিলাম শেষবারের মতো দেখতে পারবেন দেশে মিস করবো আপনাদের
depressive,দেশে কোন আইন নেই এতো খারাপ কাজ করার জামিন কিভাবে হয়।।। পরিমনির বাচ্চা পেটে ছিলো
depressive,কাঁদিনা তোমারই জন্য তুমি ভেসে যাও পিছে
non_depressive,"কোর্ট পয়েন্টে টেবিল ঘড়ির সমর্থনে সর্বশেষ নির্বাচনী জনসভা মজলুমের পক্ষে , ইনসাফ ও উন্নয়নের স্বার্থে টেবিল ঘড়িতে ভোট দিয়ে বিজয়ী করুন এডভোকেট জুবায়ের "
non_depressive,মারুফের কালা বন্দুক ছবিটা চালু হোক
non_depressive,বাংলাদেশের ডাক্তার চিকিস্যা শিক্ষা নেওয়া উচিত
non_depressive,"ফুটপাত আর জনগনের নাই । আগে ছিল হকারদের , এখন বাস ড্রাইভারদের । "
depressive,কোন একদিন আমার বাসার লোকজন আমি পালিয়ে বিয়ে করলে মেনে নিবে কিন্তু এখন আমার বাসার লোকজন আমার চুলকাটা মেনে নেয় রংবাজ
non_depressive,আল্লাহ তাআলা সবাই ভালো রাখুন
depressive,নাগরিকের তালিকা অশান্ত হয়ে উঠতে পারে আসাম
depressive,ডুবে যাচ্ছে বাংলাদেশ টেনে তুলতে দরকার বিবেকবান কিছু মানুষ
depressive,বিশ্বাস করেন নিশ্চয়ই গ্ৰীষ্মের তাপদাহের প্রভাব টিম রাকিবের ওপর করেছে
non_depressive,এমন নাটক আজীবন অমর হয়ে থাকবে
depressive,! হায়রে মৃত্যু বাংলাদেশ 
non_depressive,আল্লাহ রাসূল সাঃ প্রেমীদের আমন্ত্রণ রইল আশা করি ফিরে যাবেন না।
non_depressive,অসাধারণ নাটক খুব ইমোশনাল
non_depressive,ক্ষমতায় থাকলে অনেক কিছুই বলা যায়
depressive,"১৭১ দিন , প্রতিহিংসার কারাগারে বন্দী আপোষহীন দেশনেত্রী বেগম খালেদা জিয়া । মনে হচ্ছে অনন্তকাল দেখিনা আমার নেত্রী আমার মা কে । সেই কবে এক ঝলক দেখাল আর কোন খোঁজ নেই । আমরা আসলেই অক্ষম , কিছুই কারার নেই এক আল্লাহর কাছে দোয়া করা ছাড়া । আল্লাহ্ আমার নেত্রীকে হেফাজত করুন , আমিন "
non_depressive,পর্দায় যখন আনবেন দয়া করে একটু ভালো কাউকে আনবেন।
non_depressive,সবগুলো লক্ষ্মণই আমার মাঝে আছে মনে হচ্ছে
depressive,কোন ছেলেটা ক্রাশ খেলো লেখলো প্রেমের নাম বোঝে প্রেমের এখন নাই কোন নাই দাম
depressive,মেয়েটার কথা শুনে মনে হচ্ছে মেয়েটা নির্দোষ পরিস্থিতির স্বীকার
depressive,"উড়িবার মন চায় দুটো অপশন আছে , হয় শুরু করা নয় শেষ করা । শুরু অথবা শেষ"
non_depressive,প্রতিটি কথায় খুবই গুরুত্বপূর্ণ ধন্যবাদ প্রতিবেদন করার জন্য
depressive,১৮ বয়স হবার পরেও তোর স্বভাব গুলা এখনো ১৮মাসের বাচ্চার মত তুই কি কোনোদিন ও বড় হবিনা আর কত জ্বালাবি বাণীতে : আম্মু
non_depressive,অশিক্ষা কুশিক্ষা প্রদান করার কারণে শিক্ষাত মানুষ গুলো চাকুরী পায়নাদ্বিতীয়ত গুষ দুর্নীতি সজন প্রতির কারণে চাকুরী পায়না।
depressive,টাইপের নিউজ শুনতে শুনতে এখন অবিশ্বাস্য মনে খুব দুঃখজনক।
non_depressive,বিএনপির প্রার্থী সরে দাঁড়াবে প্রত্যাশা জামায়াতের : 
depressive,কোথাও রোমান্স নেই চারিদিকে খাঁটি করুন বাস্তবতা
depressive,মাথাব্যথা হলে মাথাই কেটে ফেলে দিলেন
depressive,আমার চেষ্টা অনুপ্রাণিত অনুভূতি আমার মনে ব্যাক্ত হয় আমি আত্মহত্যা ভাবছি।
depressive,"ভাবতে অবাক লাগে , কি ছিলাম , আর কি হলাম ! কেনইবা হলাম , কিসের আশাতেই বা হলাম ! কার জন্যই বা এমন হলাম ? শুভ সন্ধা , "
depressive,ভাবে থাকবেন মশার জ্বালায়
depressive,নেতা বিচার বাংলাদেশে হয়
depressive,বাসের তলায় পিষছে মানুষ হাসছে নরপিশাচ তিন তিনটা লাশ পরেছে কির পোলা লাশ চাস
non_depressive,শুদু বলছিলাম বিয়া করমু বাকিটা সব ইতিহাস 
depressive,খুবি দুঃখ জনক ঘটনা উপজাতীদের কাছ থেকে এমনটা আশা করিনি তারা তাদের রূপটা সবার সামনে প্রকাশ করলো
depressive,বাসের তলায় পিষছে মানুষ হাসছে নরপিশাচ তিন তিনটা লাশ পরেছে কির পোলা লাশ চাস
depressive,কখনো নাটক দেখে কমেন্ট করিনি কিন্তু নাটকটি দেখে কমেন্ট করে পারলাম অসাধারণ একটি নাটক কখন চোখের কোণ দিয়ে পানি পড়ে গেল বুঝতে পারলাম
non_depressive,শুনেই ভেতরটা কেমন করছে
depressive,"অবহেলিত এক ফুল চিরায়ত গ্রাম বাংলার বাদলের এই দিনগুলো হয়ে থাকতো একাকার । আষাঢ়ের প্রথম বৃষ্টিতেই ফুলগুলো গাছে ফুটতো সুগন্ধ ছড়িয়ে লোকালয়ে বর্ষারই দূত হয়ে উঠতো । সরু সরু ফুলের বিন্যাসে মাংসল বলসদৃশ গোলাকার হলদে পরাগচক্র , সাদা বৃতি দেখা যেত বেশ চমৎকার । এখন বিলুপ্তপ্রায় ! "
non_depressive,যারা ফাইজার ডোজ দিয়েছে তাদের খবর
non_depressive,আলহামদুলিল্লাহ্‌ আমি মুক্তি পাইছি।
depressive,মনে একটি অনিশ্চিততা অনুভব করছে হচ্ছে আমি বুঝতে পারছি না।
non_depressive,শিরোনামঃ সাংবাদিকের বউকে পুরোটা ঢুকিয়ে দিলো যুবক।
non_depressive,রাকিব টিউবার জানলাম
depressive,জীবনে আমি কোনো আনন্দ খুঁজে পাচ্ছি শুধু অনিরাম প্রত্যাশা রয়েছে।
depressive,"বিভিন্ন রাজ্যে বাঙালি মার খাচ্ছে , আসামে চলছে বাঙালি খেদাও । এই নিয়ে একটি প্রতিবাদ ও আমরা দেখি না । যারা আজকে বিজেপিকে বাঙালি বিরোধী বলছে তাঁরা কি খুব ভুল বলছে ? এরপরে বাংলায় কোন মুখে বিজেপি ভোট চাইবে ? "
non_depressive,আমি ভারত থেকে নাটকটা দেখলাম দুজনে একটা নাটকে উচ্চতায় নিয়ে গেছেন just অসাধারণ এরা বহুদুর যাবেন শুভেচ্ছা রইল
non_depressive,বিশ্বাস করেন রাসেল ভাই এইদেশে ফেসবুক ইউটিউব থাকলে এদের হতো
non_depressive,বঙ্গবন্ধু শেখ মুজিবুর রহমান করছো উনারা তাই ভালোবাসেন এবং তাই শেখ মুজিবুর রহমানকে স্মরণ করে এগুচ্ছে তারা
non_depressive,এখনো টিকা নেওয়া ব্যক্তি আমি
depressive,অসাধারণ হয়েছে আমি সাধারণত দুঃখের অভিনয় দেখে কাঁদি না।আজ জুটির অভিনয় দেখে কেঁদে ফেললাম
depressive,"রসূলুল্লাহ সা বলেছেন , আমার মন চায় , অন্য কাউকে আমার পরিবর্তে নামায পড়াতে দাঁড় করিয়ে দেই এবং নিজে গিয়ে সেসব লোকদের ঘরে আগুন লাগিয়ে দেই যারা জুম আর নামায পড়তে আসে না । মুসনাদে আহমাদ , বুখারী "
depressive,হেক্সিসলের গন্ধে আমি তোমার গন্ধ পাইনা অসাধারণ অভিনয় জীবনের প্রতিটি অধ্যায় মানুষকে ভাবায় জীবন ভয়ংকর সুন্দর মৃত্যু আরও বেশি সুন্দর
non_depressive,বাঙালিদের সিনেমার চেয়ে হিরু আলম কৌতুক অনেক সুন্দর
depressive,খুবই দুঃখ জনক কেমনে সম্ভব
non_depressive,"ভালো মানুষ না সেজে , ভালো মানুষ হওয়ার চেষ্টা করা উত্তম ! অন্তত আত্মতৃপ্তি পাওয়া যাবে মাননীয় স্পিকার "
depressive,আপনাদের সাথে সাথে আমাদের দেশের কিছু মানুষেরও লজ্জা হয়। তাই তারা উন্নয়নের বিরোধিতা করে।
depressive,কিছু নাটক দেখে খুব খারাপ লাগে অভিনয় অনেক সুন্দর হয়েছে।। আবার দেখবো
depressive,গতানুগতিক নাটকের থেকে একটু ভিন্নধর্মী নাটক। ভালো লাগলো। ভালো থাকুক ভালোবাসার মানুষ গুলো
depressive,আল্লাহ এদের হেদায়েত করুন জুমার দিন মসজিদেও এসব প্যান্ট পরে আসতে এদের লজ্জা করেনা 
non_depressive,প্রতিবন্ধি টিম বলা দরকার ছিল
non_depressive,বাংলাদেশপাকিস্তান আফগানিস্তানের সংখ্যালঘু হিন্দুদের নিপিড়িতনির্যাতিতভূমিহীনউৎপীড়িতআশ্রয় নাগরিকত্ব দেয়ার জন্য বিজেপিকে অনন্ত ধন্যবাদ
depressive,সহপাঠী হত্যার বিচারের দাবীতে কুরমিটোলায় রাস্তা অবরোধকারী ছাত্রছাত্রীরা উন্নয়ন ও স্বাধীনতা বিরোধী । তারা রাজাকারের বাচ্চা মানবাতার বেশ্যা
non_depressive,আমি ছোট ইভেন্ট মার্কেটিং কাজ করা শুরু করেছি পড়ালেখার পাশাপাশি কিছু করার চেষ্টা করি সবসময়
depressive,সকালে উঠিয়া আমি মনে মনে চিল্লাই এতো বড় হইছি আমার নাই কিল্লাই
non_depressive,কঠিন শান্তি চাই
depressive,প্রিয় মানুষটি অনেক দূরে থাকে তার সাথে এখনও দেখা নি।তবুও আমার ভিশন প্রিয়।জানি আমাদের কবে দেখা হবে
non_depressive,তাহলে ভারতে বেশি কেন এখন তাইলে ভারতের সাথে দাম সমন্বয় করে বাড়ানো হচ্ছে
non_depressive,মনুষ্যত্ব বিবেকের অভাব এবং অতিরিক্ত চাহিদা লোভ লালসাতাই এমনটা হচ্ছে।
depressive,ভারতের আসাম রাজ্যের নাগরিক তালিকা থেকে বাদ পড়েছে লাখ মানুষ
non_depressive,"বাংলাটা ঠিক করে দেখুন , নাহলে বিসর্জন হয়ে যাবে , মমতাকে কটাক্ষ দিলীপ ঘোষের : "
non_depressive,প্রায় ৮০০ শিক্ষার্থী মানববন্ধনে অংশ নিয়ে বিমানবন্দর সড়কে যান চলাচল বন্ধ করে দেয় : 
non_depressive,সন্দেহের জন্য মুই এলাও দেও নাই আল্লাহ সবাইকে সুস্থ রাখুন
depressive,গরিবের কথা হয় কেডা ভাব
depressive,ডিপ্রেশন বলতে আমি বুঝি কোন কস্ট যখন কারো কাছে শেয়ার করা যায়না এবং নিজের ভেতর রাখা যায় তাই ডিপ্রেশন।
depressive,ডিপ্রেশনে আমার জীবনটা শেষ করে দিয়েছে
non_depressive,দিবালোকে প্রকাশ্যে চুমু দেওয়া শালার পুতের বিরুদ্ধে ফুঁসে উঠছে মুন্সিগঞ্জের মানিক হাই । গণ আন্দোলন এর ডাক দিয়েছেন । এরি প্রতিবাদে শনিবার হরতাল হরতাল ! পরোটা বাবা 
non_depressive,ভারত সকল মুসলিমদের বাংলা পাকিস্তান পাঠানো হোক
depressive,ভারতের আসাম থেকে ৪০ লাখ অবৈধ বিদেশি এখন কোথায় যাবে ? : 
depressive,সরকার কিছুদিন বলবে খেয়েও বেঁচে থাকা যায়
depressive,চন্দ্র গ্রহণ দেখতে চাঁদের কাছে গেলাম গিয়ে দেখি চাঁদ আমার দিকে করে হাঁসছে
non_depressive,"সুতরাং যদি কেউ মু মিন হয়ে সৎকর্ম করে , তবে তার কর্ম প্রচেষ্টা অগ্রাহ্য হবে না এবং নিশ্চয় আমি তা লিখে রাখি । সূরা আম্বিয়া ২১ , আয়াত ৯৪ "
non_depressive,ভাইয়া ট্রাফিক সিস্টেম নিয়ে একটা ভিডিও বানান প্লিজ
non_depressive,অনেক দেরিতে নিউজ এদের এখন নিয়ন্ত্রণ করলে পরে আরো প্রবলেম হবে
depressive,দুঃখ কষ্ট বেদনার আঘাত নিয়া হাসি
depressive,কমেন্ট করে গেলাম কেও লাইক দিলে পেয়ে আবার ফিরে আসবো কনো নিঝুম রাতে নাটক দেখার জন্য
depressive,আমাদের জীবনে কোনো স্থিরতা নেই শুধু বিচ্ছিন্নতা অস্থিরতার মধ্যে আমরা স্থিতিশীল।আর কষ্ট দিবিরে তোরা বাঙালি
non_depressive,অসাধারণ নাটক বলতে গিলেএই ঈদে আমার সেরা নাটক
non_depressive,সরকার চাপে ভেকসিন নিয়ে প্রবলেম হচ্ছে জন্য দায়ী
non_depressive, এমন করো কেন ? আমি আছি না ? সেটাই তো বেশি ভয়ের দুষ্টু পোলা
depressive,আপনার বক্তব্য বাংলাদেশে বসবাসরত আপনাদের ওয়ারিশগণ মানতে নারাজ
depressive,সদ্যপ্রাপ্তঃ বরিশালে বিএনপির জামাত বাসদের প্রার্থী নির্বাচন বর্জন করেছেন সেই সাথে তাদের কর্মীরা বিক্ষোভ শুরু করে দিয়েছেন
non_depressive,আজ আমার মেয়ের জন্মদিন সবাই দুয়া করবেন আমার মামনির জন্যে 
non_depressive,এজন্যই বলা হয়েছে কাফির মুশরিকদের সাথে কখনো বন্ধুত্ব করো না
non_depressive,এটা নিউজ চ্যানেল মিউজিক ভিডিওর
depressive,কার টাকায় কার জন্য উন্নয়ন পেঠে ভাত নেই
non_depressive,উন্নয়নের দরকার নেই বাজারে দ্রব্রুমূল্যের দাম দাম কমানো হক।সাধারণ মানুষের দাবি।
non_depressive,কমেন্ট করে গেলাম। জানিনা কবে আবার নাটকটি দেখব।
depressive,হতাশ আমি খুবই হতাশ
non_depressive,"যদি আল্লাহর নেয়ামত গণনা কর , শেষ করতে পারবে না । নিশ্চয় আল্লাহ ক্ষমাশীল , দয়ালু । সূরা আল ইসরা ১৮ "
depressive,চৌকিদার ঠেকেদার ভাগীদার নয় সংবিধান সমঝদার একজন প্রধানমন্ত্রী প্রয়োজন সার্টিফিকেট দিয়ে আমি করবো মনে চায় মরে যাই
depressive,দুঃখ্যে দিলে কষ্ট দিলে
depressive,"অন্যায় যখন সীমা ছাড়ায় , প্রতিবাদ তখন করতেই হয় । বাসের চাকায় পিষ্ট হয়ে কচি প্রাণগুলোর অকালমৃত্যুতে যে মন্ত্রী দাঁত কেলিয়ে হাসতে পারে তার কি প্রাপ্য হওয়া উচিৎ ? অপমৃত্যুতে সন্তান হারানো বাবা মায়ের বুকের জ্বালা , হাহাকার যেন সে অনুভব করতে পারে এমন ব্যবস্থা নেয়া হোক । "
non_depressive,রিপোর্টার ডাঽ আপনি কমলো কোথায়
depressive,এইবার আপনি চন্দন কাঠ নামে সিনেমা বানাতে পারেন। গ্রীন কালার অনেকেই পছন্দ করে হতে পারে এটার প্রভাব পরেছে বলেন সবাই
depressive,প্রবাসীরা জানে ডিপ্রেশন কাকে বলে।।। ইউরোপ প্রবাসীরা ভালো করেই জানে।।
depressive,ওহ ! কোন ছেলেটা যে ক্রাশ খেলো লেখলো প্রেমের নাম বোঝে কি সে প্রেমের এখন নাই কোন নাই দাম ? 
depressive,আধুনিক যুগের ভালুবাসায় মন না ভরলেও পেট ঠিকই ভরে যায় হায়রে মানস 
depressive,কেউ আমাকে ভালোবাসে
non_depressive,গর্জে ওঠো বাঙালি বাংলাপক্ষ জয়বাংলা 
non_depressive,জিন এডিটিং এর সাহায্যে মুম্বইয়ের হাসপাতালে হল এই অসাধ্য সাধন । জন্ম নিল সুস্থ যমজ সন্তান । : ? 
non_depressive,ইতিহাস অন্ধকার ছবির সফল নায়ক মারুফ
non_depressive,অনেক সময় খেলাপি বেড়ে গেলে নিত্য প্রয়োগনীও জিনিসের দাম বাড়ে
depressive,আমি সবকিছুর অনুভূতি মুছে ফেলতে চাই কিন্তু করতে অসমর্থ।
depressive,"৩১ ওভার পর্যন্ত খেলা দেখে ঘুমিয়ে গেছিলাম কারণ সকালে ক্লাস । ৫টায় নামাজ পড়ার জন্য উঠে আগে হাতে মোবাইলটা নিলাম , তো আমার বুক কাঁপতেছিল না জানি ক্রিকবাজে ঢুকে হার দেখতে হয় বাংলাদেশের । পরে ঢুকে দেখি জিতছে তারপর খুশিতে অনেক লাফাইছি । বড় ভাই আর খালাতো ভাইকে বললাম ডাক দিলা না । "
depressive,কিছু বলার নাই শুধু বলবো যেনো নিধারণ ভালোবাসা অনেক ভাগ্য করেও এমন ভালোবাসা পাওয়া যায় পরিচালক ধন্যবাদ এতো সুন্দর গল্প আমাদের উপহার দেওয়ার জন্য
depressive,ভাই আপনাদের দিন এতোই খারাপ যায়তে হইয়ে গেছে এদের নিয়ে নিউজ করতে হইতে আছে
depressive,কথাঅভিনয়। কেঁদেই দিলাম যার প্রিয় হারায় গেছেঅনুভূতি তাদের জন্য
depressive,আমি বছর সমস্যা ভুগছি এখন আমার স্বরন শক্তি অনেক কমে গেছে।একটা চাকরির জন্য মরিয়া হয়ে খুঁজছি কিন্তু এখন পেলাম না।
non_depressive,যাক শেষ পর্যন্ত বোধদয় হয়েছে
non_depressive,আলহামদুলিল্লাহ আমি একটাও টিকা গ্রহন করি নাই
depressive,চোখে পানি আটকে রাখতে পারি
non_depressive,এই পৃথিবীর সবচাইতে ধৈর্যশীল মানুষ হচ্ছে আমাদের মা ! একমত ? 
non_depressive,"সুতরাং যদি কেউ মু মিন হয়ে সৎকর্ম করে , তবে তার কর্ম প্রচেষ্টা অগ্রাহ্য হবে না এবং নিশ্চয় আমি তা লিখে রাখি । সূরা আম্বিয়া ২১ , আয়াত ৯৪ "
non_depressive,উন্নয়ন শেষ গুটি কয়েক জনের উন্নয়ন হইেছ
depressive,ডিপ্রেশন দুই বচ্ছর বেশি বেশি ভুগতেছি আলহামদুলিল্লাহ এখন একটু মুটামুটি ভালো আছি
depressive,"ঘুমায়ে কূল পাই না , আবার পড়ালেখা ! "
non_depressive,রাশেদুল পূর্বে কোন রাজনৈতিক দলের কর্মী ছিলো জাতি জানতে চায়।
depressive,আল্লাহ্ পাক হেদায়েত দান করুক আহারে জন্মদাতা পিতাকে এইভাবে নৃশংস হত্যা কিভাবে করলো বুকটা কাপলো একটুও
depressive,জীবনের অদৃশ্য হাতির ধাক্কায় নিজের মুখ দেখতে পাওয়া যায় শূন্যের মধ্যে নিজেকে হারানো অনুভূতি জড়িয়ে রয়েছে।
depressive,খালি বলবে গ্রেফতার করা হয়েছে তদন্ত করা হবে ব্যবস্থা নেওয়া হবে তারপরে শেষ
depressive,জীবনের সবচেয়ে দুঃখজনক দিনগুলি আমার জন্য সবসময় অবিচ্ছেদ্য।অনেক দিন ধরে আমি অশান্তির মধ্যে ভুগছি।
depressive,যখন কমেন্ট করছি তখন আমার আবেগ কাজ করছেবিবেক নয়
non_depressive,ভালোবাসার মানুষের গায়ের গন্ধ অক্সিজেনের কাজ করে। ভালোবাসার শক্তি অনেক। বৃষ্টিতে ভিজা প্রিয়জনের সাথে অনেক মধুময়।
depressive,আমার ডিপ্রেশন কেটে গিয়েছে আপনার উপস্থাপনা দেখে যেমন দেখতে সুন্দর আপনি তার চেয়েও বেশি সুন্দর আপনার বাচনভঙ্গি।
depressive,আমার জীবনে অন্ধকার বিরক্তি অস্বস্তি জীবনে বেশী সময় দিলেও অনেক কিছু হারানোর মুখে মুখে প্রত্যেকে নিজেকে নিজের প্রশ্ন করে।
non_depressive,গবেষণা আগে ছিলো কোথায় যখন মানুষ গুলো জোর করে ভ্যাকসিন দেওয়া হইছিলো
depressive,মধ্য আয়ের দেশে উন্নীত হয়ে বাংলাদেশ এখন ভাঙ্গাদেশে রুপান্তরিত হয়েছে ফ্যাক্ট দেড় ঘন্টার রাস্তার অর্ধেক আসতে লাগে সাড়ে তিন ঘন্টা
non_depressive,এইটা নিউজ করার মতো কিছু হলো এদের এতো গুরুত্ব দিচ্ছেন আপনারা মিডিয়ারা তাইতো আমাদের দেশে ফালতু ইউটিবার জন্ম নিচ্ছে প্রতিবন্ধী হয়ে উঠছে সমাজ।
depressive,শিক্ষা ব্যবস্থা নিয়ে এতো পরিবর্তন কতটুকু যুক্তিযোগ্য বুঝলাম কাদের ইশারায় এইসব হচ্ছে
non_depressive,পাওয়া কাকে বলে যে মানুষ জানে না সে ছোঁয়াকেই পাওয়া মনে করে । রবীন্দ্রনাথ ঠাকুর 
non_depressive,তিনি একজন বাপের জোরে নায়ক।
non_depressive,এতো দিন তো শুধু রোহিঙ্গারা ছিল এইবার কি আসাম থেকেও কয়েক লক্ষ চলে আসে কিনা সেটা সময়ই বলে দিবে 
non_depressive,"কোনটা বুঝবো , মেয়ে বলছে ছোলেটা আমাকে প্রোফোস করছে , আর ছেলে বলছে মেয়েটা আমাকে প্রোফোস করছে । আমার দারনার বাহিরে এখন ! "
depressive,টিকার তৃতীয় ডোজ নেবার দিনের মাথায় হার্ট অ্যাটাক হলো। তারপর একটানা প্রায় দুই বছর ভুগেছি। ওপেন হার্ট সার্জারি করিয়ে এখন ভালো আছি।
depressive,কিসের এতো ভয় বলো যেখানে ভালোবাসা শূণ্যতার উপর দাঁড়িয়ে সেখানে তোমাকে হারানোর ভয় বোকামী শুভ সকাল
non_depressive,আল্লাহ তাআলার ঠিক বিচার
depressive,"কি মন্তব্য করবো , এক চোরকে আবার হজ্বে পাঠানো হচ্ছে ! "
non_depressive,খুব ফজিলত পূর্ণ খবর
non_depressive,বস্তুি মার্কা টিবি চ্যানেল
depressive,যখন বাইক নিয়ে রাস্তায় নামেন তখন তারা ভাবেন হেলিকপ্টার দিয়ে রাস্তা টহল দিচ্ছে।
depressive,রাস্তায় ফেলে গেলেও ছেলেটা বাঁচতে পারত : 
non_depressive,রাকিব হোসেন দিনে কয়বার পটি করে সেটা নিয়ে একটা নিউজ চাই
non_depressive,ব্যকগ্রাউন্ড মিউজিকটা একটু বাড়িয়ে দিলে ভালো হতো
depressive,নাটক দেখার পারে মনে খুব হিট হয়েছিল আমি মরতে মরতে বেছে আছি
non_depressive,দিন অল্পের জন্য আমিও বেচে গেছি
non_depressive,যারা টিকা দেননাই তারাই লাইক দেন
depressive,আমি সময় অনুমান করি আমি কোনও কারণে সুখী হতে পারবো না।
non_depressive,বাংলাদেশে আবার কোথায় বক্স অফিস আছে
depressive,বেকারত্ব নিয়ে সরকার ভাবে একদিন কাল হতে পারে
depressive,ডিপ্রেশন আমার প্রতিভাকে পুরুপুরি ধংস করে দিচে এখন অনেকটা কাটিয়ে উঠেছি
non_depressive,", যে ব্যক্তির অন্তর অহংকারে পরিপূর্ণ থাকে , সে ব্যক্তি নিজেকে ছাড়া অন্য কাউকে উপযুক্ত মনে করে না । শেখ সাদী রহঃ "
depressive,জন্য কষ্ট হয় কিন্তু ছেলে বন্ধু দের উচিত সিক্ষা হয়ে
depressive,কোতোয়ালী থানা শিবিরের সভাপতি ফাহাদের উপর পুলিশের পায়ে বন্দুক ঠেকিয়ে গুলি করে পঙ্গু করে ফেলার এহেন ন্যাক্কারজনক হামলার নিন্দা জানানোর ভাষা নেই । 
non_depressive,আলহামদুলিল্লাহ এখন পরজন্ত কোনো টিকা দেই নাই আল্লাহ সুস্থ রাখচে
depressive,সঠিক বিচার চাই
depressive,বাংলাদেশে বছর ধরে কয়লা চুরি গোপন ছিল
non_depressive,নদীয়া উত্তর জেলার বেথুয়াডহরীতে জন প্লাবনের মাঝে বক্ত্যব্য রাখছেন কেন্দ্রীয় সাধারণ সম্পাদক শ্রী : 
non_depressive,ভাই গ্যাস খনিজ সম্পদ তাহলে ঐটার দাম বাড়ে কেনো দিন দিন
non_depressive,টিকা খাইয়া আইলাম সৌদি আরব আলহামদুলিল্লাহ ভালো আছি
depressive,প্রেমের অপেক্ষায় আমার অনেক স্বপ্ন হারিয়ে যায় কিন্তু প্রেম আসতে পারে না।
non_depressive,এসব বাদ দেনরিজিকের মাধ্যম হিসেবে অন্য রাস্তা অবলম্বন করুন
depressive,"আমার গাড়ি আমার গাড়ি , যেমনে ইচ্ছা তেমনে চালাই , মানুষ মারি গাড়ি চাপায় ! কার বাপের কি ? মানব হত্যা একদম ফ্রী "
depressive,দ্রুত সবাইকে ফাঁসি দেওয়া হোক
non_depressive,প্রিয় অধরা যদি আমার কোনো ভুল হয় । অন্যের কাছে সমালোচনা না করে তুই আমাকেই জানাইস । কারণ সেগুলা ঠিক করতে আমিই পারবো । অন্য কেউ নয়
non_depressive,জানতাম এমনটা হবে।ইনশাআল্লাহ নেইনি আল্লাহর উপর ডিপেন্ড করে এখনো অনেক সুস্থ আছি।
non_depressive,আমার জীবনের দেখা সেরা নাটক
depressive,এতো দিন শুধু রোহিঙ্গারা ছিল এইবার আসাম থেকেও কয়েক লক্ষ চলে আসে কিনা সেটা সময়ই বলে দিবে
depressive,আমার মনে আছে একটি বিশেষ রকমের শূন্যতা অবিরামভাবে আমাকে অপসারিত করে।
non_depressive,আলহামদুলিল্লাহ আল্লাহ এখনো ভালো রেখেছেন।
non_depressive,আপনার ভিডিও গুলো খুব ভালো লাগে।
non_depressive," তুমি কেবল তাদেরকেই সতর্ক করতে পার , যারা তাদের প্রতিপালককে না দেখে ভয় করে এবং যথাযথভাবে সালাত পড়ে । যে কেউ পরিশুদ্ধ হয় , সে তো পরিশুদ্ধ হয় নিজেরই কল্যাণের জন্য । আর প্রত্যাবর্তন আল্লাহরই নিকট । সূরা ফাত্বির ৩৫ , আয়াত ১৮ "
depressive,আমাদের দেশের মানুষের রুচির দৈন্যতা তাই এতো সমস্যা।
depressive,ওয়ার্ড নেতারই অবস্তা জানি উপজেলা নেতা হইলে করবে।
non_depressive,সুন্দর নাম হযরত মুহাম্মদ সাঃ
depressive,নাটকের শেষ মূহুর্তটা দেখে আমার তার কথা খুব মনে পড়ে গেল।আজ আমার নাই।কিন্তু আমি তাকে ছাড়া কাওকেই চাই না।
depressive,অনেক চেনা অভিনয়ের ভিতরে সালের নিজের গল্পটা মনে পড়ে গেল সকল বাস্তবতার ক্ষেত্র গুলো বেচে থাকুক সারাজীবন
non_depressive,ফ্লর ব্যবহার করলে রাত একটা পরে সাদ ঠান্ডা হয় না
depressive,বলবো বলার ভাষা হারিয়ে ফেলেছি
depressive,আসলে নির্বাচন সুষ্ঠু সুন্দর হয়েছে ভোটারদের কষ্ট করে ভোটকেন্দ্রে যেতে হয় না 
non_depressive,এই পৃথিবীর সবচাইতে ধৈর্যশীল মানুষ হচ্ছে আমাদের মা ! একমত ? 
depressive,নাটক দেখছি প্রিয় মানুষের কথা ভিষণ মনে পড়ছে প্রিয় মানুষের সাথে অনন্তকাল বেঁচে থাকতে চাই
non_depressive,সার্টিফিকেট কেন্দ্রীক সাধারণ শিক্ষার কারনে।
non_depressive,সবথেকে বড় যুদ্ধ হলো নিজের মনের সাথে যুদ্ধ আবেগ
depressive,লাভ যাকে কোন দিনই পাবো তার জন্য অপেহ্মা করে সার্টিফিকেট দিয়ে আমি করবো মনে চায় মরে যাই
depressive,"আধুনিক ! নারীরা কেবল বিয়ের দিন নিজের স্বামীর জন্য সাজে ! আর , সারা বছর সাজে পর পুরুষের জন্য ! "
depressive,কি লাভ যাকে কোন দিনই পাবো না তার জন্য অপেহ্মা করে 
depressive,ভাই ঠিক বলছে উন্নয়ন দিয়ে হবে
non_depressive,স্বার্থক জন্ম মা গো জন্মেছি এই দেশে গাড়ীর চাপায় মানুষ মারে মন্ত্রী সাহেব হাসে 
depressive,ব্যাক্তিগত ইচ্ছার থেকে এখনে পরিবার আশেপাশের মানুষের কথায় আমরা বিকশিত হতে পারি
non_depressive,এদের বিচার কখনই হবেনা সুতরাং এমন অনাকাঙ্ক্ষিত ঘটনাও থামবেনা।
non_depressive,মুফতী কাজী রাইট কথাই বলেছেনকভিট ভেজাল
depressive,১৯৭৬ সালে গবেষণা শুরুর পর অবশেষে পানির অস্তিত্বের ব্যাপারে অনেকটাই নিশ্চিত হল বিজ্ঞানীরা । এবার কি তবে প্রাণের অস্তিত্ব মিলবে ? 
depressive,দলের হোক কেন ধরনের আচরণ খুবই দুঃখজনক
non_depressive,মির্জা ফখরুল জানে বর্তমানে তেলের দাম ভারতে বাংলাদেশে
non_depressive,ভালো খেলোয়াড় থাকলেই মেসি সেরা আর সাধারণ দলে রোনালদো বেশি ফিট । কিন্তু তারপরও সাধারণ দলে সবসময় মেসিকেই চাইবেন অ্যাতলেটিকো মাদ্রিদের এ কোচ ! : 
non_depressive,আবার নাকি গোস্তো রান্না করে খেয়ে নিয়েছে আবার হাড়গোড় কোথা থেকে আসলো বন্ধুরা
depressive,পৃথিবীতে কারো আপন হওয়াটা খুব সহজ কিন্তু কাউকে আপন করে পাওয়াটা খুব কঠিন একটা পৃথিবী আকটা আকাশ
non_depressive,"মহিলারা ৪টি কাজ করবেন , ১ ৫ ওয়াক্ত সলাত ২ রমজানের সিয়াম , ৩ লজ্জা স্থানের হেফাজত , ৪ স্বামীর আনুগত্য করুণ এতে জান্নাতের যে কোন দরজা দিয়ে প্রবেশ করতে পারবেন । সহিহ ইবনু হিব্বান ৪১৬৩ , মুসনাদে আহমাদ ১৬৬১ , "
non_depressive,কখনো কখনো মনে হয় নিজেদের আপন জনদের থেকেও প্রবাসী ভাই বোনরাই প্রবাসী ভাই বোনদের সুখ দুঃখটা বেশি বোঝে আপন জনদের প্রকৃত পরিস্থিতি সব সময় বোঝানো কঠিন হয়ে পড়ে বাস্তবতা
non_depressive,সালে পেয়াজ  মধ্যে খুচরা বিক্রি হয়েছে।দোকানে তখন কিনে আনতাম  টাকা দরে।এখন  টাকা কেজি পেয়াজ স্বপ্ন থাকবে
non_depressive,ভাই আমি গোছল করতে যাচ্ছি আমাকেও নিয়ে একটা নিউজ করেন।
depressive,অনেক রেস্টুরেনট মরা মুরগী দেয়
non_depressive,কয়েকজন বেনজিরের মতো লোক পাঠাতে হবে।
depressive,হওয়াটাই স্বাভাবিক কারণ বাবার চিকিৎসার জন্য সরকারের অনুদানের টাকা লাগে হাইলে ছেলে
non_depressive,টাকা সরকার দিয়েছে
depressive,"ডাক দিয়েছে মমতা , ব্রিগেড চলো জনতা দু হাজার উনিশ , বিজেপি ফিনিশ "
non_depressive,আমি দেখছি ধরার আগেই বেহুশ হয়ে পরে গেছে
non_depressive,আলহামদুলিল্লাহ কোনো টিকাই নেয় নাই।আল্লাহ এখনও সুস্থ রেখেছে আলহামদুলিল্লাহ
non_depressive,আল্লাহ আমাদের সকলকে এমন বিপদ থেকে রক্ষা করুন আমিন।
depressive,গান শুনলে চোখের পানি চলে আসে
depressive,দেশে কোনো লাভ প্রজেক্টের সিনেমা হবেওনা
depressive,এতো সুন্দর একটা বাবা ভাবে মারতে পারলো আল্লাহ তুমি মাকে ধযদারন করার শক্তি দাও আমিন
non_depressive,মারুফ ভাই আপনাদের আশুলিয়া মডেল টাউন প্লট আছে আমার বাড়ি আশুলিয়া মডেল টাউনে
depressive,তাদের বুঝা উচিৎ দেশের মানুষ এখন হলে গিয়ে সিনেমা দেখতে ইচ্ছুক নাতাদের এখন পেশা পরিবর্তন করা উচিৎ।
non_depressive,ধন্যবাদ যমুনা টিভিকে
non_depressive,বংগ বন্ধুর আদর্শের সৈনিকরা এরকমই হবে।
non_depressive,অভিনন্দন অভিনন্দন অভিনন্দন অবশেষে টাইগার রা ওয়ানডে সিরিজ টা জয়ী হলো । ৯বছর পর বিদেশের মাটিতে সিরিজ জিতলো বিডি টাইগার বাহিনী
non_depressive,যাক শেষ পর্যন্ত বোধদয় হয়েছে
depressive,ফাম দিছনা এমনি কষ্টে আছি আমরা।
non_depressive,হলে বাঙালী বিদ্বেষী হতে হবে বেছে বেছে মণিপুর আসামে বাঙালী দের তাড়ানো হচ্ছে তাতে আপনার কোন প্রতিক্রিয়া নেই 
depressive,"ঘণ্টাখানেক সঙ্গে সুমন , আজ সন্ধ্যে ৭টা । বিষয় : সংসদের অদূরেই না খেতে পেয়ে তিন বাঙালি শিশুর মৃত্যু । খাস রাজধানীতে ভয়াবহ দুর্ভিক্ষের দৃশ্য ! মেদিনীপুরের বাসিন্দা তিন শিশুকন্যার অনাহারে মৃত্যুতে তোলপাড় দেশ । "
non_depressive,বুয়া দেশে গোসলের পানির অভাব নেই পুকুরে কেন গোছল করতে হবে
non_depressive,"যদি আপনি আমাকে পছন্দ না করেন , তাহলে ঘৃণা করুন ! আপনার ঘৃণাই আমার এগিয়ে যাওয়ার শক্তি ! "
depressive,বালিকার জন্য গেছিলাম ফ্রান্সের বিখ্যাত ভালোবাসার সেতুতে তালা ঝুলাইতে ভাগ্যের নির্মম পরিহাস সেখানে তালা ঝুলানোই নিষেধ করে দিছে
depressive,এমন মরণ মাওলা তুমি কাউকে দিও
depressive,জীবনের পথে অসহায় ভ্রমণ এখনো থামে নি।আর কষ্ট দিবিরে তোরা বাঙালি
non_depressive,চিকিৎসা সঠিকবিদেশ এমন চিকিৎসা দেওয়া
non_depressive,"ইব্ ন আবূ আওফা রাঃ তিনি বলেনঃ রাসূলুল্লাহ্ সাল্লাল্লাহু আলাইহি ওয়া সাল্লাম বলতেনঃ আরবি হে আল্লাহ্ ! আমাকে বরফ , মেঘের পানি এবং ঠাণ্ডা পানি দ্বারা পবিত্র করুন । হে আল্লাহ ! আমাকে পাপ থেকে এরূপ পবিত্র করুন যেরূপ সাদা কাপড় ময়লা থেকে পবিত্র করা হয় । সুনানে আন নাসায়ী , "
non_depressive,আল্লাহ আপনি সকল মানুষকে সঠিক বুঝ দান করুন আমিন
depressive,হুম ভাই প্রেম করতে পারি তাই ডিপ্রেশনে আছি
depressive,নাটকটির প্রতিটা মুহুর্তে প্রিয় মানুষটাকে ভীষণ মিস করছি তার প্রতি ভালোবাসাটা আরো বেড়ে গেলো। তাকে শেষ নিঃশ্বাস পর্যন্ত ভালোবেসে যেতে চাই
non_depressive,কারো পানে চাহিবো অনেক দিন অসাধারণ কিছু দেখলাম।
depressive,"যাকে ছাড়া একসময় নিজের অস্তিত্ব কল্পনা করা যেতনা , এখন তাকে ছাড়ায় বেচে অাছি , বাস্তবতা এতো নিষ্ঠুর কেন । "
non_depressive,ছোট্ট বিটলুর সাদাকালো জীবনটা রঙিন হয়ে ওঠে উপমার উপস্থিতিতে । তাদের বন্ধুত্বের এক অসাধারণ কাহিনী দেখুন সোনার পাহাড় ছবিতে । : 
non_depressive,আমরাই প্রথম পরীক্ষা দেব
non_depressive,যে রাগ করতে জানে সে ভালবাসতে ও জানে 
non_depressive,ড্রাইভারের অপরাধের দায়দায়িত্ব নেবেন না শাজাহান খান ! তাহলে জনগণ যে দায়িত্ব দিয়েছে তা ঠিক মতো পালন না করতে পারলে পদত্যাগ পত্র জমা দেন মিঃ সাহজাহান খান
non_depressive,দায় ভার নেবে
non_depressive,কাজ গুলো যারা করিতেছেন। তারা আমাদের সমাজের সুশিক্ষিত লোক। তাদের হতে বাতিল করে। প্রবাসি ভাইদের নিয়োগ দেওয়া হক।
depressive,আমারো সমস্যা হয়েছে বুকের মধ্যে ব্যাথা করে। বিশেষ করে ঘুম থেকে উঠলে বুকের মধ্যে ব্যাথা অনুভব করে। শরীরের বাম পাশের হাড্ডী ব্যাথা করে।
depressive,আমি দোয়া করি বাংলাদেশের ফিলিম ইন্ডাস্ট্রির উপর আল্লাহর গজব পড়ুক
non_depressive,ইলিয়াস কানচন সাহেব কোথায় শুধু বলে মটরসাইকেল চালোকরাই বাজে গাড়ি চালায় রাস্তায়।
non_depressive,বিশ্ব বাসীর কাছে রিপোর্ট তুলে ধরুন
depressive,জীবনের অজানা রাস্তায় আমি সবসময় একা পারি না।অনেক দিন ধরে আমি অশান্তির মধ্যে ভুগছি।
non_depressive,তার যায়গায় যদি মাওলানা হতো তাহলে দেখতাম ঘন্টার মধ্যে লকাপে থাকতো ডিজিটাল বাংলাদেশের আইন
non_depressive,এইগুলো প্রাচীনকালের চিকিৎসা ভালো হবে খারাপ হবে বর্তমান সময়ে হাসপাতালে গেলে ভালো হলে আলহামদুলিল্লাহ হলে ঢাকা বিল দিতে হবে
depressive,মনে আপরার বাবা কাজী হায়াতের সহযোগিতা নান নাই
non_depressive,দেনমোহর সর্বোচ্চ কতটাকা করা যাবে তার নির্দিষ্ট পরিমাণ উল্লেখ করে দেওয়া হোক
depressive,এখন অনেক হাসির কিছু দেখলেও হাসি পায়না ভাল লাগেনা মাজে মধ্যে মনে আত্যহত্যার বেছে নাই কিন্তু পারিনা কারন আমার দিকে তাকিয়ে আছে অনেকের সপ্ন।
depressive,মনে রাখা যায় আমি কখনো সত্যিকারের খুশি হয়িতাম টাকা থাকলে শান্তিতে মরাও যায় ভাই। এটাই সত্যি
non_depressive,অসাধারণ একটি নাটক উপহার দেওয়ার জন্য পরিচালককে অনেক ধন্যবাদ
non_depressive,আল্লাহ তায়ালা আমাকে Depression থেকে মুক্তি দেন
depressive,দেশের হাসপাতালের চিকিৎসাতো চেয়েও বাজে
depressive,প্রচুর ডিপ্রেশনে আছিআর ডিপ্রেশনের কারনে প্রচন্ড স্মরণ শক্তি লোপ পাচ্ছে
non_depressive,কেরালার বর্ষের কোন ছাত্রকে জিজ্ঞাসা করলে বলবে এখন পড়ালেখার পাশাপাশি ব্যবস্যা করি। পড়ালেখা শেষ করে ব্যবস্যায় ঢুকবো।
non_depressive,কয় দিন নিয়ে দেখা যাবে সবিতা কপাল
depressive,দালালি কতদিন একদিন ছেড়ে যেতেই হবে
non_depressive,"টেবিল ঘড়ির প্রার্থী , প্রধান এজেন্ট ও কর্মী সমর্থকের পুলিশী হয়রানীর অভিযোগ "
non_depressive,মহান আল্লাহপাক তাকে সুস্থতা দান করুন। আমিন।
non_depressive,শুধু শরীরে লবণ দিলে কাজ হবেপাছার মাঝে কিছু দিতে হবে।
non_depressive,এসি রুমে বসে বেতন নিতে পারলে। গরমে বের হওয়ার দরকার কি।
non_depressive,সেটা বুঝলাম কিন্তু বাংলাদেশের বক্স অফিসটা কোথায়
depressive,দ্বিতীয় সর্বোচ্চ শিক্ষিত বেকারের দেশ অবিশ্বাস্য
depressive,বাসের তলায় পিষছে মানুষ হাসছে নরপিশাচ তিন তিনটা লাশ পরেছে কির পোলা লাশ চাস
non_depressive,"টেলিভিশনের চেনা ছকের বাইরে , এক্কেবারে নতুন ফ্লেভার নিয়ে আমরা আসছি আজ রাত ৯টায় , । দেখুন , আর অবশ্যই আমাদের জানান , কেমন লাগলো ? "
non_depressive,লাইসেন্স বাতিল করা উচিৎ
non_depressive,পোলার কনটেন্ট এমন আছে আমার মাথায় ঢুকে না। বাংলাদেশের একমাত্র সুস্থ বিনোদনের মাধ্যম একমাত্র family entertaiment তে।
non_depressive,ধন্যবাদ যমুনা টিভিকে
depressive,জানিনা কোন পাপের শাস্তি হিসেবে পোষ্ট গুলো চুখের সামনে আসে
non_depressive,পুরুষ নিযাতনের আইন করা উচিতএকমত হলে লাইল দেন
non_depressive,ইয়াশের লুক পুরাই রিয়েল পেশেন্ট মতো লাগলো। অভিনয় সাবলীল।
non_depressive,আলহামদুলিল্লাহ বরিশাল এগিয়ে আছে
non_depressive,বাস চাপায় ছাত্রদের মর্মান্তিক মৃত্যুতে যে খানে শোক প্রকাশ করার কথা উল্টো আমাদের মন্ত্রী নির্লজ্জের মতো হেসে বলছে জানেন ভারতে প্রতি মিনিটে কতো জন মানুষ মারা যায় ! 
non_depressive,রাস্তায় চাদাবাজি সিন্ডিকেটের কারণে কিছুর দাম বাড়ে পুলিশ সবাই দায়ী।
non_depressive,ফাসি চাই ফাসি হোক
non_depressive,চেতনানাশক উপায়ে তৈরি করেছে সেই রেসিপি এভাবে পাবলিকলি জানানো উচিত নয়।
non_depressive,"অরন্যদেব ছবিতে যে ছিল আমার কন্যা , সে আজ থেকে ভূমিকন্যা "
non_depressive,ভাই কিছুই বলেন তেলের দাম কমলে ধান চাষ পাঁচ একোর করতাম এখন একোর করবো
non_depressive,আমার বাড়ি বাড্ডা ঢাকা নতুন বাজার আমিও রাজনীতি করি ধরনের রাজনীতিবিদের গোয়া গান ভইরা দিলাম হইলে
depressive,"মনের পার্লামেন্টে আজ স্পিকার নেই । মনের জনসভায় নেই কোন বক্তা । অন্তরে হরতাল ডেকেছে বিরোধী পক্ষ । ভালোবাসার ভোট কেন্দ্রে ভোট পেযেছি একটা , তাও আবার জাল ! "
depressive,অসাধারণ খুব দ্রুত বাংলাদেশ মেধাশূন্য করে দিয়ে সম্পূর্ণ দাশ বানানো যাবে
depressive,আগে বারতো তবে এখন কেনো বারে এটা সরকার দেখবে না।তেলের দাম বারর সাতেসাতে জিনিসেরি দাম বারল এটা
non_depressive,খুবই ভালো হয়েছে
non_depressive,চিকিৎসা কার্যকরী চিকিৎসা।
non_depressive,প্রকৃত মুমিন মুসলমানরাই বলি আলহামদুলিল্লাহ
depressive,যাদের কলমের জোর আমাদের শহরকে রাঙিয়ে তুলেছে আলাদা আলোয় সার্টিফিকেট দিয়ে আমি করবো মনে চায় মরে যাই
non_depressive,আমি একটা টিকা নেই নাই। আলহামদুলিল্লাহ।
non_depressive,অসাধারণ একটা নাটক কোন একসময় মনে পড়লে আবার দেখতে আসব বাট কেউ লাইক দিয়েন তাহলে নোটিফিকেশন আসবে
non_depressive,ঘাতক বাচ্চা লোককে খুঁজে বের করে তার একটা বিচি গেলে দেওয়া হোক এতেই তার শিক্ষা হয়ে যাবে। ড্রাইভিং লাইসেন্স থাকলে দুইটা বিচি গেলে দিতে হবে
depressive,হবে যদি দুইজন ডিপ্রেশনে ভোগা মানুষ একই বাড়িতে একই সঙ্গে থাকে
non_depressive,অসাধারণ অসম্ভব একটা সুন্দর নাটক
non_depressive,এইগুলি নিউজ সাংকবাদিকরা এখন নিউজ পায়
non_depressive,রেড কার্ড পাইছে বক্স অফিসে
non_depressive,"এসো এই মুলুকে লতাপাতায় বেষ্টিত এইঘর খানায় । এসো নিরন্তরে সুপ্ত বাসানায় । যদি নিভে যায় দীপ তবে দেহান্তরে এসো , জোনাকির মত অরণ্য জীবন ধারায় । "
depressive,আমিও অনেক ডিপ্রেশনে আছি আমি আল্লাহর উপর ভরসা করে এখনো বেঁচে আছি
depressive,জীবনের কঠিন অনুভূতির মাঝে আমি হারিয়ে যাচ্ছি এবং নিজেকে আরও অদৃশ্য করছি।
depressive,পৃথিবীর সবথেকে সুখী মানুষ তারা যাদের কোন লজ্জা শরম নাই।
non_depressive,এদেরকে ধরে এমন শাস্তি দেওয়া দরকার যাতে শাস্তি দেখে মানুষ অপরাধ করতে বার চিন্তা করে
non_depressive,সাকিব খানের সাথে পাল্লা দিয়ে নামতে আইসে ঈদে
non_depressive,হিন্দু রাষ্ট্র ঘোষণা করা হোক
non_depressive,সবকিছুই আমার সাথে মিলে যাচ্ছে।
depressive,হারিয়ে যেতে চাই তার শহরে
non_depressive,রাস্তার ভিতর কোন ধরনের যানবাহন দাঁড়িয়ে থাকতে পারবে আইন চালু হোক
depressive,জীবন সত্যিকারের একটি অসমর্থ স্বপ্নের মতো হতে বাধ্য।
depressive,নিকোটিনের ধোয়ায় সময় কাটে রাতে রাতটা আমার জন্য দিন দিনটা রাত
depressive,আমি সময় আমার জীবনের প্রতিটি সময়ে আমার উপর অনুপ্রেরণা অনুভব করি না।হতাশা দুচিন্তা বেকারত্বের প্রধান কারণ।
depressive,আমি চেষ্টা করছি আনন্দ খুঁজে পাওয়ার জন্য কিন্তু সেই আনন্দ কোথাও হারানো গেছে।টাকা থাকলে শান্তিতে মরাও যায় ভাই। এটাই সত্যি
depressive,কেউ ভাবেনি নিষ্পাপ প্রাণ গুলোর অচিরেই থেমে যাবে চলা ড্রাইভারের অধৈর্য অসতর্কতায় ডুবে গেল তাদের জীবনের ভেলা কান্না সারা দেশের
depressive,বর্তমান দেশের পরিস্থিত বাদী বিবাদীর টানা হেঁচড়ায় আইনজীবীদের চুষে খাওয়ার ধান্দা বেড়েছে
depressive,কিছু কোচিং ব্যবসায়ীদের জন্য অবস্হা সবাই সরকারী চাকরীর জন্য বছরের বছর বেকার থেকে পড়াশুনা করে।
non_depressive,এখন বর্ষাকাল হলেও বিপরীত মৌসুমে এই রকম সাকোতেই বাসাইল সখীপুরের কয়েক গ্রামের মানুষের চলাচল করতে হয় । স্বাধীনতার ৪৭ ববছরেও উন্নয়ন স্পর্শ করেনি যে এলাকায় তার নাম হাতিবান্দার চাকদহ । বংশাই নদী । 
non_depressive,বাংলাদেশে বক্স অফিসটা কোথায় অবস্থিত
depressive,বাংলাদেশে গতির কোন সীমারেখা নেই বাসগুলা রাস্তায় উঠলেই গতির প্রতিযোগিতা শুরু করে
non_depressive,এরা বলে নিজেরাই জানে না।পাচার বন্ধ করে।দাম বারালে সমাধান হবে
depressive,এদের যন্ত্রণাই ইউটুবে দুকি
non_depressive,আমরা অপরাধীদের কঠোর শাস্তি ফাঁসি চাই
depressive,সামনে রসকিয়ামত তাই এতো গরম
non_depressive,বাংলাদেশে জন্ম নিয়ে আমি গর্বিত আমাদের দেশের মানুষের মাথায় কতো বুদ্ধি। এদের বুদ্ধি অনেক
depressive,জীবনের প্রতিটি পাঠে সুখের স্বপ্ন শুধু একটি কষ্টকর প্রাণীর চেষ্টা।আর কষ্ট দিবিরে তোরা বাঙালি
depressive,স্বার্থক জন্ম জন্মেছি দেশে গাড়ীর চাপায় মানুষ মারে মন্ত্রী সাহেব হাসে সার্টিফিকেট দিয়ে আমি করবো মনে চায় মরে যাই
non_depressive,ঠান্ডা গরম আল্লাহর পরিক্ষা
depressive,অন্যায়ের বিরুদ্ধে সোচ্চার হওয়ার জন্যে বিভিন্ন টিভি চ্যানেলের সাংবাদিক যখন গোপনে বিভিন্ন প্রতিষ্ঠানের অন্যায় গুলে তুলে এনে প্রচার করে তা যদি অন্যায় না হয় । প্রকাশ্যে করা একটা অন্যায় কাজ একজন সাংবাদিকের ক্যামরায় উঠে আসলে অপরাধ কেমনে হয় 
depressive,টাকা থাকলে শান্তিতে মরাও যায় ভাই। এটাই সত্যি আমি আমার নিজের মধ্যে একটি অদৃশ্য বিরক্তি অনুভব করতে পারছি আমাকে অনিশ্চয় করে
depressive,আমাদের দেশে আইন টিক নেই। ছেলের তার মার মৃত্যু দন্ড হক।এই দাবি জানাচ্ছি জনগণ। দুই একটার সঠিক বিচার হলে মানুষ পাবে এমন অপরাধ করতে।
non_depressive,দুর্নীতি প্রতিরোধে ধানের শীষে ভোট দিন সন্ত্রাসের বিরুদ্ধে ধানের শীষে ভোট দিন গুম খুন গ্রেপ্তার মামলা নির্যাতনের বন্ধে ধানের শীষে ভোট দিন ভোট ডাকাতি ঠেকাতে ধানের শীষে ভোট দিন আপনার ও দেশের উন্নয়নে শপথ নিন ধানের শীষে ভোট দিন : 
depressive,আমি প্রায়ই কিছু খেতে চাই এবং বোধহয় আমি অন্ধকারে ডুবে থাকি।হতাশা দুচিন্তা বেকারত্বের প্রধান কারণ।
depressive,মার্কেট অবস্থা বুঝে যখন কদু আজাদ মুলা চাষে আগ্রহী
depressive,খোজ নিলে দেখা যাবে বাসের ফিটনেস রুটপার্মিটও চালকের ড্রাইভিং লাইসেন্স নাই ।।।।।।
depressive,আমি সময় অনুমান করি আমি নিজের সাথে অসন্তুষ্ট।আমি সময় অনুমান করি আমি যেটা প্রয়োজন তাতে আমি সেটা করতে পারবো
non_depressive,"রাজশাহী সিটি কর্পোরেশন নির্বাচনে বিপুল ভোটে বিজয়ী হওয়ায় নব নির্বাচিত মেয়র এ , এইচ , এম খাইরুজ্জামান লিটন ভাইকে কে থেকে শুভেচ্ছা ও অভিনন্দন । "
depressive,মাননীয়া মুখ্যমন্ত্রীর দলের তৈরি বোমাও এখন বাংলার শিল্প সার্টিফিকেট দিয়ে আমি করবো মনে চায় মরে যাই
depressive,আমার পোস্টে একটা ছেলে একটা মেয়ে রিপ্লাই দিতে দিতে রিলেশন হয়ে গেছে ওদের বিয়ে আমি এখনো সিঙ্গেল কিছুই বলার নাই সবই কপাল
non_depressive,বিএনপির প্রার্থী সরে দাঁড়াবে প্রত্যাশা জামায়াতের : 
non_depressive,এখানেও সেই একই কথা হবে মোটরসাইকেলর কারনে হয়েছে।
non_depressive,পাম দিস পাম দিস
non_depressive,সন্দেহের জন্য মুই এলাও দেও নাই আল্লাহ সবাইকে সুস্থ রাখুন
depressive,"একদিকে মন্ত্রী হাসেন , অন্যদিকে নিহত দিয়ার বাবা কাল সকাল থেকেই মেয়ের এক্সিডেন্ট হওয়ার স্থানে বসেই কেঁদেই যাচ্ছেন । রাস্তার মানুষের সান্তনা ও থামাতে পারছে না । আমরা বাঙ্গালীরা বড়ই বিচিত্র । "
non_depressive,রোজ আকাশে একটা তারা জলমল করতো হাজার মেঘলা এমনকি ঘন বর্ষাতেও আমি খুঁজে পাইতাম । শুভ সকাল 
depressive,আহারে মানুষ বাবা যতই খারাপ হোক তাই বলে তাকে সম্পত্তির জন্য বাবাকে এমন নৃশংস ভাবে হত্যা করে।।।এগুলো সন্তানকে দ্বীনের শিক্ষা দেয়ার কুফল
non_depressive,এদের দুই জনের নাটক দেখতে আমার কাছে খুব ভালো লাগে
non_depressive,মাদ্রাসা ছাপ রোগীর জন্য মাদ্রাসা ছাপ চিকিৎসক
depressive,আমার সম্যসা অনুভব করি।
non_depressive,এসব দেখার বলবে সরকার জানতে চাই
depressive,বালিকার জন্য গেছিলাম ফ্রান্সের বিখ্যাত ভালোবাসার সেতুতে তালা ঝুলাইতে ভাগ্যের নির্মম পরিহাস সেখানে তালা ঝুলানোই নিষেধ করে দিছে
non_depressive,আপনারা কেও বাটপারি টাইটেল খেয়াল করলেন দাম কমে গেল বলে সবাই ভিডিওতে ঢুকাইসে
depressive,সুখের গল্প বললেও দেখি কষ্ট পাও কারণ গল্পে আমি থাকি থাকে অন্য কেউ
non_depressive,আল্লাহ আগে থেকে এইসব ঠিক করে রাখে
non_depressive,করবে মানুষ বাংলাদেশের চিকিৎসা কতযে ভালো বলতে
depressive,দাত মাইজা ১ লক্ষ ৪২ হাজার মেক্টিকটন কয়লা শেষ করছত এই জন্যে তোর দাত এত সুন্দর 
depressive,"কোনো পরিকল্পনা ছাড়াই জীবনের মূল্যবান সময়গুলো পার হয়ে যাচ্ছে কিন্তু এভাবে আর কতোদিন , "
depressive,কথায় অসাধারণ তবে শেষ হয়েও হলো শেষ
depressive,ইসলামী ছবি ছাড়া বিরিয়ানি দিয়েও জমানো সম্ভব নয়
non_depressive,হুম যারা যেতে চায় তাদের নিয়ে দেশ একটু ভারত মুক্ত হোক
non_depressive,RTV তুই ভালো হতি
non_depressive,সুন্দর একটি নাটক উপহার দেওয়ার জন্য ধন্যবাদ অনেক ভালো লাগলো।
depressive,আমি সময় মনে করি আমি ব্যারিস্টার হতে পারি না।হতাশা দুচিন্তা বেকারত্বের প্রধান কারণ।
depressive,"পৃথিবীর সকল প্রেমিকায় চায় , শুধুমাত্র তার চোখেই বারবার তার প্রেমিক হতাহত হোক"
non_depressive,বাংলাদেশে যেন একটা  কোটির সিনেমা বানিয়েছিল
depressive,ধর্মীয় অনুশাসন মেনে চললে এসব কিছুই হবে না।
depressive,টাকা দিয়ে গাছ লাগাইলেও এখন একটু গরম পরতে পারতো
depressive,দেশে কোনো লাভ প্রজেক্টের সিনেমা হবেওনা
non_depressive,তাও রেস্টুরেন্টে যাওয়া কমে উচ্চবিত্তদের
non_depressive,উপর দিয়া ডিজিটাল ভিতর দিয়া বাংলা টায় বাংলাদেশ
non_depressive,"আপনি কিসের জন্য জীবন ধারণ করেন ? যদি আপনি সহজেই এই প্রশ্নের উত্তরটি খুঁজে না পান , তাহলে শ্রী জী র শৈশব ভিত্তিক ছোট ছবি দেখুন ২৯শে জুলাই স্টার টিভি নেটওয়ার্ক চ্যানেল ও হটস্টার অ্যাপ এ রাত ৯টায় এ মুক্তি পাচ্ছে । "
non_depressive,মেয়ের বাড়ি থেকে বিপুল পরিমান যৌতুক নেয়া হয় তার আবার এটা ওটা সারাজীবন
depressive,কয়দিন থেকে অনেক বেশী অসুস্থ হয়ে পরেছি
non_depressive,শেষ কিছুদিন চাই
depressive,সালে গবেষণা শুরুর অবশেষে পানির অস্তিত্বের ব্যাপারে অনেকটাই নিশ্চিত বিজ্ঞানীরা এবার তবে প্রাণের অস্তিত্ব মিলবে
depressive,সহপাঠী হত্যার বিচারের দাবীতে কুরমিটোলায় রাস্তা অবরোধকারী ছাত্রছাত্রীরা উন্নয়ন স্বাধীনতা বিরোধী
non_depressive,বাংলাদেশ থেকে ট্রান্সজেন্ডার নামের ব্যাধি উপড়ে ফেলা হবে ইনশাল্লাহ
non_depressive,পর্যন্ত বক্স অফিসের ঠিকানা পাইলাম
depressive,এদের বিচার হলে আরো মানুষ হত্যা করবে জানে ফাসি হলে কুলাংগারদের সাজা হবে
depressive,গল্পের শেষ দেখলে অপূর্ণতা থেকে যাবে nd Part চায়।
non_depressive,এরা কারা কোথা থেকে এলো
non_depressive,সিনেমা ঈদে রিলিজ দেবার দরকার
depressive,জীবনের ক্ষণে আমার ক্ষুধার্ত হয়ে গেছে একটি অজানা বিপদে ডুবে যাওয়া অনুভূতি আমাকে চ্যালেঞ্জ করে।
non_depressive,হামদুলিল্লাহ। আল্লাহ সুস্থ রেখেছে। ডোজ নিয়েছিলাম। কখনো নিব না।
depressive,অক্ষত আশা ছাড়া আমার অনেক কিছু হারিয়েছে।
depressive,"টুইটারের তিন ওলা বিবি চিনে নিন এই তিন ওলা বিবি কে ১ । টুইটারের যক্ষ্মা রোগী ২ । টুইটারের ধনুষ্টংকার রোগী ৩ । টুইটারে বসন্ত রোগী । এদের মধ্যে হলো টুইটারের দেওয়ানবাগী পীর , আর বাকী দুজন হলো ঐ দেওয়ানবাগীর পীরের মুরিদ"
depressive,পথের শেষ এসে দেখি অনেক হিসেব বাকী জীবনে যাহা করলাম তার অর্ধেক টাই ফাঁকি
non_depressive,এটাই স্বাভাবিক ব্যাপার এখন থেকে ডিজিটাল বাংলাদেশ এরথেকে ভাল কিছুই হবেনা তবে নতুন নতুন করে গান শুনতে পাবেন
depressive,আবেক কাজ করছে বিবেক কাজ করে নাই হাইরে মানুষ
depressive,বিচার হবে ঘটনার সঠিক বিচার যদি হইত তাহলে এসব হইত না।
depressive,প্রিয় মানুষটা কাছে আছে বলেই কষ্ট পেলাম আমি কখনোই কষ্ট সহ্য করতে পারবো প্রিয় মানুষকে হারানো আসলে শ্বাসরুদ্ধকর  মনে রাখবো
depressive,এখন খয়রাত করুক সকলে মিলে
non_depressive,খুবি অসাধারণ দারুন একটা শিক্ষামূলক প্রতিবেদন
depressive,আমার ভাবতে খুব ভয় লাগে তরুণের অভিশাপে বাংলাদেশের অবস্থা আগামী বছর কোথায় গিয়ে দাঁড়ায় ভেবে
non_depressive,আগেই ভেবেছিলাম এমন কিছু হবে। তবুও ডোজ নিয়েছে ইচ্ছের বিরুদ্ধে
depressive,অনেক দিন বাদে নাটক দেখে চোখে চলে এলো। ধন্যবাদ রাফাত সাহেব।ইয়াশ তটিনী অনবদ্য।
non_depressive,মেডিটেশন করুম নিয়মিত ভালো থাকবেন। ইনশাআল্লাহ।
depressive,ভালো লাগেনা যাইতে ইচ্ছা হয় কিন্তু যেতে হবে রেডি কইরা দিছে বাড়িতে আদর সবাইকে মিস করবো সার্টিফিকেট দিয়ে আমি করবো মনে চায় মরে যাই
non_depressive,কারণ যেখানে ছবির নামই ভূল। সেখানে করা কোন আহামরি না।
non_depressive,খবর এতো আকাল পড়লো
non_depressive,আপনি যখন কোন ভালো কাজে মনোনিবেশ করবেন পাশ থেকে বন্ধু বা নিন্দুক বলবে এটা তুই করতেই পারবি না । মনের ভিতরে যে শয়তান থাকে সে তো আরও বলবে তুই এটা পারবি না । এটা ভেবে পিছিয়ে যাওয়া বড্ড বোকামি । মনের সাহসই বড় সাহস । তার সাথে আল্লাহর রহমত । এ দুটোই সংমিশ্রণ হলে সফলতা অবশ্যই আসবে
non_depressive,সিন্ডিকেট নিয়ন্ত্রণে আনা জরুরি।
depressive,আমি সারাক্ষণ নিস্ਤজ লাগছি
non_depressive,"আবারো টোপ ফেলছে আম্লিক ! বরিশাল , রাজশাহীতে লাখের উপর ভোট পাইছে আর সিলেটে হাইরাগেছে বিম্পি খুশি হওয়ার কারন নাই , এটা ও স্বপ্নের ই অংশ । জয় ভাঙলা"
non_depressive,ধন্যবাদ বিবিসি বাংলাকে সত্যের সাথে থাকার জন্য।
depressive,"রোদ কি বৃষ্টির সাতে পারতেচেনা ? পারবে কেবা করি দেশের প্রধানমুত্রী ম্যায়ে মানুষ , তাই যতোক্ষন চাবে বৃষ্টি হবে কেউ আমার কতা না বুঝলে আমি দায়ী লয় "
depressive,"নামের সম্পর্কের চেয়ে প্রতিটা বেনামি সম্পর্ক অনেক অনেকবেশি স্পর্শকাতর হয় , খুব জোরে ধাক্কা মারতে পারে পাঁজরভাঙ্গা বুকে কপি"
non_depressive," কুল্লু নাফসিন যাইক্বাতুল মাউত মৃত্যুকে নিয়ে মানুষ অনেক ভেবেছে , কিন্তু কেউই এ থেকে রেহাই পায়নি , প্রত্যেক প্রাণীকেই মৃত্যুর স্বাদ গ্রহণ করতে হবে সূরা ইমরান ১৮৫ "
non_depressive,খবরই সোনাম বাস্তব তেমন কিছু নান
non_depressive,আল্লাহ মহাপরাক্রমশালী এবং সবার ওপর পরিপূর্ণরূপে বিজয়ী হওয়া সত্ত্বেও নিজের সৃষ্টির প্রতি তিনি দয়াবান ও ক্ষমাশীল । দুষ্কর্মকারীদের শাস্তি দেয়ার পুরো ক্ষমতা তাঁর আছে । কিন্তু যারা লজ্জিত হয়ে দুষ্কর্ম পরিত্যাগ করে এবং ক্ষমা প্রার্থনা করে তাদের সাথে তিনি ক্ষমাশীলতার আচরণ করে থাকেন । 
non_depressive,বস্তাপঁচা নাটকের ভীড়ে কিছু ভালো স্মৃতি জমা রইলো। মনে হচ্ছিল দশকে ফিরে গেছি। এক্সপ্রেশনঅভিনয় স্ক্রিনপ্লে অসাধারণ।
non_depressive,আল্লাহ তুমি সকল সাংবাদিকদের হেদায়াত দাও নাহলে তাদের কাজ বাড়িয়ে দাও। এগুলো নিউজ ভাই
non_depressive,ভাই আমি গোছল করতে যাচ্ছি আমাকেও নিয়ে একটা নিউজ করেন।
non_depressive,নিজের মনের কথাটা বিবিসি প্রকাশ করেছে।তাদেরকে ধন্যবাদ।
depressive,"বাংলাটা ঠিক করে দেখুন , নাহলে বিসর্জন হয়ে যাবে , মমতাকে কটাক্ষ দিলীপ ঘোষের : "
non_depressive,সালের জন্য কমেন্ট করে রাখলাম
non_depressive,আমি আগেই ভেবে ছিলাম এমন কিছু একটা সমস্যা তৈরি হবে।শুধু প্রশাসনের চাপের কারণে দিয়ে ফেলেছি।আলহামদুলিল্লাহ সুস্থ আছি।
depressive,"মেয়ে তুমি নিজে ইন্টার ফেল , বিয়ের জন্য পাত্র খুঁজছো ডাক্তার ইঞ্জিনিয়ার তোমার ভাব দেখে মনে হচ্ছে তুমি টিনের ঘরে টাইলস লাগাইবা"
depressive,এবার শিক্ষা ব্যবস্থা শেষ।
depressive,আমি আমার পরিবার ভুক্তভোগী এতো অসুবিধা করতেছে হার্ট ব্রেইন এবং সমস্ত শরীরে বলার মতো খুব আতঙ্কে দিন কাটাচ্ছি
non_depressive,এদেরকে ধরে এমন শাস্তি দেওয়া দরকার যাতে শাস্তি দেখে মানুষ অপরাধ করতে বার চিন্তা করে
non_depressive,এতোদিনে ভালো একটা নিউজ করলেন
depressive,আমার জীবনে অন্ধকার বিরক্তি অস্বস্তি হৃদয়ের গভীর স্থানে একেবারে অগ্নিকে ভাসতে পারি না।
non_depressive,খুব ভালো হবে
non_depressive,আপনাদের নিউজ অভাব পরছে
depressive,খুব সুন্দর লাগছে মনে সিনিয়র শিল্পী দের নাটক দেখলাম চোখে পানি চলে আসল।
depressive,বাংলাদেশে একটা লাউ  টাকা আমরা লাউ এখন গরুকে খাওয়াইওমানহায়রে বাংলাদেশ
depressive,কেন্দ্রে জাল ভোট বিএনপির দাবি কষ্ট দিবিরে তোরা
depressive,আমি তোমার দিধায় বাঁচি তোমার দিধায় পুরে যাই️
non_depressive,বাংলাদেশে সকল পণ্যের দাম বেশি
depressive,তার সুখের ঘরণী হয়ে তুমি আজ ভাবছো কি আমার কথা ? 
non_depressive,আবহাওয়া অফিস করবে সবকিছুর মালিক আল্লাহ আসুন সবাই মিলে তওবা করে আল্লাহর কাছে নামাজ পড়ে দোয়া করি আল্লাহ রহমত করবে বিযটি দিবে
non_depressive,অভিনন্দন ! 
depressive,আমি আমার নিজের মধ্যে একটি অদৃশ্য বিরক্তি অনুভব করতে পারছি আমাকে অনিশ্চয় করে রাখে।
depressive,ইতিহাস তুমি কেঁদোনা আমারও কান্না আছে
depressive,আমি ডিপ্রেশন পার করেছি আল্লাহর রহমত বেঁচে আছি
non_depressive,এগুলো মানুষ নামের অমানুষ যে দেশের মানুষ এরকম বিকৃত ও অসুস্থ সে দেশের ধ্বংস অনিবার্য 
depressive,ফেসবুকের শেয়ারে ধস নামায় মুহূর্তেই হাওয়া হয়ে গেছে এতোগুলো টাকা : 
depressive,কোতোয়ালী থানা শিবিরের সভাপতি ফাহাদের উপর পুলিশের পায়ে বন্দুক ঠেকিয়ে গুলি করে পঙ্গু করে ফেলার এহেন ন্যাক্কারজনক হামলার নিন্দা জানানোর ভাষা নেই । 
non_depressive,অসাধারণ অভিনয় আমাদের প্রিয় মানুষটি যেন কখনও হারিয়ে যায়।
depressive,তোমাকে পেয়ে গেলে সুন্দর নাটকটা হয়তো দেখা হতো কৃতজ্ঞতা তোমাকে দিলাম
non_depressive,বিজনেস করা বাধ দিয়ে পতিতালয় বিজনেস চালু করলে হবে এটাই স্বাভাবিক
depressive,কক্সবাজার পৌরসভা নং ওয়ার্ডে ভোটার হাজার নৌকা একা পেয়েছে হাজার কয়লা গায়েব হয়ে উড়ে যায় গায়েবী ভোটে নৌকার বাক্স ভরে যায়
depressive,ব্যালট বইয়ে পুরোটাতেই নৌকায় সিল : 
non_depressive,যেমন তেমন ড্রাইভার লাইসেন্স দেওয়া হয় টাকার বিনিময়ে।এই দেশ ঠিক হবে কিভাবে।
non_depressive,ভাই পলিটেকনিক ইনস্টিটিউট নিয়ে একটা ভিডিও বানান।
depressive,"হিন্দুগুলো এতোই জঘন্য যে , এরা গরুর মল মূত্র খেয়ে গর্ববোধ করে ! পবিত্র হয় , মানুষ কতোটা নিকৃষ্ট হলে এমনটি করতে পারে । গাভী দুধ দেয় তাই গরু মায়ের মতো । গরুর গোশত খাওয়া যাবে না , তবে গরুর চামড়ার জুতা স্যান্ডেল পরা যাবে ! উদ্ভট সব যুক্তি নিয়ে যারা পালন করছে একটা ধর্ম । "
depressive,ঘটছে কার রান্নাঘরে ঘটছে কার শয়নকক্ষে ঘরের খবর পরের কাছে আজকাল বেশী পাওয়া যায়
depressive,আমি আমার সময়ের সাথে অনেক স্বপ্ন হারিয়ে যাচ্ছি তবে যদি আমি অধিক সময় হারিয়ে যাচ্ছি তাহলে আমি মনে করতে পারবো আমি আমার সময়ের সাথে সমস্যা হারিয়ে যাচ্ছি
non_depressive,আপনাদের খবর গুলি বরাবরই মিথ্যা।এখনো কোথাও পেয়াজের দাম কমেনি।
depressive,আমরা উন্নয়ন দেখে বেচে থাকবো খাওয়ার দরকার
non_depressive,খুশি হলাম শ্রীরাম
non_depressive," শরীরে মারের দাগ , পোড়া দাগ নিয়ে যে অভিবাসী নারী এয়ারপোর্টে এসে কাঁদেন , সেই কান্না শুধু তার একার না : "
depressive,জীবন নামের শীতল যুদ্ধে কাব্যিক কথা।
depressive,ওয়েস্ট ইন্ডিজকে হারিয়ে নয় বছর পর বিদেশে সিরিজ জয় বাংলাদেশের । টি টুয়েন্টিতে কি হবে ? 
depressive,আমি নিজেই আনেক দিন ডিপ্রেশনে আছি
depressive,দেশের অবস্থা ভয়াবহ
non_depressive,তামিম রিয়াদে ভর করে বাংলাদেশের তিনশ পার । স্কোরকার্ডসহ বিস্তারিত প্রতিবেদনে : 
depressive,এতো সুন্দর একটা বাবা ভাবে মারতে পারলো আল্লাহ তুমি মাকে ধযদারন করার শক্তি দাও আমিন
non_depressive,বিপদের সময় পৃথিবীর দরজা বন্ধ হয়ে গেলেও আল্লাহ তায়ালার দরজা সময় খোলা থাকে
non_depressive,জিবনে সঠিক সিদ্ধান্ত নিয়েছি পরাশোনা করি নাই
non_depressive,কামাল ভাই অসাধারণ বলছে।।
depressive,কিছু মনে হয় কাছাকাছি হারিয়ে যাচ্ছে।
non_depressive,বাপের যোগ্যতায় নায়ক হলে
depressive,ওয়েস্ট ইন্ডিজকে হারিয়ে নয় বছর বিদেশে সিরিজ জয় বাংলাদেশের টুয়েন্টিতে হবে
depressive,যার ভিতরে একবার ডিপ্রেশন প্রবেশ করছে সেই বুঝে রোগের ভয়াবহতা
depressive,কোতোয়ালী থানা শিবিরের সভাপতি ফাহাদের উপর পুলিশের পায়ে বন্দুক ঠেকিয়ে গুলি করে পঙ্গু করে ফেলার এহেন ন্যাক্কারজনক হামলার নিন্দা জানানোর ভাষা নেই । 
depressive,প্রিয় মানুষটি অনেক দূরে থাকে তার সাথে এখনও দেখা নি।তবুও আমার ভিশন প্রিয়।জানি আমাদের কবে দেখা হবে
depressive,", এই পৃথিবীর মানুষ গুলো কত ই অদ্ভুত তাই না ! জীবন অনিশ্চিত জেনেও সুনিশ্চিত মৃত্যুর গুরুত্ব দেয় না ! "
depressive,বালিকার জন্য গেছিলাম ফ্রান্সের বিখ্যাত ভালোবাসার সেতুতে তালা ঝুলাইতে ভাগ্যের নির্মম পরিহাস সেখানে তালা ঝুলানোই নিষেধ করে দিছে
non_depressive,একবারে ঘন্টা করে দিলে চেতনা আরও বৃদ্ধি পেত।
non_depressive,এখনই অবস্থা পাওয়ার করবে বাই
depressive,আজব দেশ আজব নিয়ম
non_depressive,আমি উপজাতিরকঠিন বিচার চাই
non_depressive,বাংলাদেশ যারা ABU DHABI ওমান কাতার সৌদি আরব বাহরাইন কুয়েত ইতালি সিঙ্গাপুর মালয়েশিয়া জর্ডান নেপাল শ্রীলংকা ইন্ডিয়া ইরাক বিশ্বের দেশেই আছেন
depressive,ভালোবাসা বাসি না করে কতক্ষণ হাল চাষ করালে বরং বেটার হয় ! বিরোধী কেউ থাকলে ম্যানশন করুন 
non_depressive,বাংলাদেশ আমরা শান্তি তেই আছি
depressive,আমি সময় অনুমান করি আমি কোন কারণে অসন্তুষ্ট।আমি সময় অনুমান করি আমি যেটা প্রয়োজন তাতে আমি সেটা করতে পারবো
depressive,সরকার চোখে এসব পড়ে নিউজ উনি চাইলে দলে ভালো কিছু করার নির্দেশ দিতে পারেন
non_depressive,কমেন্ট দেখতে এলে মানুষ গুলার চিন্তাধারা কেমন বুঝা যায়
depressive,ভাই বর্তমানে লক্ষ্য লক্ষ্য পরিবারের এমন অবস্থা সারা দেশে।
depressive,এখানে ছেলেটার অসুস্থতা বাদে প্রত্যেকটা কাহিনী আমার জীবনের সাথে মিলে যায়।
depressive,জীবনের অজানা সময়ে আমি আরও কঠিন সময় পাচ্ছি।
non_depressive,এটাই আমাদের বাংলাদেশ জয় বাংলা
depressive,দেশের বিশিষ্ট দুই ভদ্র মহিলা যা শুরু করছে এদের চেলা পেলা গুলা আরও কুত্তার লেজের চাইতেও খ্রাপ দুই গ্রুপের অবস্থা দেখলে মনডা চায় ফালাইয়্যা ওখানে থাবড়াই যতসব গাজা খুরী কথাবার্তা এত জুতাপেটা পাবলিক করে তাও লজ্জাহীন আবালের দল আবার চেটের বালগো বড় কথা 
depressive,চলে যাওয়া বিষয়।। অন্য কারও হাত ধরে চলে যাওয়া ভিন্ন বিষয়। তাও কেন জানি মনে হয়।।তুমি এতটাও খুশি নওতাও কেন চলে গেলা
non_depressive,ঘুম আর মৃত্যু ভাই ভাই শধু মাত্র ব্যবধান এটাই ঘুম ভাঙলে সকাল না ভাঙলে পরকাল
depressive,মায়ের থেকে মাশির দরদ বেশি
depressive,মূল্যবোধের অবক্ষয় রোধে শিক্ষা ব্যর্থ কেন ? ড মুহাম্মদ রেজাউল করিম : 
non_depressive,চামচামির সিমা থাকা দরকার
depressive,এটা আমাদের জন্য দুঃখজনক এমন চলতে থাকলে ইন্ডাস্ট্রি ধ্বংস হয়ে যাবে
depressive,আমি সারাক্ষণ নিস্ਤজ লাগছি
depressive,জীবনের অনিশ্চয়তা সবসময় আমাকে নিরাপদ অনুভব করতে দেয়।
depressive,বাসের ড্রাইভার যদি মরে মেরে ফেলাদের জোর দাবি জানাচ্ছি
non_depressive,এদের অস্ত্রের লাইসেন্স দিল তাদের আইনের আওতায় আনা উচিত সবার আগে।
non_depressive,আমি তিনবার ভেকসিন নিয়েছি আলহামদুলিল্লাহ বিসমিল্লাহর সহিত
depressive,ডিপ্রেশনটা এমন একটা জিনিস যার সাথে ঘটে সেই বুঝে
non_depressive,মহা গুরুত্বপূর্ণ সংবাদ যাহা দেশ জাতির জন্য মহা মূল্যবান
depressive,মনের অজান্তেই চোখ দিয়ে পানি পড়াতে লাগলো
non_depressive,এখন আমাদের ক্ষতি পূরণ দেওয়া হোক।
non_depressive,কিভাবে বাঁচবে তার বাবা
non_depressive,", এই রোদ , এই বৃষ্টি এই গুলো কার সৃষ্টি ভেবনা একবার ! এই ঝরনা , এই নদী চলছে বহে নিরবধী আল্লাহু আকবার ! এই দুস্ত , এই দুশমন এইতো পর , এই আপন থাকে একাকার ! এই কান্না , এই হাসি দেখতেও যে ভালবাসি আল্লাহু আকবার ! "
non_depressive,টাকা বাড়িয়ে টাকা কমালো
depressive,এখন আমাদের খেয়ে মরতে হবে আল্লা রসতে সরকার আপনি নিয়োন্তন করেন
depressive,একসময় ডিপ্রেশনে ছিলাম আলহামদুলিল্লাহ এখন অনেক ভালো আছি
depressive,আমি মনে করছি কবর থেকে তুলা হচ্ছে
non_depressive,নাটক টার রিলিজ ডেট যদি জানাইতেন ভালো হতো
depressive,মুছে দিয়ে যাও যত বেদনা তুমি ময় হোক সময় চলো না 
non_depressive,আমার দেখা সেরা ফালতু ঈূঊটুবার তার ভিডিওতে ভালো কিছু আমি পাঈনা
depressive,"সিলেট সিটি নির্বাচনে এবার এমন অনেক কিছুই ঘটছে , যা সিলেটের মানুষ আগে কখনো দেখেনি । নির্বাচনকে কেন্দ্র করে ধরপাকড় , তল্লাশি , হুমকি ধমকি , হামলা মামলা এ শহরে এই প্রথম । ৩০ তারিখ সারাদিন ধানেরশীষে ভোটদিন "
depressive,উন্নয়ন একমাত্র প্রবাসীদের অবদান সরকারের কাছে একটাই আবেদন প্রবাসীদেরকে সর্বোচ্চ সম্মান দেওয়া হোক
non_depressive,জরুরী রক্তের প্রয়োজন রক্তের গ্রুপ কাল সকাল দশটার মধ্যে আদ্ দীন মেডিকেল কলেজ হাসপাতাল মগ বাজার ঢাকা রোগীর বাবার ফোন নাম্বার দয়া করে রক্তদানে এগিয়ে আসুন রক্ত দিন জীবন বাঁচান : 
non_depressive,জীবন এবং নাটক দুটোই আলাদা কিন্তু নাটটির প্রতিটি লাইনি খুবই সুন্দর ছিল।
non_depressive, মৃত্যু আসবেই গতকাল সে আজ ও কাল আমি
depressive,অনেক কিছু সম্পর্কে অজানা হওয়া অনেক বেশি কষ্টদায়ক যেন হৃদয়ের মুখে একটা ঘুম পড়ে যায়।
non_depressive,"হে আল্লাহ ! তুমি আমাকে সকল ঘৃণিত স্বভাব , অবাঞ্ছিত আচরণ , কুপ্রবৃত্তির তাড়না ও রোগ ব্যাধি হতে দূরে রাখ । তিরমিযিঃ ৩৫১৫ "
depressive,রোগ নিয়ে আমাদের সারাজীবন বেঁচে থাকতে হবে কারন আমরা মধ্যবিত্ত
depressive,আপনারা শিক্ষা ব্যাবস্থা ঠিক করতে পারেন দক্ষতা অর্জনের উপযোগী শিক্ষা ব্যাবস্থা তৈরি করতে পারেন না। কিন্তু দোষ দেন শিক্ষার্থীদের।
depressive,লেখাটি পড়ে মনে হচ্ছে আমাদের জীবনের অন্ধকারে পড়তে একে অপেক্ষা করা আরও যত্ন বাড়ায়।আসুন দেশটাকে গিলে খাই ভাত উপর চাপ কমাই
non_depressive,ভারতের সকল মুসলমানদের বাংলাদেশ পাকিস্তানে পাঠানো হোক
depressive,বৃষ্টিতে আরামে এক্টু ঘুমাতে পারলাম না এই সকালে আম্মু বাজারে পাঠাইল তাও আবার মাছ কেনা লাগবে রুই মাছ । জীবনেও আমি মাছ কিনি নাই । 
depressive,টিকা দেওয়ার পরথেকে মাথা ব্যাথা কোমর বেথা সরাতেই পারছি না।
non_depressive,আওয়ামী লীগের নেতার কাছেই এরকম গান আছে। কিন্তু খোজ নেবে
non_depressive,দাম কমালে পচা পিয়াজ তোরা খাবে
non_depressive,ফারনাজ আপনার চেহারা মাশাল্লাহ খুব সুন্দর আল্লাহর ওয়াস্তে পরিস্কার করুন।
non_depressive,সুন্দর একটি নাটক উপহার দেবার জন্য টিমকে ধন্যবাদ
non_depressive,ড্রাইভারের ফাঁসি দেওয়া হলে ভালো হবে।
depressive,আমার অনিশ্চিততার মধ্যে হারিয়ে গেছে একটি নির্দিষ্ট গতি দিশায় যেতে পারে না।
depressive,সম্পর্ক আযানের সুরের মতো মধুর । সম্পর্ক ধর্মগ্রন্থের মতো পবিত্র । সেটা কখনো অবৈধ হয় না । মাঝেমাঝে মানুষ বিবেকবুদ্ধি সন্ধ্যাবাজারে দু পয়সায় বিক্রি করে নরকের বারান্দায় নৃত্যোৎসব করে । সম্পর্ক সৃষ্টিকর্তার দেয়া সেরা উপহার । মূর্খ
depressive,আমি সময় অনুমান করি আমি অন্যের জন্য অপরিচিত।আমি সময় অনুমান করি আমি যেটা প্রয়োজন তাতে আমি সেটা করতে পারবো
depressive,তুমি বুঝতে পারনি এটা তোমার ব্যর্থতা আমি তো আমার মনের কথাটা তোমায় বলেছিলাম 
non_depressive,এখানে ট্রাক ড্রাইভারের দোষ বুঝলাম না। বাইকার নিজেই নিয়ন্ত্রণ হারিয়ে ট্রাকের নিচে পড়েছে।
non_depressive,এদেরকে কঠিন শাস্তি দেওয়া উচিত যাতে এমন কাজ কেউ সাহস পায়
non_depressive,নিউজ করে লাভ নেই ধরে নিবে কিন্তু মাস পরে ছেরে দিবে।
non_depressive,এদের দুজনের নাটক আসলেই অসাধারণ কেউ যদি লাইক দেন তাহলে আবার নোটিফিকেশন পেয়ে নাটকটি দেখতে আসবো আবার
non_depressive,শীতের সবজি গুলো বারো মাস একি দাম থাকে
depressive,জীবনের অজানা পথে আমি একটি হারিয়ে গেছে মনে হয়।টাকা থাকলে শান্তিতে মরাও যায় ভাই। এটাই সত্যি
depressive,"আগে শুনতাম ছেলেরা নাকি মেয়েদের কাছে ছবি চায় । আর এখন কোনো মেয়ের সাথে ২ মিনিট চ্যাটিং করার পরেই ছবি চাওয়া শুরু করে দেয় , আর না দিলেই বলে ভাব দেখাই । কি দিন আইলো রে বাবা । জীবনটা একদম ঝালা ফালা বানাই ফেললো । "
non_depressive,"নিজেকে কখনো খারাপ ভাববেন না , কারণ সেটা ভাবার জন্য আপনার প্রতিবেশীরা আছেন"
depressive,স্বার্থক জন্ম জন্মেছি দেশে গাড়ীর চাপায় মানুষ মারে মন্ত্রী সাহেব হাসে কষ্ট দিবিরে তোরা
depressive,তোমার গুরুত্ব বুঝে তাকে তুমি গুরুত্ব দাও যার কাছে তোমার মূল্য নাই তার থেকে দূরত্ব বাড়াও
non_depressive,আজকে অনেকদিন আপনার ভিডিও দেখে হাসলাম ধন্যবাদ
non_depressive,এটা নিয়েও নিউজ করতে হবে।
depressive,স্বার্থক জন্ম আমরা জন্মেছি দেশে রাস্তায় মানুষ মরে মন্ত্রী সাহেব হাসে হায় আফসোস কান্না সারা দেশেরএত অস্বস্তি
depressive,"আগামী ৯ ই আগস্ট কৃষক দের ঋন মকুব , ফসলের উৎপাদন খরচের দেড়গুণ বাড়তি দাম ও কৃষক ক্ষেতমজুরদের ভাতার দাবীতে সারা দেশে কৃষকসভার ডাকে জেলায় জেলায় জেল ভরো আন্দোলন । তারই প্রচার বেলিয়াতোড়ের সামন্তমারা গ্রামে । "
non_depressive,বিখ্যাত হবে আন্টি কুখ্যাত হবে
non_depressive,হাম পাগল নেহি হে ভাইয়া হ ্যাঁ কিন্তু অন ্যদের পাগল করার ক্ষমতা রাখি
depressive,"আজ দুপুরে মহাখালী তে দেখলাম , ট্রেনের ধাক্কায় একটি মৃত্য লাশ পরে আছে । আইনশৃঙ্খলা বাহিনীর পাশে ডিউটি করছে । কিন্তু , লাশটি সরানোর মতো মানুষ নেই । এখন বুঝতে পারছি সেই ৫টি মিনিট এ অনেক কিছু শিখে পেলছি । "
non_depressive,স্বপ্ন সেটা নয় যেটা মানুষ ঘুমিয়ে ঘুমিয়ে দেখে ; স্বপ্ন সেটাই যেটা পূরনের প্রত্যাশা মানুষকে ঘুমাটা দেয় না এপিজে আব্দুল কালাম
non_depressive,সকাল সাড়ে ৮টায় সরেজমিনে দেখা যায় ক্ষমতাসীন দলের কর্মীরা কেন্দ্র দখল করে নৌকা প্রতীকে সিল মারছে । মাত্র আধা ঘণ্টার মধ্যে নৌকা প্রতীকে পড়েছে ৫৬টি ভোট । ব্যালটের কয়েকটি অবশিষ্ট অংশে মুড়ি দেখা যায়নি ভোটদাতাদের টিপসই বা স্বাক্ষর : 
depressive,"আগামীকাল সিলেটের নির্বাচনে যদি কোনো মৃত ব্যক্তি ভোট দিতে আসে , প্লিজ তাকে ফেরৎ যেতে দিবেন না । হয় গনধোলাই দিবেন , নয় তো জাপটে ধরে বাড়িতে নিয়ে যাবেন । আর বরিশালে এবং রাজশাহীতেও মৃত ভোটাররা ভোট দিতে আসবেন । ইচ্ছা করলে স্বজনরা কেন্দ্রে এসে দেখা করতে পারবেন । "
non_depressive,অনেক অপেক্ষা করেছি ভিডিওটার জন্য। ধন্যবাদ স্যার
non_depressive,বেকারদের জন্য বেকারত্ব সমস্যা সমাধান নিয়ে একটি ভিডিও বানান ভাই।
depressive,"কিছু করার নাই , আওমীলীগের পুরান অভ্যাস চারতে পারে না , বাবা মেয়ে করছে এখন যদি নেতারা না করে দলে বদনাম হবে কয়লা যদি বাতাসের সাথে উরে যাইতে পারে ভোট তেমন গঠনা না"
depressive,পেরেমে পেরেমে সময়কাল চলে যাচ্ছে
depressive,দাম বাড়ে বাজারে। কিন্তু কৃষকরা কিন্তু লাপ পায় না। কৃষকরা চাষ করে নিজেরা চলতে পারে
depressive,মানুষ যখন নয় হতে পারে মিস হইতে পারে এরকম কাজ করতে হয়
depressive,নাটক সাথে মিলে গিয়েছে আমার জিবন
non_depressive,ইউটিউমার সাংঘাতিকের সোদনে ফেইসবুকে ঘুরা কস্টকর
non_depressive,হেতেরা ভোটের সেন্টারগুলাতে আন্ধাইরে সিল মাইরাও কামিয়াব হইতে পারে নাই সিলেটবাসী ভোট প্রদানে শত আতংকের মাঝেও পিছপা হয় নাই 
non_depressive,স্কুল কলেজ এমনি এমনি বন্ধ করে রাখছে
non_depressive,যাক ভালো হবে বাংলাদেশ একটি মুসলিম রাষ্ট্র হয়ে উঠবে
non_depressive,আলহামদুলিল্লাহ ভালো আছি আল্লাহপাক সবাইকে হেফাজত করুক আমিন
depressive,মনটা দিলেনা ভাল বেসে দুরে গেলে কাছে এলে
depressive,অসুস্থতা বেকারত্ব দুটোই কষ্টের।
depressive,তার লাভ নাই তার লাইফ টাই
non_depressive,দেনমোহর সর্বোচ্চ কতটাকা করা যাবে তার নির্দিষ্ট পরিমাণ উল্লেখ করে দেওয়া হোক
depressive,আমার ধারণা সত্য হলোআমার হার্ট সময় জ্বালা করে।অনেক ডাক্তার দেখালাম রোগ ধরতে পারছে না।
depressive,জ্ঞানের ফেরিওয়ালা সালাম তোমায় অভাগা এইদেশে জ্ঞান আহরণের সুযোগটুকুও নেই তোমারএত সার্টিফিকেট দিয়ে আমি করবো মনে চায় মরে যাই
depressive,চলিতেছে সার্কাস নির্বাচনের নামে জনগণের সাথে প্রতারণা করে তামাশার নির্বাচন চলতেছে পুলিশলীগ বাহিনীর সহায়তায় পুলিশলীগ যথেষ্ট জালভোট ও কারচুপির জন্য ঝৈ বাংলা ধাপ্পাবাজী সামলা 
non_depressive,দিন থেকে টিকা দিয়েছি সেদিন থেকে যৌন সম্সায় ভুগছি
depressive,লেখাটি পড়ে আমার হৃদয় জড়িত হয়ে গেছে এটি অত্যন্ত দুঃখজনক। কান্না সারা দেশের
depressive,"ছেলের বাপ পণ্য চাইলে জাতীয় অপরাধ কিন্তু , মেয়ের বাপ সরকারি চাকরি খুঁজলে সাত খুন মাফ ব্যাপারটা হলো দুটোই আন্তর্জাতিক ভিখারী শুধু ভিক্ষা করারা ধরণ টা আলাদা "
non_depressive,সিসি ক্যামেরার ফুটেজ দেখে বুঝলাম পাইবেটকারের দোষ
depressive,শিক্ষায় শিক্ষিত হয়ে কামলা দিতে হবে
non_depressive,এটাতে আসলেই উপকার ধন্যবাদ।।
depressive,ইউরোপ আমেরিকায় মানুষ শুকর খায় আমাদের দেশে খায়না । তাই যার যার কালচার সমাজ ধরে রাখা উত্তম । এটাও সত্য ইউরোপ আমেরিকায় ভদ্র মানুষ বেহাপনাকে ঘৃনা করে । যদিও ওরা কারো স্বাধীনতায় হস্তক্ষেপ করেনা । এবিষয়ে অনেক লেখালেখির মাধ্যমে জনসচেনতা বাড়ানো দরকার । 
non_depressive,আল্লাহ বাবা মাকে ধৈর্য দিন
non_depressive,এটা দুই ঘন্টা লিখিত এবং ঘন্টা মৌখিক নেয়া হোক
depressive,পীরের মুখে দাড়ি নাই মাথায় টুপি নাই তিনি নাকি আবার জাকের পার্টির হারামজাদা
depressive,বিষন্নতা রোগের আমরা ভালো চিকিৎসা পাব কোথায় যদি কোন ভাইয়ের জানা থেকে তাহলে আমাকে অবশ্যই জানাবেন
depressive,"মানব , তোমার কাফনের কাপড় বাজারে এসে গেছে ! আর তুমি এখনো বেখেয়াল । "
non_depressive,দেশে কোনো সাধারণ নাগরিকের দাম নেই বললেই চলে
non_depressive,প্রথমে ডেকে ডেকে টিকা দিলো এবার বলে কথা। টিকা দেয়ার আগে সাইড ইফেক্ট গুলো সম্পর্কে বলা উচিত ছিলো।
non_depressive,ম্যানেজমেন্ট গাজা খাইছে
depressive,"নিজের স্বপ্ন গুলো গলাটিপে খুন করে বলে ভাল আছি , ছেলেটার নাম মধ্যবিত্ত । "
non_depressive,এখানে শুধু হাড় দেখা যাচ্ছেমাংস
non_depressive,ইংরেজীতে লিখা এই পত্রটি দ্বারা বিভোদানন্দ সরস্বতী রুগ্ন সেবা কেন্দ্র বাংলাদেশ এবং পশ্চিম বঙ্গের পাশ্ববর্তী রাষ্ট্রের চিকিৎসা সেবা নিতে আসা রোগীদের বিনা মুল্যে আবাসিক ও খাবার ব্যবস্থা করবেন মর্মে পরিপত্র জারী করেছেন । এটা সম্পু্র্ণ বিভোদানন্দ সরস্বতী রুগ্ন সেবা কেন্দ্র এর নিজস্ব 
non_depressive,আলহামদুলিল্লাহ অনেক ভালো আছিআল্লাহ কাছে শুকরিয়া।
depressive,"আজ এয়ারপোর্ট রোডে পাল্লা দিয়ে বেপরোয়া গতিতে আসা বাসের ধাক্কায় ৪ ছাত্র ছাত্রী নিহত , উত্তেজিত জনতা ব্যাপক ভাংচুর করেছে ! এই ভাংচুর কেন জানেন ? কারন এই অপরাধে ড্রাইভারের তেমন কোন সাজা হবে না । বিভিন্ন দেশে এক্সিডেন্ট হয় ভাংচুর হয়না কারন সেখানে আইন প্রয়োগ হয় । "
depressive,আমি জীবনের কষ্টের মধ্যে নিজের আত্মবিশ্বাস হারিয়ে গেছি যেখানে আশা একটি অসম্ভব শক্তি ছিল।অনেক দিন ধরে আমি অশান্তির মধ্যে ভুগছি।
non_depressive,আল্লাহ তুমি প্রতিটি বাবা মার সন্তানকে হেফাজত আমিন
non_depressive,বাংলাদেশের নম্বর চ্যানেল নম্বর রিপোর্ট বিবিসি বাংলা
non_depressive,জাতীয় বিশ্ববিদ্যালয়ের শিক্ষাপদ্ধতির সমস্যা সম্ভাবনা ক্ষতিকর প্রভাব সম্পর্কে একটা ভিডিও চাই ভাই।
non_depressive,গানটার নাম। এছপাছগুলি করলে বেশি দুরে জায় না।
depressive,হতাশ আমি খুবই হতাশ
non_depressive,পৃথিবীর কোন কিছুই স্থায়ী নয়।
non_depressive,অচেতন করার মেডিসিন গুলা পাই কোথায় সেগুলো তদারকি করা উচিৎ
non_depressive,এরা কারা প্রথম দেখলাম চিনিনা এদের এরা করলো করলো তাতে মিডিয়ার আসে যায় সমস্যা হলে থানা দেখবে
depressive,ভ্যাট ট্যাক্স বেসি তাই জিনিসের দাম বেসি
non_depressive,কপাল করে বাংলাদেশে জন্ম নিয়েছি বলতে হয়।তা হলে এমন মজার মজার নিউজ গুলা মিছ করতাম।
depressive,জীবনের প্রতিটি দিনে আমি হারিয়ে যাচ্ছি আমার জীবন শূন্যের মধ্যে থাকতে লাগছে
depressive,জ্ঞানের ফেরিওয়ালা সালাম তোমায় অভাগা এইদেশে জ্ঞান আহরণের সুযোগটুকুও নেই তোমারএত সার্টিফিকেট দিয়ে আমি করবো মনে চায় মরে যাই
depressive,কিছু বাবা শুধু জন্ম দিতেই জানে সন্তানদের কখনোই বুঝে
non_depressive,আল্লাহর উপর ভরসা রেখে টিকা নেইনি এখন দেখি ভালই করছি
non_depressive,জুনিয়রদের ছন্দে ফেরার এটাই উত্তম সুযোগ দেখছেন টি টোয়েন্টি দলের অধিনায়ক সাকিব আল হাসান । : 
depressive,যতদিন যাচ্ছে নানা নানা নাটক দেখা যাচ্ছে বাংলাদেশের প্রশাসনকে হাতে চুড়ি পড়ে বসে থাকে তাই যদি থাকে তাহলে মানুষ সাহস পায় ভাবে
non_depressive,জীতলো কোন টিম সাংঘাতিক ভাই
depressive,আমার জীবনের কঠিন সময়ের অবসান হবে কবে যানি
depressive,নতুন করে দেবে।কিন্তু বাবার সৃতি ভেঙে ফেললো।
non_depressive,ওদের জামিন দিয়ে দেশ অলংকৃত করবেন না।
non_depressive,মূল সমস্যা হলো অর্থ কিছু
non_depressive,নিজেকে কখনো অপদার্থ ভেবে থামিয়ে রেখো না ! কারণ নষ্ট ঘড়ি টাও দিনে দুই বার সঠিক সময় দেখায় ! 
non_depressive,দেশের বিশিষ্ট দুই ভদ্র মহিলা যা শুরু করছে এদের চেলা পেলা গুলা আরও কুত্তার লেজের চাইতেও খ্রাপ দুই গ্রুপের অবস্থা দেখলে মনডা চায় ফালাইয়্যা ওখানে থাবড়াই যতসব গাজা খুরী কথাবার্তা এত জুতাপেটা পাবলিক করে তাও লজ্জাহীন আবালের দল আবার চেটের বালগো বড় কথা 
depressive,ফাইজারের টিকা দুই ডোজ দেওয়ার পরে আবার টাইম মেমোরি প্রচন্ড মাথা ব্যাথা হয় আমি এখনো ভুক্তভোগী
depressive,তোমাদের প্রতিযোগিতার ফলাফল হিসেবে আমরা আমাদের মৃত্যু মেনে নিয়েছি ! 
depressive,"ব্যালট বইয়ে পুরোটাতেই নৌকায় সিল ! গনতন্ত্র শব্দটা উঠিয়ে দিলেই তো হয় , কি দরকার এতো এতো লোক দেখানো নির্বাচন দেওয়ার ? আওয়ামী শুয়োরের বাচ্ছারা কোন দিন ও কি মানুষ হবে না ? শেখ মুজিবুর রহমানের স্বপ্নে কি ভোট চুরি ও ছিলো নাকি ? আওয়ামীলীগ কে না বলুন : "
non_depressive,আল্লাহ পাক সবাইকে আপনার হেফাজতে রাখেন আমিন
non_depressive,ডাক্তার প্রফেসর দ্বীন মোহাম্মদ স্যার এবং নিউরোলজিস্ট আছে বিষয়ে পিএইচডি করা দরকার।
depressive,"আমি যখন তার দূয়ারে ভিক্ষা নিতে যাই তখন যাহা পাই , সে যে আমি হারাই বারে বার "
non_depressive,অভিনন্দন এর পর প্রথম এশিয়ার বাইরে সিরিজ জয় । 
non_depressive,"বিজেপি বাঙালি কে চায়না বাঙালি বিজেপি কে চায়না ৪০ লক্ষ বাঙালি রাতারাতি উদ্বাস্তু , বাঙালি কি জিনিস জানবে নরেন্দ্র মোদি বাঙালিকে ঘেন্না করা বিজেপি দূর হ বাংলা থেকে ১২বছরটিএমসিএস ২১০হাজারটিএমসিএস বাঙালিজিন্দাবাদ বাংলাজিনদাবাদ তৃণমূলকংগ্রেসজিনদাবাদ দিদিজিনদাবাদ"
non_depressive,শর্টগান লীগ খবর চোখে পড়ে না।
non_depressive,হুম যারা যেতে চায় তাদের নিয়ে দেশ একটু ভারত মুক্ত হোক
depressive,আমার ছোটবেলা কখনই এমন ছিলো তখনও চার দেয়ালের মাঝে আজও আছি একই সাঝে
non_depressive,"কবি নজরুল এইযে কবি , চ্যাংড়া ছেলে , লিখছো কি সব বাজে বাদ দিয়ে দাও পাগলামি আর মন দিয়ে দাও কাজে । হালের কবি , বালের কবি , দেখছি এদের কত পারবে নাকি হতে তুমি , রবী কাজীর মত ? ছন্দ ছাড়া , গন্ধে ভরা , লিখছো কি সব বাছা তারচে এবার নাও শিখে নাও , মেলায় পুতুল নাচা । "
depressive,বিষন্নতা বলতে কিছুই সবই টাকা পয়সা থাকার কারণ
non_depressive,আলহামদুলিল্লাহ ভাই যাএম্নেই ইউরিন খোর দের নিয়া অস্থির বাংলাদেশে
depressive,দৃর্ঘ বছর ধরেই ডিপ্রেশনে আছি।কবে মুক্তি পাব সেটা আল্লাহ পাকই ভাল জানেন।
non_depressive,আলহামদুলিল্লাহ আল্লাহ সুস্থ রাখছে
non_depressive,বাংলাদেশের এমন আছে পাকিস্তানের চেয়ে ভালো
non_depressive,বিশ্লেষণ করার ভাষা নাই কথায় অসাধারণ
non_depressive,ব্যাচেলর নাম মধ্য কয় বাচ্চাদের বাপও আছে আবার ছাত্রছাত্রীদের পাশাপাশি মাদক ব্যবসায়ীরাও আছে
depressive,দেশের সিনেমা বিশ্বের সাথে তাল মিলিয়ে চলতে পারেছে নানা জানে কথা বলতে জানে উপস্থাপন করতে তাই অবস্থা
non_depressive,পুলিশের কাছ থেকে আসামি ছিনিয়ে নিয়ে ভাল করেছেআইন দ্রুত্ব বিচার করতে পারতো নানয় হতোজনগন ঠিক কাজ করেছে
non_depressive,নোবেল দেওয়া উচিত। বুদ্ধি গুলো যদি পড়াশুনা করে ব্যবহার করতো তাহলে অনেক হতো
depressive,"ছাএদল ও একটা সংগঠন ! তেইল্লাচুরা ও একটা পাখি ; ক্ষমতা হারাইলে যেমন ছাএলীগের চেলা পেলা গুলারে খুজে পাওয়া যাইতো না , ঠিক তেমনি করে ছাএদলকে ও এখন খুজে পাওয়া যাচ্ছে না বলে রাখি ছাএদল ঈদের পর তুখার আন্দোলনে নামবেআর রাজপথ ও দখল করবে তাই এখন রেস্টে আছে"
depressive,টিকা নিয়ে আগের চেয়ে অসুস্থ বেশি হচ্ছি
depressive,প ্যারা কাকে বলে এই বইগুলো তার উদাহরণ অলরেডি ২বছর এসব পড়ছি আবার ৩ বছরের জন্য পড়তে হবে পরির জীবনটা শেষ 
depressive,এটা পরীক্ষা মনে হচ্ছে পাগলামি করা হচ্ছে। বাচ্চা গুলোর ভবিষ্যৎ অন্ধকার করা হচ্ছে।
non_depressive,আসুন সবাই কিছুদিন পিয়াজ কিনা বন্ধ করিতাহলে গুরুর মাংসের সিন্ডিকেট ভেংগে যাবে
depressive,আমার অতীতের কিছু হারিয়ে গেছে অসংখ্য নীরব হয়ে গেছে।
depressive,আরব কান্ট্রিতে দেখা যাচ্ছে দুজন পুলিশ বাংলাদেশের সমান সমান হাজার পুলিশের সমান ভূমিকা পালন করে
non_depressive,৩০ জুলাই সারাদিন নৌকা মার্কায় ভোট দিন । 
non_depressive,যেমন অবস্থায় থাকুক কেনো সাবর্দা আলহামদুলিল্লাহ বলে এগিয়ে যান আপনি ভালো থাকবেন।। আপনি আপনার তাহলে এতো বিষন্ন হওয়া যাবে না।
non_depressive,এতো উন্নয়নের জোয়ারে কিছুর দাম বেড়ে যাচ্ছে
depressive,প্রিয় মানুষ আমার কাছে নেই। থাকলে থাকে নিয়ে নাটকটি দেখতাম অসাধারন একটা নাটক হইসে
non_depressive,বাংলাদেশ পুলিশ কোথায় এরা এসব দেখে
non_depressive,ভালোবাসার মানুষের গায়ের গন্ধ অক্সিজেনের কাজ করে। ভালোবাসার শক্তি অনেক। বৃষ্টিতে ভিজা প্রিয়জনের সাথে অনেক মধুময়।
non_depressive,চোরের দেশে থেকে ভাল আশা করেন
non_depressive,সীমান্ত বাহিনী আছে কিসের জন্য গাঁজা চাষ করার জন্য নাকি
non_depressive,কথা আমার অনেক আগেই আমাকে জানিয়ে দিয়েছে জন্যই টিকা দেইনি।
non_depressive,জাতীয় স্বার্থে জরুরি সম্বাদ দিলি সিউদানির বাই। অথচ ফরিদপুর নিয়ে মেইনস্ট্রিম মিডিয়া নীরব
depressive,মায়ের থেকে মাশির দরদ বেশি
non_depressive,ধন্যবাদ অমিত শাহ
non_depressive,সবসময় শোনা যায় সমস্যা। বিমান কর্তৃপক্ষ চাইলে ইয়ারপোর্টের সমস্যা সমাধান সম্ভব।
non_depressive,শেষ কিছুদিন। চরিত্রে আনকমন অভিনয় ইয়াশ রোহান ভাই এবং তানজিম সাইয়ারা তটিনী আপু বাকি সবার দ্বারা দেখে সত্যি ভালো লাগলো ধন্যবাদ
depressive,সময় চলে গেছে এবং চলছে চলতি জীবনের গল্প বলছে পাল্টে গেলি তুই আমিও পাল্টে গিয়েছি মাঝ পথে হাতে হাতে বন্ধু কি খবর বল কত দিন দেখ হয়নি 
non_depressive,দিকে সিলেটে প্রতিদিন বৃ্ষ্টি হচ্ছে আলহামদুলিল্লাহ
depressive,দ্রব্যমূল্য নিয়ে চলছে সমালোচনা কোন কিছুতেই কমছে একআনা বাজার নিয়ন্ত্রণের দায়িত্ব কার নিয়ে প্রশ্ন সবার
depressive,"নিজের জামাইকে এত্ত ভালোবাসমু যেন , পাশের বাড়ির ভাইয়া গুলো আফসোস করে বলে ইস ! আমি যদি তার জামাই হতে পারতাম ! "
depressive,বেকারত্ব নিয়ে সরকার ভাবে একদিন কাল হতে পারে
depressive,সিলেটে টি ভোট কেন্দ্রে রাতেই ব্যালটে সিল মারা হয়েছে
non_depressive,"আজ দুপুরে ভাত খাবার পর শরীলটা হঠাৎ করে অনেক খারাপ লেগে ছিল , আলহামদুলিল্লাহ বিকালের দেখে । আবার ঠিক হয়ে পড়ে ! "
depressive,একটা নিউজ চেনেল কতো নিচে নামলে টিকটকারদের নিউজ করে
non_depressive,লোকটাকে হিরো বানিয়েছে বাপকে জেলে দেওয়ার দরকার
non_depressive,বাইকের স্পিড মনে উপরে ছিল তাই বাস বাইকের সংঘর্ষ
non_depressive,আল্লাহ সবার প্রতি রহমত করুন আমীন
non_depressive,হিন্দু দাদা দিদিদের ইদের দাওয়াত দিলাম শেষবারের মতো দেখতে পারবেন দেশে মিস করবো আপনাদের
depressive,আমরা এমনই মুসলিম যারা নাটক সিনেমার ইমোশনাল কোন অভিনয় কিংবা গান শুনে কান্না করে দিই কিন্তু আফসোস কুরআনের সুর আমাদের অন্তরে কোন প্রতিক্রিয়া সৃষ্টি করেনা 
non_depressive,হয়তো তাদের ব্লগের একটা অংশ
non_depressive,"পাগলা হাওয়ার বাদল দিনে পাগল আমার মন জেগে ওঠে , চেনাশোনার কোন বাইরে যেখানে পথ নাই , নাই রে সেখানে অকারণে যাই ছুটে ঘরের মুখে আর কি রে কোন দিন সে যাবে ফিরে যাবে না যাবে না দেয়াল যত সব গেল টুটে সুন্দর হোক আজকের দিনটা "
depressive,যেখানেই যাই তোমার স্মৃতিগুলো ভীষণ মিস করবো।ভালো থেকো আমার হওয়া সংসার
non_depressive,ইনসা আলা।এই নাচতিক দের বিচার হবে।
non_depressive,আপনার বেশির ভাগ কথাই আমার সাথে মিল আছে
non_depressive,নাটক অনেক সুন্দর লেগেছে ভাইয়া বিষেশ করে গানটা দেয়াতে Feelings আরো বেড়ে গেছে।নাটক কেমন যেন একটু অসম্পূর্ণ রয়ে গেল the way শেষ অন্য রকম হতে পারত
non_depressive,আলেমদের ওয়াজে শুনেছি রাসুলুল্লাহ সাঃ বলেছেন কুলক্ষণ ছোঁয়াচে বলে কিছু নেই।
depressive,"বাঙ্গালী চুমু দেখিলে সেক্স ভাবে আর এক্স দেখে ভাবে রোমান্স । একারনে ৯ মিনিট , ২৯ মিনিট ভিডিওর পোষ্টের নিচে লিংক হবে ? কমেন্ট করতে থাকে । ধর্ষণের বিচার চাই পোষ্টের নিচে পোষাক নিয়ে প্রশ্ন করে । আবার ওড়না বিহীন মেয়ের ছবির নিচে যেয়ে কমেন্ট করে , "
depressive,সন্ত্রাস ঘরে ঘরে বাইরে গেল বুঝলাম ব্যাপারটা কি।।।।। সরকারের এগুলি পদক্ষেপ নেওয়া উচিত
non_depressive,"হে আল্লাহ ! তুমি আমাকে সকল ঘৃণিত স্বভাব , অবাঞ্ছিত আচরণ , কুপ্রবৃত্তির তাড়না ও রোগ ব্যাধি হতে দূরে রাখ । তিরমিযিঃ ৩৫১৫ "
depressive,এটা নতুন কিছু নয় এটা আমাদের বাংলার দামাল ছেলে এদের কেউ কিছু কলার নেই
non_depressive,অাহা ! গভীর গহী নের নিঃশব্দ সুর সা থে অাঁধা রের ঘ্রাণ ! 
depressive,যারা গুরুতর বিষন্নতায় আক্রানতো তাদের অবশ্যই ঔষধের মাধ্যমে চিকিৎসা করানো প্রয়োজন।
non_depressive,"সিলেট সিটি নির্বাচনে ধানেরশীষের সমর্থনে সর্বশেষ গনসংযোগে বিএনপি চেয়ারপার্সনের অন্যতম উপদেষ্টা , সিলেট ১ আসনের মা , মাটি ও মানুষের নেতা খন্দকার আব্দুল মুক্তাদির ভাই । "
depressive,কিছু বললেন সবকিছু মিলে যাচ্ছে আমার সাথে।আমার হবে ভগবান ছাড়া কেউ জানেনা।
depressive,মানুষ বাঁচুক বাঁচুক তাতে কার এসে যায় চাইলে দেশে থাকেন চলে যান এমন কথা কেউ বললেও অবাক হওয়ার কিছু নাই
depressive,তোদের টাকা ভাবেই শেষ হয়ে যাবে
non_depressive,দেশে খবর অভাব পরছে নাকি
non_depressive,তাদের প্লানেই এইটা ছিলো আগে থেকেও আন্দাজ করেছিলাম
depressive,আল্লাহ এদের হেদায়েত করুন জুমার দিন মসজিদেও এসব প্যান্ট পরে আসতে এদের লজ্জা করেনা
depressive,এখন আমার ভালো থাকা আমার উপর নেই এখন আমার আমি বাঁচে ঘিরে তোমাকেই
depressive,জীবনের অজানা সময়ে আমি আরও কঠিন সময় পাচ্ছি।অনেক দিন ধরে আমি অশান্তির মধ্যে ভুগছি।
non_depressive,আলহামদুলিল্লাহ। ভালোই আছি টিকা নিয়ে
non_depressive,বিরিয়ানির প্যাকেট দিলে টাকা উঠে আসবে
non_depressive,যেমন অবস্থায় থাকুক কেনো সাবর্দা আলহামদুলিল্লাহ বলে এগিয়ে যান আপনি ভালো থাকবেন।। আপনি আপনার তাহলে এতো বিষন্ন হওয়া যাবে না।
non_depressive,"রাজধানীর চারদিকে এলিভেটেড রিং রোড় নির্মাণ করা হবে প্রধানমন্ত্রী শেখ হাসিনা । ঢাকার যোগাযোগ ব্যবস্থার উন্নয়নে এবং যানজট নিরসন কল্পে তাঁর ভবিষ্যৎ পদক্ষেপের প্রসঙ্গ উল্লেখ করে বলেছেন , সমগ্র ঢাকাকে ঘিরে একটি এলিভেটেড রিং রোড নির্মাণের পরিকল্পনা তাঁর সরকারের রয়েছে "
non_depressive,"সুতরাং যদি কেউ মু মিন হয়ে সৎকর্ম করে , তবে তার কর্ম প্রচেষ্টা অগ্রাহ্য হবে না এবং নিশ্চয় আমি তা লিখে রাখি । সূরা আম্বিয়া ২১ , আয়াত ৯৪ "
non_depressive,অদ্ভুত করে নতুন নাতো হুমায়ূন আহমেদ নাটকের দৃশ্য।
depressive,সাংঘাতিকদের যখন নিউজের অভাব
depressive,ভদ্রলোক নিকোটিন ছাড়ার আশায় নিকোটিন গাম খাওয়া শুরু করলেন । কিন্তু এখন তিনি নিকোটিন গামে আসক্ত হয়ে পড়েছেন । নিকোটিন গাম ছাড়ার জন্য কি করতে হবে সে চিন্তায় তিনি আবার সিগারেট ধরলেন । নিকোটিন চক্রের শেষ নেই । হারকিউলিস
depressive,দাঁত মাইজা ১ লক্ষ ৪২ হাজার মেক্টিকটন কয়লা শেষ করছত এই জন্যে তোর দাত এত সুন্দর 
non_depressive,"যে ব্যক্তি এসব গুনাবলী অর্জন করবেন , নিশ্চয়ই আল্লাহ তায়ালা তার জন্য বেহেশতের পথ সহজ করে দিবেন । জাযাকাল্লাহ : "
non_depressive,বাংলাদেশের টাকা দিয়ে ভারতের ঘাটতি পুরণ হচ্ছে
non_depressive,আলহামদুলিল্লাহ এইবার উপরে গিয়া বাইক চালা ব্রো চিল
depressive,লক্ষ্মণ গুলো আমার সাথে মিলে গেছেআমার জীবন প্রতি মায়া উঠে গেছে
non_depressive,"মানুষের আসল রঙ তো মনের ভিতর , বাহিরের রঙ তো মরিচিকা যা একদিন ফুরিয়ে যায় । "
non_depressive,শীতকালে নেতারা কম্বল বিতরণ করেতাপপ্রবাহে এসিচার্জার ফ্যান বিতরণ করে কেন
depressive,"কিছু করার নাই , আওমীলীগের পুরান অভ্যাস চারতে পারে না , বাবা মেয়ে করছে এখন যদি নেতারা না করে দলে বদনাম হবে কয়লা যদি বাতাসের সাথে উরে যাইতে পারে ভোট তেমন গঠনা না"
non_depressive,তটিনী ইয়াশের নাটক অসাধারণ
non_depressive,এটা শুধু আমাদের সোনার বাংলাদেশে সম্ভব
depressive,রোগ নিয়ে আমাদের সারাজীবন বেঁচে থাকতে হবে কারন আমরা মধ্যবিত্ত
depressive,সমস্যাই চাইতে বেশি ভুগছে প্যবাসিরা। তার মাঝে আমি জন।
non_depressive,লাইফ এরাই কাটাচ্ছে আমরা পৃথিবীতে এসেছি এনআইডি কার্ড সার্টিফিকেট জন্ম নিবন্ধন ভুল সংশোধন করতে।
non_depressive,সবাই ছাত্রলীগ করো জয় বাংলা
non_depressive,"পৃথিবী আরো আনন্দময় হতো , যদি মোবাইলের চার্জ কোন দিন শেষ না হতো কারেন্ট ফেক্ট"
depressive,কিচ্ছু হবে না। বাপ হয়ত নিজেই আওয়ামী নেতা। অথবা কোন আওয়ামী নেতাকে ধরবে। পুলিশ টাকা খাবে। কেস শেষ।
non_depressive,চোর ছোট চোরের প্রশংসা করে।
depressive,সময়ের চেয়ে ক্ষমতার মূল্য বেশি
depressive,একজন করে ভোট দেবার সুযোগ পাচ্ছে সরকার ভোটাধিকার প্রয়োগের সব্বোর্চ্য সুযোগ দিছে সার্টিফিকেট দিয়ে আমি করবো মনে চায় মরে যাই
non_depressive,সমস্যার ট্রিটমেন্ট হিসেবে বীটরুট বেশি বেশি করে খান।
depressive,টেস্টে বাজে খেলায় খেলোয়াড়দের অশ্লীল ভাবে গালি দেয়া ছেলে মেয়ে গুলার মূখে এখন প্রসংশা ফুল ফুটে অদ্ভুত
non_depressive,টাকা বাড়িয়ে টাকা কমালো
depressive,ছোট্ট পৃথিবীতে আমি দুইটা দেশকে বেশি ঘৃণা করি
non_depressive,মাশরাফির যে ভাবনা বদলে দিল পুরো ম্যাচ : 
depressive,ছিঃ এভাবে টাকা খেয়ে নিজের মাতৃভাষার বদলে অন্যভাষা প্রচার করা ধীক্কার জানাই বাংলা খেয়ে হিন্দির প্রচার
depressive,চৌধুরি বংশের মেয়ে কে বিয়ে করলে অন্তত একটা ডায়লগ মারা যাবে আব্বে ওই চৌধুরি সাহেবের মাইয়া চৌধুরি সাহেব কে বলিস আমি গরীব হতে পারি কিন্তু আমার মন টা গরীব না
depressive,খোজ নিলে দেখা যাবে বাসের ফিটনেস রুটপার্মিটও চালকের ড্রাইভিং লাইসেন্স নাই ।।।।।।
depressive,আমাদের দেশে শেখানো হয়। বাস্তবে তার প্রয়োগ নাই। জন্যে শিক্ষিত বেকারত্ব বেশি।
non_depressive,মারহাবা ডিজিটাল বাংলাদেশের ডিজিটাল চিকিৎসা
depressive,ডিপ্রেশন মানুষের জীবনকে একেভারেই শেষ করে দেয়
non_depressive,সাধারণ মানুষ খারাপ। খেতে যায় কেনো।সব গুলো ছোছা জীবনে খায়নি
depressive,যখন আমার খারাপ থাকে তখন আমি ভিডিও দেখে ভালো করি
depressive,"কয়লা চুর এবং কম্বল চুর এক দলেরই , চুরের পদ্রীপ ঠিকি আছে শুধু জিনিসের নাম পরিবর্তন কয়লা থেকে কম্বল"
non_depressive,আমার দাদার সাথে এমন ঘটনা হয়ছিল। এটা খুব মর্মান্তিক এমন কবিরাজদের কঠিন শাস্তি দাবি করছি।
depressive,বাসের তলায় পিষছে মানুষ হাসছে নরপিশাচ তিন তিনটা লাশ পরেছে কির পোলা লাশ চাস
depressive,মানুষ যখন পরাজিত হয়ে যায় যেকোনো বিষয়ে তখন বিষণ্ণতায় ভোগে বিষন্নতার ঔষধ হারিয়ে যাওয়া পজিশন ফিরে পাওয়া ডক্টর লাগবেনা
depressive,লেখাটি পড়ে মনে হচ্ছে জীবনের অন্ধকারে পড়লেও প্রত্যাশার কোনো আলো থাকতে পারে না। কান্না সারা দেশের
depressive,স্বার্থক জন্ম আমরা জন্মেছি এই দেশে রাস্তায় মানুষ মরে আর মন্ত্রী সাহেব হাসে হায় আফসোস
non_depressive,বঙ্গবন্ধুর আদর্শের সৈনিক
depressive,নাটকের কিছু কথা আমার জীবনের সাথে মিলে গেল শুরুতে কথাগুলো বলে
non_depressive,জয়টা দলের জন্য খুবই দরকার ছিলো : মাশরাফি : 
non_depressive,খুব সুন্দর প্রতিবেদন। বিবিসিকে অসংখ্য ধন্যবাদ।
non_depressive,গরমে আগুন ধরছে বেপারটা মানতে পারতেছি
depressive,সাংবাদিক ভাইদের খবরের এতই অভাব পড়েছে এইসব নিয়ে খবর করা লাগে
non_depressive,পোলার কনটেন্ট এমন আছে আমার মাথায় ঢুকে না। বাংলাদেশের একমাত্র সুস্থ বিনোদনের মাধ্যম একমাত্র family entertaiment তে।
depressive,তোর চোখের মাপের আকাশ আমি নই তাই উড়তে বলিনি তোকে তোর মনের মাপের বাসাও নেই এ বুকে তাই বসতে বলিনি আরবার কিন্তু পাখি তবু বলি শোন আমার আকাশে সীমানা রাখিনি আমি খাঁচাও রেখেছি খুলে ফিরে দেখিস তোর আকাশে ঝড় এলে রুদ্র গোস্বামী শুভ সকাল 
non_depressive,নিত্যপন্যর উতপাদন বাড়লে বাজারে অনেক কিছুরই দাম কমে যাবে।
depressive,এটা কতো কষ্টের আমি জানি।আলহামদুলিল্লাহ আমি এখন অনেক ভালো আছি
depressive,বাংলাদেশের সাংবাদিকদের অবস্থা হইব জানা ছিল না। এসব পোলাপানদের নিয়া নিউজ করতে হয়। হায়রে বাংলাদেশের সাংবাদিক।
non_depressive,এইগুলো প্রাচীনকালের চিকিৎসা ভালো হবে খারাপ হবে বর্তমান সময়ে হাসপাতালে গেলে ভালো হলে আলহামদুলিল্লাহ হলে ঢাকা বিল দিতে হবে
depressive,দোষ চাপিয়ে দেবে সাকিব খানের উপর।
non_depressive,পশ্চিমবঙ্গ নামটা থাকলে প্রশ্ন ওঠে পূর্ববঙ্গ আছে বা ছিল । দেশকে খণ্ডিত করে কংগ্রেস যে পাপ করেছে মমতা বন্দ্যোপাধ্যায় সেই পাপের ইতিহাসকে মুছে দিতে চাইছেন । 
non_depressive,আমাদের উচিত freelancing sector আরও জোর দেয়া sector skills development করলে কোন কোন কাজ করে টাকা ইনকাম করতে পারবে
depressive,এরা আসলেই মানুষ খেকো
non_depressive,তার মানে থাকলে অস্র দিয়ে খুশি করা যায়
depressive,চোখ দিয়ে ধর্ষন করাকে এখনকার আপডেটেড ছেলে মেয়েরা নাম দিয়েছে ক্রাশ
depressive,ভূমিপুত্র অসমে মুক্তি পাবে জাতীয় নাগরিকত্ব পঞ্জীর চূড়ান্ত খসড়া সার্টিফিকেট দিয়ে আমি করবো মনে চায় মরে যাই
non_depressive,ভালোবাসা সব সময় রং রূপ দিয়ে হয়না এগুলো তারই প্রমাণ এসিড দগ্ধ মেয়েটি । 
non_depressive,গীতা পড়ুন সুখী হউন।।
non_depressive,আসামে বাঙালি খেদাও চলছে : এনআরসি র রিপোর্ট নিয়ে কেন্দ্রকে তোপ মুখ্যমন্ত্রীর : 
non_depressive,"সিলেট হবে সুশাসনের , নগর হবে জনগণের । হকারদের জন্য হলিডে মার্কেট চালুঃ বিশ্বের অনেক দেশেই ছুটির দিনে সড়ক কিংবা নির্দিষ্ট স্থানে মার্কেট চালু রয়েছে । সিলেটে যাতে এ রকম মার্কেট চালু করা যায় আমার অগ্রাধিকার পরিকল্পনায় সেটিও রয়েছে । এ ধরনের মার্কেট চালুর ফলে হকাররা উপকৃত হবেন । "
non_depressive,মারুফের উচিত হবে সিনেমা ইউটিউবে অবমুক্ত করে দেওয়া।সিনেমা যদি মানসম্পন্ন টাকা উঠে আসবে এবং প্রশংসা পাবে।
depressive,দিন পরে বুঝতে পারলাম আমার সমস্যা
non_depressive,জনগণের ভোট চুরি করে ক্ষমতায় আসা ওই নিয়ত আমাদের নাই আওয়ামী লীগ নেত্রী শেখ হাসিনা এভাবে নৌকার পক্ষে ভোটে ডাকাতি করছেন লজ্জা লাগেনা ছিঃ বাসদ নেত্রী ড মনীষা চক্রবর্তী । 
non_depressive,আব্বা এটা কীভাবে সম্ভব আব্বা
depressive,গণতন্ত্রের লেবাছ হলো জনগণ সকল ক্ষমতার উৎস ভিতরটা হলো শাসক সকল ক্ষমতার উৎস
non_depressive,আমাদের সরকারের চোখ অন্ধ কান বয়েরা অনুভূতি ভোতা। মানুষের জিবনকে তাই দ্রব্যমূল্য বাড়িয়ে বিষিয়ে তুলেছে।
depressive,সত্যই তো মাত্র দুজন কে বাস চাপা দিছে ! কিছু বলার নাই আজ সিরিয়াসলি 
non_depressive,বাস ভাংচুর করে আগুন দিয়ে কি হবে ? বাসের মালিক তো এগুলোর ইনস্যুরেন্স করে রাখছেন । ড্রাইভার মালিকের কিছুই হবে না । দরকার ছিল বাসের মালিক ও ড্রাইভারের বাড়ি পুড়িয়ে দেয়া । তাহলে কিছু বুঝতে যে সন্তান হারিয়েছে তার কত যন্ত্রণা
depressive,পুলিশ হালারা রাতেও শুধু শুধু সাধারণ মানুষ রে হয়রানি করে ধান্দার জন্য । কবো ওরা মানুষ হবে ? 
depressive,অতীতে যেসব স্থান ক্ষেত্রে সর্বদা দাপিয়ে বেড়াইতাম এখন সময়ই হয় সবে ছায়া মাড়াইতাম
depressive,হৃদয় থেকে বৃষ্টি নেমে আসে দুটি আঁখি বেয়ে পড়ে ফোটায় ফোঁটায়
depressive,মাননীয়া মুখ্যমন্ত্রীর দলের তৈরি বোমাও এখন বাংলার শিল্প । রেহাই দেয় না শিশুদের । 
depressive,টাকা বেশি হলে কিছুটা সদকাহ করতে উনাদের এটাই সদকাহ
depressive,পুলিশ হালারা রাতেও শুধু শুধু সাধারণ মানুষ হয়রানি করে ধান্দার জন্য কবো ওরা মানুষ হবে
depressive,কিছু নাটক দেখে খুব খারাপ লাগে অভিনয় অনেক সুন্দর হয়েছে।। আবার দেখবো
depressive,বালিকার জন্য গেছিলাম ফ্রান্সের বিখ্যাত ভালোবাসার সেতুতে তালা ঝুলাইতে ভাগ্যের নির্মম পরিহাস সেখানে তালা ঝুলানোই নিষেধ করে দিছে
non_depressive,বহুদিন অসম্ভব সুন্দর ভালোবাসা দেখলাম।
non_depressive,বিচারের আওতায় আনা হোক দ্রুত
non_depressive,"আবারো টোপ ফেলছে আম্লিক ! বরিশাল , রাজশাহীতে লাখের উপর ভোট পাইছে আর সিলেটে হাইরাগেছে বিম্পি খুশি হওয়ার কারন নাই , এটা ও স্বপ্নের ই অংশ । জয় ভাঙলা"
depressive,আগামী দিনগুলোতে সমস্যা আরও প্রকট হবে।
depressive,সঠিক বিচার চাই
depressive,পৃথিবীতে আমি যতদিন জীবিত থাকবো বন্ধু নামের শব্দটাকে সবথেকে বেশি ঘৃণা করব কারণ আমার বন্ধু আমাকে নিঃস্ব করে দিয়েছে আমি আজকে শেষ
non_depressive,পূর্ণিমাতে জেলেদের জালে ধরা পড়ছে রুপালি ইলিশ । চট্টগ্রামের ফিশারিঘাট এলাকায় ট্রলার থেকে নামানোর পর সারিবদ্ধভাবে সাজিয়ে রাখা হচ্ছে ঠেলাগাড়িতে । পরে তা বিক্রির জন্য নিয়ে যাওয়া হয় বাজারে । আকার ভেদে প্রতি কেজি ইলিশ বিক্রি হচ্ছে ৩৫০ ১০০০ টাকা । ছবি : সৌরভ দাশ 
depressive,অনেক কিছু সম্পর্কে অজানা হওয়া অনেক বেশি কষ্টদায়ক যেন হৃদয়ের মুখে একটা ঘুম পড়ে যায়।
depressive,আন্তহত্যা পাপ হলে কবেই মারা যেতাম
depressive,আমি যখন তার দূয়ারে ভিক্ষা নিতে যাই তখন যাহা পাই আমি হারাই বারে বার সার্টিফিকেট দিয়ে আমি করবো মনে চায় মরে যাই
non_depressive,বাংলাদেশেও বক্স অফিস আছে। পাগল হয়ে যাবো আমি পাগল হয়ে যাবো
depressive,কোরআন শরিফ পাঠ করুন বিষন্নতা কাছেও আসবে
non_depressive,"তাড়াহুড়ায় যা সামনে পেয়েছি তাই দিয়েই গিফট বক্সটা সাজিয়েছিলাম , এখন ছবিতে দেখে ভালোলাগছে "
non_depressive,পারলে দেশের জনগণের হাতে তুলে দেয়া হোক জনগণ উচিত শাস্তি দেবে
non_depressive,ভিউয়ের জন্য নিছে নামবেন
non_depressive,রাকিবের ভিডিও আগে দেখতাম যখন  সাবস্ক্রাইব ছিলো তখোন ভালো ভিডিও কোরতো কিন্তু এখন টিকটকের ছাপরি পোলাপানের মোতো ভিডিও করে বলে এখন দেখিনা
non_depressive,হাজারো কল্পনার শেষ স্থান ! কবরস্থান
depressive,সন্তানরা যদি অস্রবাজ তাহলে পিতাগুলো হবে
depressive,হাড্ডি কখনো গোস্ত বাঙ্গালী কখনো মানুষ না৷
non_depressive,আমরা জানতাম এমনটা হবে।
non_depressive,ঈশ্বর করেন মঙ্গলের জন্যই করেন উপর আলার কাছে বিশ্বাস রাখ ঠিক হয়ে যাবে
non_depressive,এরা মরলে জনগণ আলহামদুলিল্লাহ বলবে বলবে
non_depressive,আলহামদুলিল্লাহ তিনটা নেওয়ার পরও সুস্থ আছি আল্লাহর কাছে লাখ লাখ শুকরিয়া
depressive,আমি সময় অনুমান করি আমি কিছুই নিয়ে করতে পারি না।
depressive,গায়েব নয় রোহিঙ্গাদের দাঁত মাজতে দেয়া হয়েছে গায়েব হওয়া কয়লা দুর্নীতি দমন কমিশন
non_depressive,সাব্বাশ ! হিরো এভাবেই ডেথ ওভারে ব্যাটিং করতে হয় । 
non_depressive,লাইসেন্স পেলো ভাবে। তার লাইসেন্স বাতিল হবে
non_depressive,সাংবাদিক গুলো ভাতরুম ছাড়া সময়
non_depressive,বাজারে যেয়ে আণদআজই খবর।
depressive,"রোদ কি বৃষ্টির সাতে পারতেচেনা ? পারবে কেবা করি দেশের প্রধানমুত্রী ম্যায়ে মানুষ , তাই যতোক্ষন চাবে বৃষ্টি হবে কেউ আমার কতা না বুঝলে আমি দায়ী লয় "
depressive,মায়ার নাম হলো তটিনী চেহারায় একটা অদ্ভুত মায়া জড়িয়ে আছে আমার সাথে একমত নাটক ভালো লাগলো  রবিবার
non_depressive,যার যার ধর্ম মতে প্রাথর্না করুন ঠিক হয়ে যাবে
non_depressive,যেখানে প্রকাশ্য সেখানে আবার তদন্ত করবে আমাদের বেনজির বাহিনী
non_depressive,জাতির সবাই ফাঁসি দেওয়ার জন্য সরকারের কাছে আবেদন জানাই
depressive,আগে ছিল কম্বল চোর এখন হয়েছে কয়লা চোর সোনার বাংলা এখন সোনা চোরের বাংলা
non_depressive,সিসিক নির্বাচন বিএনপির প্রার্থী আরিফুল হক চৌধুরীকে জয়ী ঘোষণা অবশেষে নানা নাটকীয়তার পর সিলেট সিটি করপোরেশন নির্বাচনে বিএনপি প্রার্থী আরিফুল হক চৌধুরীকে বিজয়ী ঘোষণা করা হয়েছে । এ : 
non_depressive,সন্ত্রাসের কঠিন বিচার হওয়া দরকার
depressive,এদের জন্য দেশ আইন কানুন নেই এটাই সত্যি
depressive,জুম্মা মোবারক নামাজের একটা সেল্পি সবাই লাইক কমান্ড কলেন
depressive,জুম্মা মোবারক নামাজের একটা সেল্পি সবাই লাইক কমান্ড কলেন
depressive,আমি জানি আমার সমস্যা এবং দুঃখ অনেকের মতো নয়।অনেক দিন ধরে আমি অশান্তির মধ্যে ভুগছি।
non_depressive,সাধারণত কোনো নাটক দেখে আমি কমেন্ট করি কিন্তু এটাতে কমেন্ট করে থাকতে পারলাম অসাধারণ
non_depressive,শহরের মেয়েদের অল্পতে তাই লাগে
depressive,"কে ভেবেছিল প্রাণগুলো এভাবে ঝড়ে যাবে রাস্তায় ? ধিক্কার ওসব বাস ড্রাইবারদের । ওদের ছেলেমেয়েগুলো এভাবে মারা গেলে বুঝবে , এ ঝড়ে যাওয়া কত টা কষ্টের"
depressive,বডারগাট আছে তো। দাম কমানো হোক
non_depressive,তোরা খবর পাস না।
depressive,যখন বাইক নিয়ে রাস্তায় নামেন তখন তারা ভাবেন হেলিকপ্টার দিয়ে রাস্তা টহল দিচ্ছে।
depressive,মধ্য আয়ের দেশে উন্নীত হয়ে বাংলাদেশ এখন ভাঙ্গাদেশে রুপান্তরিত হয়েছে ফ্যাক্ট দেড় ঘন্টার রাস্তার অর্ধেক আসতে লাগে সাড়ে তিন ঘন্টা
non_depressive,তারাতারি চাচ্চুযত তারাতারি পারছ নিয়া
non_depressive,ভাইয়া মাঝে মাঝে কমেডি করেন এটা খুব ভালো লাগে
depressive,আমাদের দেশের সংবাদ শুধু জয়ের দিকটাই খবরে তোলে দিকে হয়তো সত্যিকারে ফিলিস্তিন শেষ
depressive,দ্বারা প্রমাণিত হলো এদেশের মানুষ এখন সিনেমা চায়
non_depressive,"দুনিয়া ক্ষণস্থায়ী আর আখিরাত হল চিরস্থায়ী , দুনিয়া হল সরাই খানা আর আখিরাত হল আসল বাড়ী , "
depressive,"সিলেট সিটি নির্বাচনে এবার এমন অনেক কিছুই ঘটছে , যা সিলেটের মানুষ আগে কখনো দেখেনি । নির্বাচনকে কেন্দ্র করে ধরপাকড় , তল্লাশি , হুমকি ধমকি , হামলা মামলা এ শহরে এই প্রথম । ৩০ তারিখ সারাদিন ধানেরশীষে ভোটদিন "
non_depressive,যত ধৈর্য্য তত বেশি সফলতা । সমস্যা হলো আমাদের ধৈয্যধারন ক্ষমতা তুলো গোছের । 
non_depressive,এটা সারিয়াকান্দি বলে সম্ভব হয়েছে
depressive,এইসব দেখার দিন দিন মানুষের উঠে যাচ্ছে হত্যা করা বেডে যাচ্ছে আল্লাহ তুমি সবাইকে হেদায়েত দেও
non_depressive,বক্স অফিস নাকি গুলিস্তানে বাস কাউন্টার।
depressive,"আমরা মেয়ের ইচ্ছা পূরণের জন্য যা কিছু দরকার তাই করার চেষ্টা করতেছিলাম । কিন্তু , আমাদের সব আশা ধূলায় মিশে গেলো । : "
non_depressive,"নানা অভিযোগে ভোট শেষ , চলছে গণনা : "
non_depressive,আল্লাহ সবাইকে হেদায়েত দান করুন আল্লাহ যেন ওনাকে তাড়াতাড়ি সুস্থ করে দেয়
depressive,সরকারি চাকরির জন্য অসুস্থ প্রতিযোগিতা দ্রুত বন্ধ হলে পরিস্থিতি আরো ভয়াবহ হবে।
non_depressive,কারিগরি শিকার  ভাগ করা উচিত
depressive,মারুফ ভাই এটা বাংলাদেশএই ভালো কোনো দাম নেই আপনার ছবি বুঝার দক্ষতা এদেশের মানুষের নাই
non_depressive,এইগুলি নিউজ সাংকবাদিকরা এখন নিউজ পায়
non_depressive,নাটকটা সত্যিই শেষটা সুন্দর ছিল
non_depressive,প্রতিটা অত্যাচারী ধ্বংস হোক
depressive,"প্রেম , সে কি জিনিস ? ভালোবাসাই বা কি ? ভালোবাসা আসলে কি ? এর অস্তিত্ব কি আদৌ বাস্তব ? অবাস্তব এক কল্পনাচিত্র মাত্র অনুভূতির এক অনন্য রূপ যা একমাত্র সেই জানত "
non_depressive,অর্থবদের চলেন সবাই সীমান্তে বেড়া হয়।
non_depressive,শিরোনামঃ সাংবাদিকের বউকে পুরোটা ঢুকিয়ে দিলো যুবক।
non_depressive,আলহামদুলিল্লাহ আমি ডিপ্রেশন থেকে বের হয়েছে গেছি আমি ভুলে গেছি
non_depressive,বাংলাদেশ দলিল পেয়ে গেছেএবার আরো ধুম দেশ চলবে
non_depressive,আরে জোর বেশিদিন থাকে কতদিন থাকবো শক্তি জুলুম আল্লাহ ছাড় দেয় কিন্তু ছেড়ে দেয়
non_depressive,অভিনয় শিল্পী হিসেবে শুরু থেকে অসফল।
non_depressive,এরকম হবে আগেই বলতো যারা অতিরিক্ত বিজ্ঞানের উপর নির্ভর করেন তারা আল্লাহর উপর ভরসা করুন
depressive,"বাড়ির ফ্রীজটা আধভাঙা হয়ে পড়ে আছে । নতুন ফ্রীজের খোঁজখবর করতে গিয়ে দেখি স্যামসাং একটা পেল্লায় ফ্রীজ বের করেছে যার গায়ে জলের কলও আছে আবার এলইডি টিভিও আছে । এই , আড়াই লাখ মত দাম । মোটের ওপর যে পছন্দ হয়নি তা নয় ; তবে কিনা ফ্রীজবাবাজী লুচি বেলতে পারেনা । তাই ক্যান্সেল করলাম । "
depressive,ডিপেসন এমন জিনিস যার আসে বুঝ আল্লাহ পাক ডিপ্রেশন থেকে সবাইকে হেফাজত করুন
non_depressive,লোকটাকে আইনের আওতায় এনে বিচার করা হোক
depressive,ওহ ! কোন ছেলেটা যে ক্রাশ খেলো লেখলো প্রেমের নাম বোঝে কি সে প্রেমের এখন নাই কোন নাই দাম ? 
non_depressive,ওয়াডের সভাপতি এমন।যদি জেলার সভাপতি হলে আনতো বলেন
depressive,এইসব ফাইভ বুলেট ট্রেনের স্বপ্ন আছে বলেই আমরা বাসের পাদানিতে টেম্পুর পাদানিতে গাদাগাদি করে দাঁড়িয়ে প্রতিদিন চলাফেরা করতে পারি
depressive,এইভাবে যোন পথের ফকির হয়ে যায় পরিচালকেরা
non_depressive,ভালো কাহিনি হলে হয়।
non_depressive,"কোর্ট পয়েন্টে টেবিল ঘড়ির সমর্থনে সর্বশেষ নির্বাচনী জনসভা মজলুমের পক্ষে , ইনসাফ ও উন্নয়নের স্বার্থে টেবিল ঘড়িতে ভোট দিয়ে বিজয়ী করুন এডভোকেট জুবায়ের আসন্ন সিলেট সিটি : "
depressive,খেলা দেখা অবস্থায় জাহাজ দেখে মনে হইছে টাইটানিক জাহাজ কাহিনির কথা এইটা টাইটানিক চেয়ে বড় যেইটা এখন ওয়েস্টার্ন দের শহরে
non_depressive,উন্নয়ন কেউ চায় এটা বুদ্ধিজীবী সরকারের জানা উচিৎ
non_depressive,সেরা জুটি ইয়াশ রোহান ভাইয়া এবং তটিনী আপু
depressive,সবাই খালি দুর্নাম সুনাম নিয়ে ব্যস্ত কেউ আগ্রহ করে একটা বীজ লাগায়
non_depressive,এতো ইলেকশন সিলেকশন করে কিসের জন্য
non_depressive,আসামে বাঙালি খেদাও চলছে : এনআরসি র রিপোর্ট নিয়ে কেন্দ্রকে তোপ মুখ্যমন্ত্রীর : 
depressive,আহারে টাকাগুলা বিহুদা নষ্ট করলে এতিম পোলাপাইনেরে যদি খাওয়াইতো লাভ হইত মরার কবরে গিয়ে শান্তি পেত
depressive,আমি টিকা দিয়ে অনেক সমস্যার মধ্যে পড়েছি েএখন আমার চিকিৎসার টাকা দিবে আমি রক্ত সমস্যায় পড়েছি চুলকানি
non_depressive,"কেউ শোক আর কষ্টে ভাসে , কেউ আনন্দ নিয়ে হাসে । "
depressive,"শিল্পপতিদের পাশে দাঁড়াতে ভয় পাই না , কারণ আমার উদ্দেশ্য স্বচ্ছ , বিরোধীদের কটাক্ষ মোদীর : "
depressive,আমার বেদনা দুঃখের অন্ধকারে ছুটে দেওয়া হয়েছে লেখাটি পড়ে।আসুন দেশটাকে গিলে খাই ভাত উপর চাপ কমাই
non_depressive,মুভিটা বাসায় বসে দেখার কোনো লিংক থাকলে দেন কেউ।
depressive,ভাই কেউ একজন বলেছে মানুষের ক্রয় ক্ষমতা বেড়েছে নাম বলবো নানাম বললে হয়তো অনেক কিছুই থাকবে না।
depressive,literally নাটক শেষ দেখার সময় চোখের পানি আটকে রাখতে পারি নাই
depressive,ভূমিপুত্র অসমে মুক্তি পাবে জাতীয় নাগরিকত্ব পঞ্জীর চূড়ান্ত খসড়া সার্টিফিকেট দিয়ে আমি করবো মনে চায় মরে যাই
non_depressive,খুব ফজিলত পূর্ণ খবর
non_depressive,ভিডিওটা  মিনিটেই শেষ করলাম।যাকএখন  মধ্যে বাসাই যেতে পারবো
non_depressive,বাংলাদেশের সাংবাদিকদের ভালো হবে
depressive,গানটা শুনি সিগারেট খাই ফিলটাই অন্য রকম
non_depressive,মরিনি মরিনি এখনো বেঁচে আছি টিকা ছাড়াই
depressive,বৃষ্টিতে আরামে এক্টু ঘুমাতে পারলাম সকালে আম্মু বাজারে পাঠাইল তাও আবার মাছ কেনা লাগবে রুই মাছ জীবনেও আমি মাছ কিনি নাই
depressive,ভালোবাসা সব সময় রং রূপ দিয়ে হয়না এগুলো তারই প্রমাণ এসিড দগ্ধ মেয়েটি । 
non_depressive,চমকে গেলাম নিউজ দেখে
non_depressive,শিক্ষিত ছেলে মেয়েদের বিদেশে যাওয়ার করে প্রশিক্ষণ দিয়ে মানবশক্তি রফতানি করে দেওয়া উচিত।
non_depressive,বউ হবে বউয়ের মতো । বাসর রাতে দরজা বন্ধ করে একসাথে সিগ্রেট টানবো । আমি ওর মুখে ধোয়া ছুড়ে দিবো আর ও আমার মুখে । এক্কেবারে ভালোবাসায় ঠাসাঠাসি
non_depressive,আসুন আমরা তিনবার নৌকা এগারোবার বঙ্গবন্ধু এবং কয়েকবার ইয়া হাসিনু পড়ি।
depressive,একজন করে ভোট দেবার সুযোগ পাচ্ছে সরকার ভোটাধিকার প্রয়োগের সব্বোর্চ্য সুযোগ দিছে সার্টিফিকেট দিয়ে আমি করবো মনে চায় মরে যাই
depressive,ভাই মনে গরমে পাগল হয়ে নিজের মনভাব প্রকাশ করে ফেলসে।
depressive,বিশ্রী এ শহরে থাকতে চাইনা আমি । হারিয়ে যেতে চাই তার শহরে । ভয় হয় তার শহরে আবার জলাবদ্ধতা নেই তো ? 
depressive,আলেমদের রিমান্ডে নেওয়া এবং অন্যায়ভাবে কারাগারে পাঠানোর নিয়ম আাছ অনৈতিক কাজে জড়িতদের ব্যাপারে আদালত একটু বেশি বেশি আবেগী
depressive,আমি সময় অবমাননা নীরসতা অনুভব করি আমার জীবনের প্রতিটি সময়ে।
non_depressive,মালুদের ওপার নিয়ে যাওয়ার দাবী জানাই
depressive,আমার শরীরে সময় ব্যথা লাগে
non_depressive,নাটকের প্রতিটি মূহুর্ত বাস্তব মনে হয়েছে খুব সুন্দর অভিনয়
non_depressive,বৃষ্টিকে সুন্দর ভাবে present কারটা হয়তো আগে কখনো হয়আমিও একজন বৃষ্টি প্রেমি
depressive,"ভোট শান্তিপূর্ণ হয়নি এটা বলার উপায় নেই : আ লীগ আওয়ামী লীগের সাধারণ সম্পাদক ও সেতুমন্ত্রী ওবায়দুল কাদেরে বলেছেন , ৩ সিটিতে ভোটারা আগ্রহ নিয়ে ভোট দিয়েছেন । অথচ বিএনপির প্রার্থীরা ভোট বর্জনের কৌশল নিয়েছেন । তিনি বলেন , ভোট শান্তিপূর্ণ হয়নি এটা বলার উপায় নেই । "
non_depressive,কিছুটা কমানোর জন্য সময় করে দেখা লাগবে। সিনেমা হয়তো খারাপ কিন্তু রাজকুমারের চাপে নীচে পড়ে গেছে।
depressive,এরা সেই কয়লা বাবা বেশী কিছু বলা যাবেনা তাইলে আবার নাস্তিক ট্যাগ লাগিয়ে দেবে
depressive,হাড্ডি কখনো গোস্ত বাঙ্গালী কখনো মানুষ না৷
depressive,সাকিব ক্যাচ মিস করে ছক্কা বানায়া দিলো রুবেল নাম্বার উইকেট পাওয়া থেকে বঞ্চিত
non_depressive,যাই বলুক কেনো আমার কাছে ইয়াশ রোহান তটিণী আপুর জুটিটা অসাধারণ লাগে। নাটকের কাহিনী যেমন হোক।
depressive,তোমার ছোঁয়ার ইচ্ছে আমার অপূর্ণ থেকে গেলো ভালো থেকো আমার হওয়া প্রিয় মানুষটি
depressive,"কি সহজে হয়ে গেলো বলা , বিন্দুমাত্র কাঁপলো না গলা ! মুখে তার চিকন লাজুক হাসি ড্রাইভার না মন্ত্রী ! কার চাইবো ফাঁসি ? "
depressive,আমি সময় অনুভব করি আমি অবশ্যই অন্যের হতে হবে।হতাশা দুচিন্তা বেকারত্বের প্রধান কারণ।
depressive,আমি সময় অনুভব করি আমি কাউকে নির্দোষ প্রতিষ্ঠিত করতে পারি না।হতাশা দুচিন্তা বেকারত্বের প্রধান কারণ।
depressive,এতো টাই ডিপ্রেশনে আছি যখন তখন সুইসাইড করতে পারি
non_depressive,আচ্ছা আপনাদের কাছে কোন নিউজ নেই
non_depressive,আমাদের বাংলাদেশের সরকার উচিৎ গুলোর উপর নজর দারি করা
depressive,"সৌন্দর্যায়নের নামে সেক্টর ফাইভে হকার উচ্ছেদের ঘোষণার পরেই পথের পাশের দোকানদাররা বিক্ষোভে সোচ্চার হয়েছেন । কিন্তু বামফ্রন্ট সরকারের সময়কালে তৈরি শিল্প তালু কের রাস্তার অবস্থাই ভয়াবহ । উচ্ছেদ অভিযানের ঘোষণা ঘিরে আতঙ্ক , অনিশ্চয়তায় দিন কাটাচ্ছে বহু মানুষ । "
depressive,ডিপ্রেশনের মতন খারাপ কিছু নেই️️
non_depressive,এখন দায়ভার সরকার নেবে
non_depressive,বাংলাদেশের আবার বক্স অফিস এটা হইলো খয়রাতি বাক্স
depressive,"বাংলা হবে রাজ্যের পরিবর্তিত নাম । সর্বসম্মত সিদ্ধান্ত নেওয়া হলো রাজ্য বিধানসভায় । আসলে দীর্ঘদিন আগে বামের দের আনা প্রস্তাবেই সায় দিতে হল সরকার কে । েই প্রসঙ্গে বলেন কোনও কোনও প্রাণী আছে , কিছুতেই স্বচ্ছ জল খেতে পারে না । জল ঘুলিয়ে খায় । আজকে সেই অবস্থাই হয়েছে । "
depressive,সবাই ডিশের লাইন কেটে দিয়ে বিটিভি দেখুন বছর বাতাবিলেবুর ফলন অনেক ভাল হয়েছে সার্টিফিকেট দিয়ে আমি করবো মনে চায় মরে যাই
depressive,"আজ সংসদে নাগরিকপঞ্জী পেশ , লক্ষ বাঙালির নাম বাদ । সংসদে তৃণমূলের বিরোধিতা , কিন্তু ঠিক দিনেই বিমান বিভ্রাট । আড়াই ঘণ্টা বিমান বন্দরে তৃণমূল সাংসদ রা আটক । "
depressive, সব লেখকের মধ ্যেই একজন প্রতিনিয়ত ঘা খাওয়া হতাশায় ম্লান সাধারণ মানুষ আছে কিন্তু তার গভীরে একটি নিরীহ অভিমানী বালকও সারা জীবন তার সঙ্গী হয়ে থাকে রমাপদ চৌধুরী কি আধুনিক একজন লেখক অতি সাধারণ কোনো ঘটনাকে তুলে নিয়ে কত সহজে তার চারপাশে একটি অসাধারণ জগৎ তৈরি করে ফেলতেন 
non_depressive,দেশের মানুষ সিনেমা দেখেনা এটাই সত্যি
non_depressive,পৃথিবীর সেরা ওয়াশিং পাউডার হলো টাকা চরিত্রের দাগ যতই গাড় হোক না কেন সব পরিষ্কার করে দেবে ! 
depressive,রাকিব আসলেই একটা খারাপ
depressive,"ব্যালট বইয়ে পুরোটাতেই নৌকায় সিল ! গনতন্ত্র শব্দটা উঠিয়ে দিলেই তো হয় , কি দরকার এতো এতো লোক দেখানো নির্বাচন দেওয়ার ? আওয়ামী শুয়োরের বাচ্ছারা কোন দিন ও কি মানুষ হবে না ? শেখ মুজিবুর রহমানের স্বপ্নে কি ভোট চুরি ও ছিলো নাকি ? আওয়ামীলীগ কে না বলুন : "
non_depressive,ফাম দিস নাফাম দিস
non_depressive,আল্লাহ পাক সবাইকে ইসলামি শরিয়াহ মোতাবেক জীবন যাপন করার তৈফিক দান করুন আমিন
depressive,নিকোটিনের ধোয়ায় সময় কাটে রাতে রাতটা আমার জন্য দিন দিনটা রাত
depressive,এতো সুন্দর একটা বাবা ভাবে মারতে পারলো আল্লাহ তুমি মাকে ধযদারন করার শক্তি দাও আমিন
non_depressive,দান বক্স হলে কিছু একটা করা যেতো।
non_depressive,আমার জানামতে কাজী হায়াতের মালটাই হচ্ছে একটা বড় প্রজেক্ট
non_depressive,পিটানোটা মনে হয় শুটিং ছিল কারণে।
non_depressive,"কিছু মানুষ হলো হিংস্র , উপর থেকে দেখে বুঝা যায় না আচার আচারণে তা প্রকাশ পায় । "
depressive,প ্যারা কাকে বলে এই বইগুলো তার উদাহরণ অলরেডি ২বছর এসব পড়ছি আবার ৩ বছরের জন্য পড়তে হবে পরির জীবনটা শেষ 
non_depressive,রোহান তোতীনির আমার দেখা সেরা নাটককান্না ধরে রাখতে পারি নাই
depressive,দ্রুত সবাইকে ফাঁসি দেওয়া হোক
depressive,আমি মনে করি জীবন একটি অসম্পূর্ণ চিত্র যেখানে অধিকার শূন্যের মতো হারানোর অভাবে জীবনের ভেঙ্গে যায়।
non_depressive,চাচাতো বোনের গায়ে হলুদে অনেক মজা করলাম
non_depressive,এখন আন্তরার সাথে তালাক হওয়ার ভিডিও টার জন্য আপেক্ষা করতে আছি
depressive,একটা চোখ ঢেকে রাখা আরেক চোখে স্পর্ধা পুড়েই গেলো এবার বুঝি ভালোবাসার পর্দা
non_depressive,লাগবে ভারত যাওয়াআমি এখানে ঠিক আছি জয় বাংলা
non_depressive,আলহামদুলিল্লাহ এখনো সুস্থ আছি। বাকীটা মহান রাব্বুল আলআমিন ভালো যানেন।
depressive,মিনিটের সিনে রোহানের চেহারা দেখে কান্না চলে আসলো
non_depressive,এরকম হত্যাযজ্ঞের সাথে যারা জড়িত দ্রুত রায় কার্যকর করলে এরকম ঘটনা কমত
depressive,অন্তরটা যদি হয় সাদা এই সমাজে হাজারটা বাধা ! কবিতা সেতো শুধুই কবির অন্তরের জ্বালা সমাজ দেশের অবক্ষয়ে কবি হৃদয় পুড়ে কালা ! শুধু প্রেম আর কল্পনাতে নয়রে গাঁথা মালা । বিবেক বোধ আর মানবতার নিদারুন এক পালা ! 
depressive,যোগ্য লোক চাকরি পাচ্ছে
non_depressive,আমি দুজন অভিনেতার অনেক নাটক দেখেছি কিন্তু শেষ কিছুদিন নাটক দুজনের অভিনয় আমাকে মুগ্ধ করেছে সত্যি খুব সুন্দর অভিনয়
non_depressive,একটা প্রতিষ্ঠান নাম বলেন তো।।যে খানে সবাই ফেল।এবার আমি পড়াবো একাই।।কোনো টিচার লাগবে না।। পাশ হবে ইনশাআল্লাহ।।।
depressive,প্রিয় মানুষ আমার কাছে নেই। থাকলে থাকে নিয়ে নাটকটি দেখতাম অসাধারন একটা নাটক হইসে
depressive, আজ তোমার একাকীত্ব তোমাকে হলুদ বর্ণ ধারন করতে বাধ্য করেছে । চুরি করে নিয়েছে তোমার মনের রঙ তুলি আর ক্যানভাস । তবুও ধূসর রঙে আঁকবো না তোমার আমার প্রতিছবি 
non_depressive,নদীর নীচে দেশের প্রথম রেল সুড়ঙ্গ তৈরি হয়েছে কলকাতায় । এবার মেট্রো রাইলের সৌজন্যে দেশের সবথেকে বড় ভূগর্ভস্থ রেল ইয়ার্ড পেতে চলেছে কলকাতায় । যা তৈরি হচ্ছে কলকাতা বিমানবন্দরের ঠিক পাশেই । : ? 
depressive,বর্তমান দেশের পরিস্থিত বাদী বিবাদীর টানা হেঁচড়ায় আইনজীবীদের চুষে খাওয়ার ধান্দা বেড়েছে
non_depressive,আগেই ভেবেছিলাম এমন কিছু হবে। তবুও ডোজ নিয়েছে ইচ্ছের বিরুদ্ধে
non_depressive,৩৮ তম বিসিএস পরিক্ষার সময়সূচী ১ । ৮ ৯ ২০১৮ ইংরেজি সকাল ১০ টা ২ । ৯ ৯ ২০১৮ বাংলাদেশ বিষয়াবলী সকাল ১০ টা ৩ । ১১ ৯ ২০১৮ আন্তর্জাতিক বিষয়াবলী সকাল ১০ টা এবং গনিত দুপুর ২টা ৪ । ১২ ৯ ২০১৮ বিজ্ঞান সকাল ১০টা এবং মানসিক দক্ষতা দুপুর ২ টা ৫ । ১৩ ৯ ২০১৮ বাংলা সকাল ১০ টা 
depressive,বাংলাদেশের রিজার্ভের দিকে তাকালেই কিছু বুঝা যায়
non_depressive,আল্লাহ সুবহানাহু ওয়াতাআলা কাছে শুকরিয়া একটাও নিইনি আলহামদুলিল্লাহ ভালো আছি।
depressive,দুই অন্ধের ভিক্ষা আমি ঝিনেদা থেকে যশোরের পথে বাসের ভিতর হঠাৎ এক মহিলা ভিক্ষুক সামনের গেটে আর পেছনের গেটে আরেক অন্ধ ছেলে ভিক্ষুক ভিক্ষা করতে উঠেছে । ঠিক বাসের মাঝখানে দুজনের এক সঙ্গে । ঠিক তখন মহিলা ভিক্ষুক বললো ভাই তুই এই গাড়িতে আমি আগে দেখলে উঠতাম না ভাই । তাঁরা দুই ভাই বোন ছিল 
non_depressive,অপোরাধী মাছুমের উচিৎ ছিল পুলিশের সাহায্য নেওয়া প্রকাশ্য অস্ত্র নিয়ে হুমকি দেয়া আইন বিরোধী কাজ লাইসেন্স বাতিল করা উচিৎ
non_depressive,কেকশপে নানা মুহূর্তে গার্গী রায়চৌধুরী সহ অনেকে : : 
non_depressive,মেয়েদের কাছে স্বামী নেয়ামত। আল্লাহ সবাইকে হেদায়াত দান করুন। বিয়ে পবিত্র বন্ধন। স্বামী স্ত্রী দুজনকেই সামলে চলতে হবে।
non_depressive,করোনা ভ্যাকসিন নেওয়া হয়নি আলহামদুলিল্লাহ
non_depressive,"সমস্ত পৃথিবীর মানুষ জানুক আমি বদলে গেছি । এখন আমি ভাবাতে জানি । এখন আমি সাজতে জানি । এখন আমি রাত জাগাতে জানি । এখন আমি লিখতে জানি হাজারো রঙের কবিতা । জানি জানি সব জানি , আমি এখন হাসতে জানি । "
depressive,"বালিকা , যতই জিন্স আর টি শার্ট পড়ো না কেন বাঙ্গালী ছেলেদের দুর্বলতা মানেই শাড়ি আর স্কুল ড্রেস দেবদাস"
depressive,লোর্ড কর্জন করতে পারলো এরা করে দিল
depressive,আমার খারাপ থাকলে কেন জানি আমার ভাইয়ার কথা বেশি মনে পরে
depressive,ভালোবাসার সম্পর্কে বিশ্বাস ভাঙার স্বভাবটা মানুষের জন্মগত । স্বামী ঠকাচ্ছেন স্ত্রীকে ; স্ত্রী ঠকাচ্ছেন স্বামীকে । প্রেমিক ধোঁকা দিচ্ছেন প্রেমিকাকে ; আবার প্রেমিকাও সুযোগ বুঝে প্রেমিকের কাছ থেকে সরে যাচ্ছেন । তাঁদেরই বা এমন কী দোষ ? যুগের বাতাসেই তো বিশ্বাস ভঙ্গের গন্ধ ! 
depressive,আমি সময়ই বিষন্নতাই ভুগি কোন কাজেই মনে আনন্দ খুজে পাই।
depressive,আমি সময় অনুমান করি আমি নিজের সাথে সন্তুষ্ট নই।আমি সময় অনুমান করি আমি যেটা প্রয়োজন তাতে আমি সেটা করতে পারবো
non_depressive,রোজ আকাশে একটা তারা জলমল করতো হাজার মেঘলা এমনকি ঘন বর্ষাতেও আমি খুঁজে পাইতাম । শুভ সকাল 
non_depressive,ভালোবাসাময় মিনিট সেকেন্ড
depressive,ডিপ্রেশনে ডিপ্রেশনে আমার জীবনের কিছুই শেষ করে দিলাম
depressive,মাংস বাদ দিলাম সবজি কিনতেও অবস্থা খারাপ হয়ে যাইতেসে এইভাবে বাঁচা সম্ভব
non_depressive,এরা শুধু এসির রুমে বসে ব্রিফিং দিয়ে এদের দ্বায়িত্ব শেষ
depressive,আমি সময় অনুমান করি আমি অবিশ্বাস্য এবং আমি আমার ক্যাপাবিলিটির প্রতি বিশ্বাস হারাচ্ছি।
non_depressive,মুফতি কাজী ইব্রাহিমের কথা ঠিক।
non_depressive,কওমি মাদ্রাসার কেউ বেকার নেই।আগে আল্লাহর আনুগত্যে আসেন।সব ঠিক হয়ে যাবে।
non_depressive,বাস চাপায় নিহত স্কুলছাত্রদের জন্য শোকাহত রুবেল : 
depressive,টেস্টে বাজে খেলায় খেলোয়াড়দের অশ্লীল ভাবে গালি দেয়া ছেলে মেয়ে গুলার মূখে এখন প্রসংশা ফুল ফুটে অদ্ভুত
depressive,"আকর্ষণীয় শ্লোগান আর ব্যানার নিয়ে ট্রাম্প বিরোধী সমাবেশ হয়েছে লন্ডন , ব্রাসেলস , হেলসিংকিতে । কিন্তু সামাজিক মাধ্যমে আলোচনা ছাড়া , এরকম অনুমতি নিয়ে করা বিক্ষোভ সমাবেশ কি আসলে কিছু অর্জন করতে পারে ? "
non_depressive,মেয়েটা আসলে নির্দোষ।
non_depressive,বিস্তারিত অন্যকোন নিউজে পাইনিআল্লাহ পরিবারকে ধৈর্য ধরার তৌফিক দেন
non_depressive,এটা হুজুর হলে দেখতেন বিচার কারে
non_depressive,ভোর হলে রাত পোহাবে।
non_depressive,ধন্যবাদ বিজেপি তবে বাংলাদেশ থেকে হিন্দুরা গেলে আমাদের ভারত থেকেও মুসলিমদের বাংলাদেশ পাঠানো হোকজয় হিন্দ
depressive,শান্ত বুকের তপ্তক্ষুনে শক্তমাটি রক্তলাল মজলুমানের আর্তনাদে আরশে আজিম কম্পমান মানবতা দূর্বিপাকে আবাসভুমি ঘোর শ্মশান
depressive,পুলিশ হালারা রাতেও শুধু শুধু সাধারণ মানুষ রে হয়রানি করে ধান্দার জন্য । কবো ওরা মানুষ হবে ? 
non_depressive,মুভির বেশিরভাগ দৃশ্য মোবাইল ফোন দিয়ে রেকর্ড করা
depressive,বাংলাদেশে সবকিছুর অভাব হতে পারে যেমন খাদ্য বস্ত্র শিক্ষা চিকিৎসা কিন্তু পাগলের অভাব কোনদিন হবে
depressive,আওয়ামী রাষ্ট্রপতির ছেলে ক্ষমতা এবং রাজনৈতিক প্রভাবের স্বীকার
non_depressive,জয় শ্রী রাম অভিনন্দন জানাই বাংলাদেশ থেকে অমিত শাহ ধন্যবাদ
non_depressive,হতে পারে এইতা নগদ নতুন ক্যাম্পেইন
non_depressive,বাংলাদেশ কোন্ ডাঃ আছে ভালোকরে
depressive,আমি সময় অনুমান করি আমি অন্যের মতো হতে পারছি না।আমি সময় অনুমান করি আমি যেটা প্রয়োজন তাতে আমি সেটা করতে পারবো
depressive,যার সাথে মনের মিল নেই
non_depressive,বাংলাদেশের মানুষদের চিন্তার কিছু নেই কারণ ভ্যাকসিন যতটুকু দেওয়া কথা ছিলো কিন্তু ডাক্টাররা একজনের টিকা দিছে।
depressive,আহারে টাকাগুলা বিহুদা নষ্ট করলে এতিম পোলাপাইনেরে যদি খাওয়াইতো লাভ হইত মরার কবরে গিয়ে শান্তি পেত
depressive,আমাদের বাংলাদেশে অন্য ধর্মের লোকেরা যেরকম স্বাধীন এবং সুন্দর ভাবে জীবন যাপন করে ভারতেও নজির নেই
non_depressive,চাকরি মুখি শিক্ষার কারণ
depressive,ভার্চুয়ালে পরিচিতো প্রিয় আপুটাও আমার সাথে রাগ করে
depressive,নাটকটি দেখে যতি চোখের কনে পানি চলে আসে বুঝতে হবে আপনি নাটকটি দিয়ে দেখেন নাই
depressive,সত্যি কারের ভালোবাসা মানুষকে জীবন্ত লাশ বানিয়ে দেয়
depressive,বঙ্গ দেশে এখন জঙ্গি হইয়া গেছে বাস চালক । 
depressive,সত্যই মাত্র দুজন বাস চাপা দিছে কিছু বলার নাই সিরিয়াসলি
depressive,আমি সময় অনুমান করি আমি নিজের সাথে অসন্তুষ্ট নই।আমি সময় অনুমান করি আমি যেটা প্রয়োজন তাতে আমি সেটা করতে পারবো
depressive,ভারতের আসাম থেকে লাখ অবৈধ বিদেশি এখন কোথায় যাবে কান্না সারা দেশের অস্বস্তি
depressive,আচ্ছে দিন এসেছে গরু মাতা হলে বলদতো পিতা আর মেয়েরা দেশের বোঝা তাই লাঙন টানাটাই এদের কাজ কি দেশ আমাদের যেখানে মেয়েরা প্রাপ্য সন্মানটুকুও পায়না 
depressive,হতাহতদের মধ্যে রিকশার যাত্রী স্বামী স্ত্রী কোন হাসপাতালে চিকিৎসা নিচ্ছেন জানানোকিন্তু রিকশার ওয়ালার খবর কেউ রাখলো
non_depressive,নারীপুরুষ যখন সমান অধিকার
depressive,উন্নয়নের জোয়ারে ভাসছে দেশ
depressive,টিকা নেওয়ার আগে অনেক ভালো ছিলাম এখন ভালো একটা শরিরে শক্তি পাচ্ছিনা।
depressive,"রাজনাথ সিং সংসদে বললেন এই নাকি ফাইনাল নয় । এই লক্ষ লোক কে আবার নাকি সুযোগ দেওয়া হবে নাগরিত্ব প্রমাণ করার । এটা কি আইওয়াশ নয় ? এরা আর কি প্রমাণ দেবেন ? পাসপোর্ট , আধার ভোটার কার্ড সব ই তো বাতিল করে দিয়েছে । আবার অনেক পুরুষের নাম আছে অথচ তাদের পরিবারের নাম নেই । এরা কি করবে ? "
depressive,অনেক কষ্টের বিষন্নতা একাকীত্বের কারনেও হয়।
non_depressive,বিখ্যাত নয় সঠিক কথাটি হলো কুখ্যাত।
depressive,গণতন্ত্রের লেবাছ হলো জনগণ সকল ক্ষমতার উৎস । আর ভিতরটা হলো শাসক সকল ক্ষমতার উৎস । 
depressive,রাস্তাঘাটে প্রচণ্ড ভয় করে । বিশ্বাস করুন আতঙ্কে থাকি প্রতিটা সেকেন্ড । আমাকে পিষে দেয়ার জন্য কখন কোন গাড়ী কোথা দিয়ে ধেয়ে আসছে কে জানে আল্লাহ হেফাজত করো । আল্লাহ হেফাজন করো । আল্লাহ হেফাজত করো 
depressive,আমার চেয়ে বেশি ভালোবাসা হারিয়ে যাওয়া কোনোটাই একে অন্যের ভালোবাসার অনুভূতি দেয় না।
depressive,বাসের তলায় পিষছে মানুষ হাসছে নরপিশাচ তিন তিনটা লাশ পরেছে কির পোলা লাশ চাস
non_depressive,"বাঙ্গালী চুমু দেখিলে সেক্স ভাবে আর এক্স দেখে ভাবে রোমান্স । একারনে ৯ মিনিট , ২৯ মিনিট ভিডিওর পোষ্টের নিচে লিংক হবে ? কমেন্ট করতে থাকে । ধর্ষণের বিচার চাই পোষ্টের নিচে পোষাক নিয়ে প্রশ্ন করে । আবার ওড়না বিহীন মেয়ের ছবির নিচে যেয়ে কমেন্ট করে , "
non_depressive,পদ্মা সেতু খাও এলিভেটর এক্সপ্রেস খাওমেট্রোরেল খাও বালিশ পর্দার বাজেট খাও সিটের বসুন্ধরা কোভিড হাসপাতাল উধাও হওয়ার টাকা খাও
non_depressive,ঠিকা নিয়ে মনে হচ্ছে আগের থেকে অনেক ভালো আছি। কারণ জ্বর খুব হয়না বললেই চলে।
depressive,নির্মম হাড় থেকে মাংসগুলিও আলাদা করে ফেলেছে
depressive,আমি সময় বয়স সময় নিয়ে চিন্তিত হয়ে থাকি আমার জীবনের পরিকল্পনা উদ্দেশ্য ছিল এবং এখন নেই।
depressive,দৃর্ঘ বছর ধরেই ডিপ্রেশনে আছি।কবে মুক্তি পাব সেটা আল্লাহ পাকই ভাল জানেন।
depressive,"কোন এক নিঝুম রাতে , ঝাউ বনে চাঁদের আলোতে । গান গেয়ে যায় একটি ছেলে , একরাশ বেদনা বুকে নিয়ে । তার সেই গানতো কেউ শোনেনা , হতাশার কথাতো কেউ জানেনা ! তবুও তার আশার প্রদীপ তো নেভে না ! যদি ফিরে পায় সেই হারানো দিন ! কোন এক নিঝুম রাতে , জীবনের অপর এক প্রান্তে । বসে থাকে একটি মেয়ে , ছেলেটির "
non_depressive,কিছুদিন আগে আমি একজনের নিকট চিকিৎসা সম্পর্কে জানতে পারি যার মাধ্যমে নাকি একটা ছেলে সুস্থ হয়েছে। আমার বিশ্বাস হচ্ছিল না। তবে দেখতে পেলাম।
depressive,ডিপ্রেশন ভুগতেছি এখন কোনো ভাবেই জেনো জীবনে ভালো কিছু করতে পারতেছি
depressive,কোন একদিন আমার বাসার লোকজন আমি পালিয়ে বিয়ে করলে মেনে নিবে কিন্তু এখন আমার বাসার লোকজন আমার চুলকাটা মেনে নেয় রংবাজ
depressive,সিনেমা থাকলে ভাল সমাজ জাতির দ্বংসেক কারন হলো সিনেমা
depressive,হওয়াটাই স্বাভাবিক কারণ বাবার চিকিৎসার জন্য সরকারের অনুদানের টাকা লাগে হাইলে ছেলে
non_depressive,"সবকিছু মিথ্যে , আমি মিথ্যে , মিথ্যে আমার বসবাস , মিথ্যে আমার গৃহ , শুধু সত্য আমার নিরূপিত ছায়া মাত্র । "
depressive,একটা শূন্যতা থেকে যায় জীবনে
non_depressive,খুশি হলাম শ্রীরাম
non_depressive,আপনাদের ভাই নিউজ অভাব পড়ছে
depressive,প্রিয় তোমারে পেয়ে গেলে হয়তো নাটক দেখা হতো
non_depressive,সাধারন জনগণকে অনেক ধন্যবাদ সাহসীকতার পরিচয় দেয়ার জন্য পাহাড়ি সন্ত্রাসী রার কার্যকলাপ দিন দিন খারাপ দেখছি
depressive,জীবন একটি অসম্ভব অনুপ্রাণিত পথের মত।
non_depressive,আগে শুধু অপূর্ব মেহজাবিনের নাটক দেখতাম এখন ইয়াশ তটিনীর নাটক দেখিLovely pair
non_depressive,পথে আয় সেই পথেই গেছে
depressive,কেমন ছেলে বাবার গায়ে হাত তুলে আমি হলে ছেলেটাকে মারতাম
depressive,তেল পাচার পাচার বন্ধ করে দাম বাড়ানো কতটা যুক্তি আছে
non_depressive,ভাইয়া আপনি হাতে মাইক্রোফোন ধরে রাখেন এতে আমারই খাটুনি মনে হয়। দুই হাত নাড়িয়ে কথা বলার জন্য অনুরোধ করছি
depressive,রাজধানীর কুর্মিটোলায় দুই চালকের প্রতিযোগিতায় বাসচাপায় প্রাণ হারিয়েছেন তিন কলেজ শিক্ষার্থী । সাংবাদিকদের প্রশ্ন এড়িয়ে গেলেন মন্ত্রী ! কবে ঘুম ভাঙবে সরকারের ? 
depressive,খারাপ পথে কাটা ব্যায় করেভালো কাজে ব্যায় করুন আল্লাহ খুশি হবেব্যাবসাও ভালো হবে
non_depressive,বছর আগের কথা এখন বাস্তব হতে চলছে
non_depressive,পাকিস্তানের প্রধানমন্ত্রীর বাংলাদেশ সম্পর্কে উনার কোনো ধারণা নেই উনি জানেন বাংলাদেশের উন্নয়নের জন্য বাংলাদেশের জনগণকে কতটা ত্যাগ স্বীকার।
depressive,এতগুলো ছবি একসাথে মুক্তি দেওয়ার দরকার ছিল
depressive,"অষ্টম শ্রেণীর ছাত্রীর বিয়ে আটকাতে রুখে দাঁড়াল তার বান্ধবীরা । শাব্বাসএটা বাল্যবিবাহ ছিলো কিন্তু পরের দিনই মেয়েটি অন্য ছেলের সাথে পালিয়ে গেল সমস্যা নাই , এটা আধুনিকতা বলে চালিয়ে দেয়া যায়"
non_depressive,বাকি আসামিদের জনগনের কাছে চেরে দেওয়া হোক জনগন তার বিচার করবে
non_depressive,"নিজ থেকে কেউ কখনো স্বাবলম্বী হয় না সময় , পরিস্থিতি আর বিভিন্ন ঘটনা মানুষকে স্বাবলম্বী হতে বাধ্য করে "
non_depressive,একজন বেপর্দা নারীর শারীরিক গঠন দেখে রিকশাওয়ালাও মজা নেয় আর একজন পর্দানশীল নারীর পর্দা দেখে ফেরেশতারাও সম্মান করে
depressive,নিজের একটি চোখ বিক্রি করে আইফোন কিনে সবাইকে দেখিয়ে বেরাচ্ছেন আমাদের নিমা যুগ পাল্টাইছে কিন্তু মানুষের নষ্ট ধেনধারনা পরিবর্তন হয়নি খুব দুঃখ জনক
depressive,পাকিস্তানের সামরিক শক্তির দিকে তাকালে আমাদের লজ্জা
depressive,একমাত্র কারিগরি শিক্ষার অভাবের কারণে এমন পরিস্থিতি তৈরি হয়েছে।
non_depressive,এতদিন তাহলে টিভি সংবাদে আসছে শেষ পর্যন্ত দেরি করে হলেও উনি আসার জন্য থ্যাংক
non_depressive,কল্যাণপ্রাপ্ত সেই ব্যক্তি যার নিজের পাপসমূহ তাকে অন্যদের পাপের দিকে অঙ্গুলি নির্দেশ থেকে বিরত রাখে। হযরত আলী রাঃ
non_depressive,বিদেশ দেখিচি এমন লবণ থেরাফি
non_depressive,এদের নিউজ অভাব বুঝা যায়
non_depressive,ইয়াশের লুক পুরাই রিয়েল পেশেন্ট মতো লাগলো। অভিনয় সাবলীল।
non_depressive,জেনে জেনে কথা বলবেন এখানে রাকিবের ফেমেলির কেও ছিল এখানে অন্তরার বোনেরা ছিলা তাই এখানে টিম রাকিব হোসেনের দোষ নেই
depressive,ডিপ্রেশনে পড়া মানুষ একটা জীবন্ত লাশের মতোযারা ডিপ্রেশনে ভুগছে শুধু তারাই বুঝে এটা উপভোগ করা কতটা ভয়ংকর
depressive,প্ৰিয় বন্ধু সাবধান হয়ে যান এটা কিছু আখেরি জামানার চিন্হ করেছেন সেটাই মুখ্য সদা সৃষ্টকর্তার স্বরণ করুন।
depressive,ভাতের চাল কিনতে মাথা নষ্ট হয়ে যায় বলে
depressive,প্রিয় মানুষটি অনেক দূরে থাকে তার সাথে এখনও দেখা নি।তবুও আমার ভিশন প্রিয়।জানি আমাদের কবে দেখা হবে
depressive,আমাদের দেশে সাংবাদিক রাই বেশি বেকার
depressive,খুবই কষ্টদায়ক এভাবে মানুষ মানুষকে পেটায়
depressive,মাননীয়া মুখ্যমন্ত্রীর দলের তৈরি বোমাও এখন বাংলার শিল্প সার্টিফিকেট দিয়ে আমি করবো মনে চায় মরে যাই
depressive,হত্যার কঠিন বিচার চাই
non_depressive,ট্রাকটি যেখানে দাঁড়িয়ে আছে পার্কিংয়ের জায়গা হইতে পারেনা
depressive,"মাঝে মাঝে সত্ত্যি এই ভেবে অবাক হই , যাকে নিজেকে এত্ত ভালবাসি , তাকে সমাজে বেড়াজালে কেন বন্ধী করে রেখেছি ? তাকে সবকিছু থেকে কেন মুক্তি দিচ্ছি না ? "
depressive,মাঝে মাঝে দেখা পাই চিরদিন কেন পাই আহা অনুভূতি
depressive,এখন আমি কোনো আশা উৎসাহ অনুভব করছি না।
non_depressive,এভাবে চিত্রজগত শেষ হয়ে গেলে খুশি হতাম
depressive,আমিও এরকম ব্যর্থ
non_depressive,আওয়ামী লীগ স্মার্ট বাংলাদেশ বলে কথা
depressive,আমি সময় বোধহয় আমি নিজেকে নিজের অংশ হিসেবে ধরে রাখতে পারি না।হতাশা দুচিন্তা বেকারত্বের প্রধান কারণ।
non_depressive,"ভারতীয় রাজনীতিতে নরেন্দ্র মোদিজীর অনেক বড় অবদান আছে । ভারতীয় গণতন্ত্রের ইতিহাসে লেখা হবে যে তিনি ভারতীয় গণতন্ত্রকে পরিবারবাদ , জাতিবাদ ও তুষ্টিকরণ থেকে মুক্ত করেছেন এবং উন্নয়নের রাজনীতির এক নতুন যুগ শুরু করেছেন শ্রী : "
depressive,লেখাটি পড়ে আমার মনে হচ্ছে জীবনের প্রতিটি ক্ষণে আমাদের সাথে দুখ আছে। কান্না সারা দেশের
depressive,সময় থাকতে ভালোবাসতে প্রিয় সময় ফুরিয়ে যাওয়ার পরে ভালোবেসে পাবে।ভালোবাসি প্রিয় ভীষণ ভালোবাসি তোমাকে হারাতে চাই কখনও ভালোবেসে থেকে যেও আজীবন।
non_depressive,আমি সচরাচর নাটক দেখি কিন্তু এদের নাটক দেখে আমি পুরাই অবাক
depressive,গণতন্ত্রের লেবাছ হলো জনগণ সকল ক্ষমতার উৎস । আর ভিতরটা হলো শাসক সকল ক্ষমতার উৎস । 
non_depressive,আলহামদুলিল্লাহ বিদেশে থেকেও টিকা দিনাই কিসের টিকা আল্লাহ বাঁচালে বাচবো আল্লাহ ভরসা
non_depressive,অবশ্যই পাতা ছেঁড়া ঠিক আছে।। সরকারের এটা আগেই দেখা উচিত ছিল বইয়ে আছে আছে
non_depressive,বলার ভাষা কখন শুরু থেকে শেষ হয়ে গেল বুঝলাম তাদের দুজনের অভিনয় অসাধারণ
non_depressive,ভাই ভাই কেমন চিকিৎসা
depressive,রাজশাহীতে ভোটকেন্দ্রে আ লীগ সমর্থককে ছুরিকাঘাত : 
non_depressive,বাস চালক নাম ঠিকানা প্রকাশ করা উচিত ছিল
depressive,পুলিশ হালারা রাতেও শুধু শুধু সাধারণ মানুষ হয়রানি করে ধান্দার জন্য কবো ওরা মানুষ হবে
non_depressive,এতোদিন দেয়না কেন
non_depressive,আমরা লেখাপড়া করি শুধু চাকরির জন্যে জানার জন্যে না। দেশের সমস্যা আছেই। দুর্নীতিতে ভরে গেছে।
depressive,টাকার চুলায় রান্না করে টাকার চালের ভাত খেয়ে ইউনিট প্রতি টাকা বিদ্যুৎ বিল দিয়ে উন্নয়নের মহাসড়কে হাটতে চায়
non_depressive,উনি ভরতকির কথা বলেন তেলএর দাম বাড়ালো সেই ভরতকিও সাধারন কৃষক পায়না। আবার গাড়ি ভাড়া বাড়ালো এটার জন্য গাড়ি ভাড়া ভতকি দেবে
depressive,আসলেও গরম অনেক
depressive,ভাই ঠিক বলছে উন্নয়ন দিয়ে হবে
depressive,মৃত্যু পর্যন্ত চলতে থাকবে তার অসীম আকাঙ্ক্ষার
depressive,ওমা এটা শুনে বুকে ব্যথা করে উঠলো
depressive,আমার জীবন শেষ সর্বনাশা রোগ
depressive,দাত মাইজা লক্ষ হাজার মেক্টিকটন কয়লা শেষ করছত জন্যে তোর দাত সুন্দর
non_depressive,দিন আপনারা সংবাদ প্রচার করেন দিন ছিলেন
non_depressive,এদের আইনের আওতায় আনা দরকার।
depressive,আমাদের মধ্যে অসচেতন থেকে জাবে কোন সময় কোন কালেও পরিবর্তন হবে
depressive,একটা শূন্যতা থেকে যায় জীবনে
non_depressive,বছর আগের চিকিৎসা এটা
depressive,প্রধান মন্ত্রী এগুলো চোখে দেখে
depressive,"নীল পদ্ম খুজতে খুজতে আজ নিজেই , শৈবাল হয়ে গেছি অন্যের জন্য সুখ খুজে ফিরি , হঠাৎ দেখি পেছন ফিরে শুধুই মরুভূমি ঐ ত নীল আকাশের তারা জ্বলছি একা আজ তোমায় ছাড়া বাবু"
depressive,মানুষের প্রতি মানুষেত দরদ দিন দিন কমলেও কুত্তা বিলাই প্রতি মানুষের দরদ দিন দিন বাড়তেছে
non_depressive,খুব ভালো লাগলো কথা শুনে
depressive,জুনিয়রদের ছন্দে ফেরার এটাই উত্তম সুযোগ দেখছেন টোয়েন্টি দলের অধিনায়ক সাকিব হাসান
depressive,আমার মনে বেদনা জাগানো হয়েছে কথাটি পড়ে।আসুন দেশটাকে গিলে খাই ভাত উপর চাপ কমাই
non_depressive,অপোরাধী মাছুমের উচিৎ ছিল পুলিশের সাহায্য নেওয়া প্রকাশ্য অস্ত্র নিয়ে হুমকি দেয়া আইন বিরোধী কাজ লাইসেন্স বাতিল করা উচিৎ
depressive,"তোমার নেশায় পইরা আমি হইলাম দিওয়ানা , তোমার জন্য হারায় গেলো আমার ঠিকানা , তোমার মতোই থাকলা তুমি খবর নিলা না । "
depressive,ডিপ্রেশন জিনিসটা এতটাই খারাপ একটা মানুষ জীবন মৃত্যুর মাঝখানে দাঁড়া করিয়ে দেয়
depressive,বিপদের মধ্যে আমি সময় একটি অন্ধকারে বিশ্রাম পাই যেখানে কোনও প্রকাশ নেই।
depressive,বাসের তলায় পিষছে মানুষ হাসছে নরপিশাচ তিন তিনটা লাশ পরেছে কির পোলা লাশ চাস
depressive,আমার বয়স বছর এখন আমার বার বার মাঝে মাঝে হার্ট অ্যাটাক মতো ঝামেলা হচ্ছে প্রায়। কিছুই বুঝলাম আমি ফাইজারের টিকা নিয়েছিলাম।
depressive,তোমার গায়ের গন্ধ আমাকে তোমার কাছে টেনে নিয়ে যায় তুমি আমার শরীরের গন্ধে আমাকে দূরে ঠেলে দাও। আহারে ভালোবাসা।
non_depressive,ঠিকা নিয়ে মনে হচ্ছে আগের থেকে অনেক ভালো আছি। কারণ জ্বর খুব হয়না বললেই চলে।
depressive,"বেশিরভাগ রাজনীতিবিদ জনগণ বিচ্ছিন্ন , অথচ এই রাজনীতি নাকি জনগণের জন্য ! তাঁরা ফুরালে মেয়াদি ক্ষণ জনগণের দ্বারে নামে , করে প্রতিশ্রুতির আলিঙ্গন ভোট , ভোটারের দামে ! তারপর ঠেলেঠুলে জনগণ ক্ষমতা মসনদে উঠায় , সেই ক্ষমতায় আচ্ছন্ন ক্ষণ তাঁরা নীচে না তাকায় ! "
non_depressive," ছবি নয় , চরিত্র এডিট করো দুনিয়া আখেরাত উজ্জ্বল হবে ! "
depressive,প ্যারা কাকে বলে এই বইগুলো তার উদাহরণ অলরেডি ২বছর এসব পড়ছি আবার ৩ বছরের জন্য পড়তে হবে পরির জীবনটা শেষ 
non_depressive,টিকটক থেকে দেখে সরাসরি চলে আসলাম ইউটিউবে নাটকটি দেখার জন্য
depressive,"ভালোবাসা পাওয়ার ভাগ্য সবার থাকে না , হয়তো আমার ভাগ্য নেই তবে বেশি কষ্ট কি জানো যাকে ভালোবাসি , সে আজো বুঝলো না তাকে কতোটা ভালোবাসি । "
non_depressive,কোটি কোটি টাকা দিয়ে পদ্মা সেতু করার পরে গাড়ি ভাড়া হবে পারমানবিক বিদ্যুৎ বানানর পরে আমরা টাকায় বিদ্যুৎ পাবো
non_depressive,খুব সুন্দর কথা মানুষ বাঁচলে উন্নয়ন হবে। খুব সুন্দর নিউজ
depressive,রেডিসন এর পাশে জাবালে নূর এর দুই বাস প্রতিযোগিতা করতে গিয়ে স্কুলছাত্র দের চাপা দেয় । কেন অসুস্থ প্রতিযোগিতা ? কেন কচি প্রান ? তাদের পরিবারের আশাভরসার ? এভাবে তো চলে যাবার কথা ছিল না । এখনো জীবনটা যে দেখা হল না । এমন হাজার প্রশ্নের উত্তর পেলাম না । হয়ত পাবও না । 
depressive,আমি সবকিছুর অনুভূতি মুছে ফেলতে চাই কিন্তু করতে অসমর্থ।
non_depressive,সঠিক কাজ করেছে। এটা মনে রাখবেন সবাই আপনার বাবা ভাল দেখে ভাবা ভাল হবে এটা কোনো কথা না। পৃথিবীতে কিছু জারজ বাবাও আছে
non_depressive,অবসরপ্রাপ্ত সরকারি কর্মচারিদের বেতন বাড়ানোর জন্যে জোর দাবি জানাচ্ছি
depressive,শেষে যেভাবে জড়িয়ে ধরেছে স্বামী স্ত্রী এইভাবে ধরেনা বুকের ভেতর ঢুকিয়ে ফেলেছে।
depressive,খবরের মাজে দিলে মেজাটা খারাপ
non_depressive,প্রশাসন করবে টাকার কাছে আইন অসহায়
non_depressive,এটা কোন দেশরে ভাইএকটা স্বাধীন দেশে এরকমভাবে অস্ত্র উচিয়ে চলবে
non_depressive,"নিষিদ্ধ জিনিসের প্রতি আমাদের একটা প্রবল আকর্ষণ কাজ করে , তাইতো তাকিয়ে থাকা আর ডেকে রাখার মতো একটা রোগ আছে আমাদের কানা বাবু"
depressive,ভাল থাকুক মায়ায় জড়ানো ভালোবাসার মানুষ গুলা
non_depressive,ঘরে ঘরে এখন একই অবস্তা এরপর একদল চাটার বলবে জনগনের ইনকাম বাড়ছে
non_depressive,আলহামদুলিল্লাহ সাব্বাস সচেতন ছাত্র সমাজ
non_depressive,"বুধবার রাজ্যের কৃষি বিপণন দপ্তরের এক অফিসার জানিয়েছেন , গত সাত বছরে পশ্চিমবঙ্গে ১৮৬টি কৃষক বাজার বা কিষান মান্ডি বানানো হয়েছে । খরচ হয়েছে ১১৭১ কোটি ২০লক্ষ টাকা । কিন্তু এই কৃষক বাজার বানানোর খরচ গত বছর পর্যন্ত এতটা ছিল না । একবছরে আটটি বানাতে খরচ হয়েছে ১৪৭ কোটির বেশি । ১ ২ "
non_depressive,"আপনার কাছে কোন জেলার ভাষা বেশি কঠিন মনে হয় এবং কথাগুলো বুজতেও সমস্যা হয় ? নীচে জেলার নামগুলো দেওয়া হলো , তো আর দেরি নয় এখনি আপনার মূল্যবান ভোট দিয়ে সেই জেলাটিকে নির্বাচিত করুন । "
non_depressive,লাইক দিলে নাটক আবার দেখবো
depressive,নাটকটা ইয়াশ তটিনীর সবচেয়ে সুন্দর একটা নাটক ছিলো এটার ভালো মুহুর্তগুলো সবাইকে হাঁসিয়েছে কষ্টের মুহুর্তগুলো সবাইকে কাঁদিয়েছে
non_depressive,দেখলাম ভিডিও চিত হইয়া পইরা আছে মিথিলা হালকা করে ভিডিও সামনে আসছিলো
non_depressive,ভাই টাকা ভাড়া খরচ করিস সেই টাকা দিয়ে বাড়িতে আরামে শান্তিতে অনেক ভালো খাওয়া যায়। একটু রান্না করা শিখে ছেলে মেয়ে দুইজনই
depressive,বাংলাদেশে বক্স অফিস বলতে আমি বুঝি মাজার পুজারিদের দানবক্স
non_depressive,ভোট পাবার জন্য
depressive,বাসের তলায় পিষছে মানুষ হাসছে নরপিশাচ তিন তিনটা লাশ পরেছে কির পোলা লাশ চাস
depressive,ভেক্সিন নেওয়ার শরিলে শক্তি চলে গেছে
depressive,সিন্ডিকেট ইস্যুতে নরেন্দ্র মোদীর পাল্টা হিসাবে বলেছেন বিজেপি কে হারাতে তৃণমুল মানুষের সিন্ডিকেট করছে । এটা বলা মানে তৃণমুল সিন্ডিকেট করছে ? তাহলে মোদীবাবু সংসদে দাঁড়িয়ে বুক বাজিয়ে নিজেকে ভাগীদার বলেছেন তাহলে কি আমরা ধরে নেব চৌকিদারই আসল ভাগীদার ? 
depressive,বাঙালি তোদের ছেড়ে দেবে ভেবেছিস
depressive,এরকম মর্মান্তিক মৃত্যু যেনো কারো হয় ছি কত্ত নির্মম ভাবে মেরেছে সুন্দর ছেলেটাকে
non_depressive,আল্লাহ রক্ষা করুন আলহামদুলিল্লাহ সুস্থ আছি
depressive,ভুড়ি ভোজ করতেছে আর বাম হাত দিয়ে পানি খাইতেছে এই ভন্ডকে চিনতে পারছেন এই শয়তান ইসলামী ফাউন্ডেশনের চেয়ারম্যান শামীম আফজাল মূর্খ ভন্ড এই শয়তান পাবলিক টয়লেট পরিচালক হওয়ার যোগ্য নয় অথচ তাকে ইসলামী ফাউন্ডেশনের মহাপরিচালক বানানো হলো 
non_depressive,ভারতের আসাম রাজ্যের নাগরিক তালিকা থেকে বাদ পড়েছে ৪০ লাখ মানুষ : 
non_depressive,চিকিৎসা সঠিকবিদেশ এমন চিকিৎসা দেওয়া
depressive,বাংলাদেশ ছেড়ে যারা ভারতে গিয়েছে তারা প্রকৃতপক্ষে ভারতকেই নিজেদের দেশ মনে করে আগাছা পরগাছা থাকাটাই ভালো
depressive,টেস্টে বাজে খেলায় খেলোয়াড়দের অশ্লীল ভাবে গালি দেয়া ছেলে মেয়ে গুলার মূখে এখন প্রসংশা ফুল ফুটে অদ্ভুত
non_depressive,অসাধারণ একটি নাটক ছুয়ে গেল
depressive,আমি জীবনের কষ্টের মধ্যে নিজের আত্মবিশ্বাস হারিয়ে গেছি যেখানে আশা একটি অসম্ভব শক্তি ছিল।
non_depressive,রাজকুমার সাথে টক্কর দিতে আসছিলো
depressive,তবে এটা সত্য অসুস্থ মানুষ হসপিটালে গেলে আরো অসুস্থ হয়ে পড়ে।
non_depressive,ভাই আমি গোছল করতে যাচ্ছি আমাকেও নিয়ে একটা নিউজ করেন।
non_depressive,"শেষ পর্যন্ত বিজ য় হল আমাদের সিলেটের ধানের শীষ , আশা ও ধীর বিশ্বাস ছিল সিলেটের আরিফ ভাইয়ের উপর ও ধানের উপর , আন্তরিক ভাবে অভীনন্দন আপনাকে , আমরা অনেক খুশি আপনাকে আবার মেয়র হিসেবে পেয়ে "
non_depressive,এখানে ট্রাক ড্রাইভারের দোষ বুঝলাম না। বাইকার নিজেই নিয়ন্ত্রণ হারিয়ে ট্রাকের নিচে পড়েছে।
depressive,তিন লাখ টাকা
depressive,আপনার নাকি ? একটু ছাতা ধরতে ও বেচারা নিজ দলের কাউকে পাইলোনা এই চর্বি ওয়ালা কর্মীরা করবে আবার আন্দোলন করবে বা কেমনে বিদেশে কেউ দেশে বসে বসে শুধু অনলাইন গরম করে তবে গুজব রটানোর আন্দোলনে আপনারা সেরা এটা মানতে আপত্তি নেই 
non_depressive,নামাজ আদায় করুন। আল্লাহর সাথে কথা বলুন বিসন্নতা বুঝতেই পারবেন
depressive,ইয়া আল্লাহ জীবনে বড় ভুল করে ফেলেছি এখন ভুলের মাশুল দিতে হচ্ছে
non_depressive,নাগরিকত্ব চাই আপনি বাংলাদেশের সংখ্যালঘুদের নিরাপত্তার ব্যবস্থা করুন
non_depressive,দেশ বিদেশে সড়ক দুর্ঘটনায় এতো সাধারণ মানুষের মৃত্যু হয় অথচ মানুষ খুনি এসব মন্ত্রীদের মৃত্যু কি হতে পারে না ? যতদিন এসব হায়েনাদের হাতে ক্ষমতা থাকবে ততদিনে এদেশের সড়ক পথের দুর্ঘটনার হার ও হ্রাস পাবেনা । 
non_depressive,শ্রী রাম অমিত শাহ ধন্যবাদ এমন সিধান্ত নেওয়ার জন্য
non_depressive,সত্যিই নাটকটা খুব সুন্দর ছুয়ে যাওয়ার নাটক
non_depressive,যাই হোক মেয়েটা কিন্তু সুন্দর আছে
depressive,কয়লা ধুইলে ময়লা যায়না সেই কয়লা বাতাসে নিয়ে গেল কয়লার নামে বড় অপবাদ
non_depressive,সিনেমা নামের সাথে যায় না। তাই অবস্থা। মানুষ এগুলো এখন খায় না।
non_depressive,এরাই নাম সোনার বাংলাদেশ
non_depressive, দয়া করে আসামের বাঙালীদের পাশে দাঁড়ান দিদি র নির্দেশে আবার বাঙালীদের উদ্ভাস্তু করতে চলেছে 
depressive,সর্বনাশ ভাই এতো দেখি করোনার রকম আতঙ্ক। এখন যারা টিকা নিয়ে ফেলছে তাদের জন্য কোন নতুন চিকিৎসা নিতে হবে আপনার জানা থাকলে জানাবেন প্লিজ।
depressive,ডিপ্রেশনের জন্যই আমি ক্রমেই শেষ হয়ে যাচ্ছি
depressive,পেরেমে পেরেমে সময়কাল চলে যাচ্ছে
non_depressive,সত্য অবস্থা তুলে ধরার জন্য বিবিসিকে ধন্যবাদ
non_depressive,আমি পেয়াজ কিনা বন্ধ করেছি আজকে লাগবে শুধু তাই কিনেছি কাল তাই করবো আপনারাও এমন করেন।
non_depressive,নামাজ হলো একমাত্র সমাধান
non_depressive,ভাই রোগটির নাম
depressive,কষ্ট দিবিরে তোরা বাঙালি তোদের ছেড়ে দেবে ভেবেছিস বাংলাপক্ষ জয়বাংলা
depressive," ঘণ্টাখানেক সঙ্গে সুমন , সন্ধে ৭ । বিষয় রাতারাতি অসমে উদ্বাস্তু ৪০ লক্ষ ? চলছে বাঙালি খেদাও , অভিযোগ মমতার । আদালতের নির্দেশেই এনআরসি , বলছে বিজেপি । গো মাতা না ছাগ মাতা । নয়া দ্বন্দ্ব বিজেপির অভ্যন্তরে । "
non_depressive,কিন্তু আপনি নিউজ করে লাখ টাকা কামায় নিবেন
depressive,পৃথিবীতে সবচেয়ে শক্তিশালী উপাদানটি হচ্ছে বিশ্বাস সেই বিশ্বাস থেকেই ভালোবাসা সৃষ্টি
depressive,বিশ্রী শহরে থাকতে চাইনা আমি
depressive,ভার্চুয়ালে পরিচিতো প্রিয় আপুটাও আমার সাথে রাগ করে । ব্যাস্ততার কারনে সবই ধীরে ধীরে হারিয়ে যাচ্ছে । 
non_depressive,সুন্দর সোনার বংলা
non_depressive,বিচার হোক বাসের গতি বিশ করে দেওয়া হোক
non_depressive,রাফাত ভাই ধন্যবাদ সুন্দর নাটক উপহার দেওয়ার জন্য কথায় বলতে গেলে অসাধারণ চিল From হবিগঞ্জ
non_depressive,বিশ্বাসের কারনেও রোগ ভালো
depressive,এটা বিজেপি শোষিত বিহারের দ্বিতীয় বৃহত্তম সরকারি হাসপাতাল নালন্দার ছবি অসুস্থ রোগীরা যখন হাসপাতালের ভিতরে অস্বাস্থ্যকর জমা জলের নরক যন্ত্রণায় ভুগছেন বিজেপি সরকারের স্বাস্থ্য মন্ত্রী মঙ্গল পান্ডে তখন সিমলায় বর্ষার ছুটি উপভোগ করছেন 
depressive,বাইরের রাজ্যে কিছু হলে উনি সহিষ্ণুতা অসহিষ্ণুতা নিয়ে বড় বড় বাক্য বলেন । অথচ মন্দিরবাজারের ঘটনায় একটা শব্দ নেই । 
non_depressive,শিক্ষকরা ঘুমিয়ে ঘুমিয়ে বেতন পেলে এমনতো হবেই
depressive,টিকা দেওয়ার এলার্জি চরম ভাবে আক্রান্ত হয়েছি আমাদের গ্রামের অনেকের সমস্যা।
depressive,খালি বলবে গ্রেফতার করা হয়েছে তদন্ত করা হবে ব্যবস্থা নেওয়া হবে তারপরে শেষ
non_depressive,"ইদানীং মনে হয় এত কষ্ট কইরা এদের এত মিথ্যা বলার দরকারটা কি ? কইলেই হয় যা করসি , করসি । পারলে ঠ্যাকা নাইলে অফ যা । বাস্তবে তো তাই হইতেসে । "
non_depressive,ইলাহা ইল্লাল্লাহু মুহাম্মাদুর রাসুলুল্লাহ সাঃ সবাই একবার পড়ে জান
depressive,ভারতের আসাম থেকে লাখ অবৈধ বিদেশি এখন কোথায় যাবে কান্না সারা দেশের অস্বস্তি
non_depressive,মেইন কথা হলো ভিডিও করলো কে।।যে ভিডিও করলো তাকে কিছুই কইলো বিষয় কেমন কেমন লাগে
non_depressive,ঈশ্বর করেন মঙ্গলের জন্যই করেন উপর আলার কাছে বিশ্বাস রাখ ঠিক হয়ে যাবে
depressive,এতো টাকা খেয়ে বেঁচে আছে কিভাবে
depressive,"দুনিয়ায় যত অনুপ্রবেশকারী তড়িপার দেশদ্রোহী আছে , সবাইকে সুবে বাংলায় সাদর আমন্ত্রণ । আসার আগেই ভোটার ও রেশন কার্ড তৈরী হয়ে যাবে । খাবারে ২টাকা কিলো চাল শিক্ষার জন্য মাদ্রাসা হজ যাওয়ার জন্য ভর্তুকি ইমাম হলে ভাতা চাকরি চাইলে সংরক্ষণ ব্যবসা করলে চপশিল্প আছে । "
non_depressive,পোলিং এজেন্টকে ভোটকেন্দ্রে রাখার দায়িত্ব দলেরই : 
non_depressive,আমি দীর্ঘদিন এমন একটি আবেগপ্রবন নাটক দেখলাম। অসাধারণ অভিনয় করেছেন
depressive,কিছুক্ষণ আগে লাইন ঠিক করার সময় সর্ট করে ফেলে দেয় হায়াতের জুড়ে নিচে না পরে উপরে বেজে থাকে সকলের সাহায্যে তাকে নিচে নামিয়ে নিয়ে আশা হয় 
non_depressive,প্রশাসন আইন আদালত বিচার বিভাগ সবকিছুই তাদের এখন। শর্টগান কেনো ট্যাংক কামান আনলেও অবাক হবেন
depressive,প্রতিটা মুহূর্ত অনেক কষ্টদায়ক যার ব্যথা সেই বুঝে
non_depressive,আমি বাংলাদেশের মধ্যে একমাত্র মানুষ করনার টিকা নেই নাই। আল্লাহর উপর ভরসা করেছি
depressive,বিনপির কেউ যেন শুনে। মনে ব্যথা লাগে এসব কথা শুনলে
non_depressive,ড্রাইভিং অবস্থায় ঘুমিয়ে পড়ার কারণে দুর্ঘটনা বাড়ছে
depressive,আমি একটি ভিডিও দেখে অনবরত কান্না করেছি বন্ধু তুমি যেখানেই থাকো ভালো থেকো
depressive,নিউইটা শুনে প্রথমে মনে হলো তাহসানের মিথিলাকে পিটিয়েছে ইউটুবার। আপনাদের নিউজের এতো অভাব। প্রথম নাম শুনলাম এইগুলার।
depressive,মানসিক শান্তি কোথায় পাওয়া যায়।
depressive,আসল হলো ঘুম ঘুম গেলেই শান্তি
non_depressive,যারা পাহাড়ি অঞ্চলে বসবাস করেন তাদের সকলের কাছে অনুরোধ আপনারা সকলেই ঐক্যবদ্ধ থাকবেন
depressive,কোথাও নেই মানবতা কোথাও নেই বিচার ! সবখানেতে ঝুলে আছে আজগুবি সব ফিচার ! 
depressive,সকালে উঠিয়া আমি মনে মনে চিল্লাই এতো বড় হইছি আমার বউ নাই কিল্লাই গুদ মন্নিং
non_depressive,আইন হুজুর দের জন্য বাকিরা জান্নাতি৷
depressive,আচ্ছা depression অল্পতেই খুব কান্না পায়
non_depressive,শাহবাজ সাহেবকে বলতে চাই বাংলাদেশে এসে মাস থাকো তাহলে বলবে উন্নত বাংলার চেয়ে অনুন্নত পাকিস্তান ভালো
depressive,হারিয়ে যেতে চাই তার শহরে
non_depressive,মানুষ গুলো তাকিয়ে তাকিয়ে দেখে মৃত্যু স্বাভাবিক।এই জন্যই বাংলাদেশের মানুষের দুর্ভোগ।
depressive,বিশ্বাসের শান্তির বাপ দুজনেই হাত ধরাধরি করে পালায় গেছে
depressive,মডার্না টিকা গ্রহণ করে আমি এখন লিভার এবং ব্রেন স্ট্রোক জনিত সমস্যায় ভুগতেছি
depressive,মাঝে মাঝে সম্পর্ক ঠিক হলেও দাগ থেকেই যায়
depressive,বৃষ্টিতে ভিজে এলার্জি দ্বারা লাঞ্চিত লোরাটিডিন ট্যাবলেট এর কাছে বিচার দিলুম রায়ে এক বস্তা ঘুম ঘাড়ে চাপিয়ে দিছে দেশে বিচার নাই রে
depressive,হয়তো একদিন রাস্তায় পরে থাকবো আমি বাসের চাকায় লেগে থাকবে রক্ত বীভৎস কুৎসিত অচেনা এক লাশহয়ে থাকবো পরিচয়ের অপেক্ষায়
non_depressive,বিখ্যাত নয় সঠিক কথাটি হলো কুখ্যাত।
non_depressive,তাহলে গ্ৰীন কার্ডকে লাল কার্ড দেখায় দিল।
depressive,অসাধু ব্যবসায়ী এবং কসাই ডাক্তারদের জন্য বছরের হাজার হাজার মানুষের প্রাণ যাচ্ছে।
depressive,তাদের সবচেয়ে বেশি ভুল হয়েছে উপলক্ষে ছবিটি মুক্তি দেয়া।
non_depressive,ব্যাবসা সফল হইবো এইবার
non_depressive,এরা কারা তাদেরকে নিয়ে আবার নিউজ করা লাগে
depressive,আচ্ছা depression অল্পতেই খুব কান্না পায়
non_depressive,আলহামদুলিল্লাহ টিকা ছাড়াই ভালো আছি এবার মুফতি কাজী ইব্রাহিম সাহেবের কথা সত্যি হলো আলহামদুলিল্লাহ ভালো আছি
non_depressive,দক্ষিণ পরগনা জেলায় বিজেপি কর্মী খুন হওয়ার ঘন্টা কাটতে না কাটতেই আবার বিজেপির কর্মীর উপর হামলা । তৃণমূলের এমএলে বঙ্কিম হাজরার গুন্ডারা সমরেশ মাইতিকে কিডন ্যাপ করে খুন করার চেষ্টা করে কিন্তু ঠিক মুহূর্তে বিজেপির অন ্য কর্মীরা তাকে উদ্ধার করে । এখন সমরেশ হাসপাতালে চিকিৎসাধীন । 
depressive,বাংলাদেশে বছর ধরে কয়লা চুরি গোপন ছিল
non_depressive,": আদিবাসীদের জমি হস্তান্তর হবে না , বিধানসভায় ঐতিহাসিক ঘোষণা মুখ্যমন্ত্রীর : "
depressive,শহরে আত্মহত্যা যদি পাপ মুক্ত করা হয় শুধু মাত্র একদিনের জন্য কবর এবং কাফনের কাপড় তৈরি করতে করতে ক্লান্ত হয়ে যাবে সবাই
non_depressive,শুভ সকাল 
depressive,একটা সময় ওনার গোপনে করা ভিডিও গুলি বিভিন্ন ওয়েব সাইডে দেখা যাবে অনেক বোন কাদবেন কয়েকজন হাসবেন।
depressive,রাজশাহী সিটি কর্পোরেশন নির্বাচেনে ভোট কেন্দ্রে বিএনপি প্রার্থী মোসাদ্দেক হোসেন বুলবুলের সন্ত্রাসী কর্মকান্ড দেখুন
depressive,পরিস্থিতি দেখে মনে হচ্ছে উচ্চশিক্ষিত হওয়াটাও একটা অন্যায়
depressive,আমি নিজেকে হারানোর অনুভূতি নিজেকে সবসময় আত্মহত্যার পথে নিয়ে যাচ্ছে।
depressive,দুবাই আসলাম আমার ট্রলি ব্যাগ ধরার অবস্থা ছিলো ভেঙে চুরমার
depressive,চোখে এনে দেওয়া নাটক।
depressive,"হুজুররা ওয়াজ করেঃ টাকা পয়সা , বাড়ি গাড়ি কিছুই সঙ্গে যাবে না ! অথচ হুজুররা দেখি টাকা ছাড়া মাহফিলেই আসেন না ! "
depressive,"একজন পরিবহন চাঁদাবাজ , আর পরিবহন গুন্ডা যখন মিনিস্টার হয় তখন এর চেয়ে ভাল সার্ভিস আশা করাটা বাড়াবাড়ি ; এখন মিনিস্টার হতে শিক্ষা আর আদর্শ লাগে না ; লাগে পেশী আর ম্যাডামকে খুশি করার চাটুকারী কৌশল । : "
non_depressive,টুইটে মোর পায় যে দুঃখ আপন কিছু লোক পাকিস্তান কে শত্রু ভাবে কেমন আহাম্মক ! 
depressive,"কেউ শোক আর কষ্টে ভাসে , কেউ আনন্দ নিয়ে হাসে । "
depressive,আমার কঠিন সমস্যা হচ্ছে এখন করবো জাানাইলে ভালো হবে
non_depressive,বাস দুস তাই বাইক থেমে ছিল তাই বাইক দুশ বাইক নিশিদ্দ করে দেন তবে সমস্যা হবেনা
non_depressive,ইলাহা ইল্লাল্লাহু মুহাম্মাদুর রাসুলুল্লাহ সাঃ
non_depressive,ক্ষমতা চিরদিন সবার থাকে না। ফুরিয়ে যায়
non_depressive,নিলে সমস্যা ছিলো নিয়ে সমস্যা আল্লাহ এখনো সুস্থ রাখছেন আলহামদুলিল্লাহ।
non_depressive,আমজনতার খেয়ে দেয়ে কাজ নেই কেনো।
non_depressive,লাইসেন্স বাতিল করা উচিৎ
non_depressive,বক্স অফিসটা কোথায় অবস্থিত
depressive,আল্লাহ দেখতেছি এগুলা এগুলো আগে টিভি চ্যানেলে দেখতাম নাটক হিসেবে এখন বাস্তবে দেখতেছি শুনতেছি আল্লাহ আমাদের রক্ষা করেন
depressive,এপ্রিল । ভালবাসা এমনইভালবাসার শক্তি এমনই।অসাধারণ স্কিপ্টঅসাধারণ অভিনয়। তটিনী দিনদিন অসাধারণ হয়ে উঠতেছে।
depressive,সরকারের উচিত বাজার দাম নিয়ন্ত্রণে রাখা কিন্তু সরকার আছে উন্নয়ন নিয়ে দিকে গরীব মধ্যবিত্ত নিম্ন মধ্যবিত্ত মানুষ মরছে খেয়ে
depressive,সবাই ডিশের লাইন কেটে দিয়ে বিটিভি দেখুন । এ বছর বাতাবিলেবুর ফলন অনেক ভাল হয়েছে । আয়নাবাজি
depressive,আমি হলে শোক সহ্য করতে পারতাম
depressive,এইসব ফাইভ বুলেট ট্রেনের স্বপ্ন আছে বলেই আমরা বাসের পাদানিতে টেম্পুর পাদানিতে গাদাগাদি করে দাঁড়িয়ে প্রতিদিন চলাফেরা করতে পারি
depressive,তারা উপরেটা দেখছে নিচে দেখলে বলতো তখন তারা বলতো ভালো হইছে বাংলাদেশে থেকে দূরে গিয়ে
depressive,মাননীয়া মুখ্যমন্ত্রীর দলের তৈরি বোমাও এখন বাংলার শিল্প । রেহাই দেয় না শিশুদের । 
depressive,জীবনের অজানা রাস্তায় আমি সবসময় একা পারি না।
depressive,সাকিব শেষ বাংলাদেশি সিনেমা শেষ
non_depressive,হাসতে হাসতে বীর্যপাত হয়ে গেল
depressive,আমি সময় অনুমান করি আমি অন্যের মতো হতে পারছি না।আমি সময় অনুমান করি আমি যেটা প্রয়োজন তাতে আমি সেটা করতে পারবো
depressive,আল্লাহ আমরা কোন যুগে বাস করছি ঘঠনাতো মধ্যযুগীয় বর্বরতাকে হার মানিয়েছে। কোন কথা নয়। পুরো পরিবারকে ফাঁসির কাষ্ঠে ঝুলানো হোক।
depressive,কেন জানি নাটক দেখে চোখ দিয়ে পানি বের হয়ে গেছে
non_depressive,জামায়াত কেন্ যে রাজশাহী অার বরিশালে তাদের প্রার্থী দিলো না তাহলে নিশ্চিত বিএনপি অারো ২টি মেয়র পেতেন 
depressive,হুজুররা ওয়াজ করেঃ টাকা পয়সা বাড়ি গাড়ি কিছুই সঙ্গে যাবে অথচ হুজুররা দেখি টাকা ছাড়া মাহফিলেই আসেন কান্না সারা দেশের
non_depressive,দেনমোহর কোনো কিছু নাভালো বাসা হারিয়ে যায় তাই ডিভোর্স
depressive,জীবন একটি অসম্ভব অবিরাম যন্ত্রণা যেন কেউ বোঝে না।
depressive,সল্পতার গল্প কেঊ শোনে
depressive,কতোদিন প্রাণ আমার হাসে ঠোঁটের কোনে তোমরা দেখো আসলে হাসি
depressive,অনেক কিছু সম্পর্কে অজানা হওয়া অনেক বেশি কষ্টদায়ক যেন হৃদয়ের মুখে একটা ঘুম পড়ে যায়।
non_depressive,সবাই কেমন আছেন আশা করি ভালো আছেন
depressive,টিকটকার দিয়ে নিউজ হচ্ছেগরম এমনে এমনে পড়ে।এই সমস্ত আজাব গজবের কারনেই পড়ে।
depressive,আমি নিজের মধ্যে একটি অদৃশ্য অনুভূতি অনুভব করতে পারছি আমাকে অশ্লীল করে দেয়।টাকা থাকলে শান্তিতে মরাও যায় ভাই। এটাই সত্যি
non_depressive,"বুকের ভেতর কিছু পাথর থাকা ভালো , ধ্বনি দিলে প্রতিধ্বনি পাওয়া যায় । শক্তি চট্টোপাধ্যায়"
depressive,"বিচার আমিও চাই , তবে তার আগে ওই বিচারকদের বিচার চাই । যারা হাত পাল্টাপাল্টির মাধ্যমে এই সব কিছুকে ধামাচাপা দেয় । ৫টা তাজা প্রাণের ভার নিতে পারবে কি ? "
depressive,আমি সময় অনুমান করি আমি কোন কারণে অসন্তুষ্ট।আমি সময় অনুমান করি আমি যেটা প্রয়োজন তাতে আমি সেটা করতে পারবো
non_depressive,পেয়াজ কিনুন সর্বোচ্চ  গ্রাম
depressive,রাজধানীতে বাসের চাপায় শিক্ষার্থীর মৃত্যু
depressive,কারো প্রতি সিরিয়াস হওয়া মানে নিজেকে ডাস্টবিনে পরিণত করা যেখানে লেখা থাকে আমাকে ব্যবহার করুন আজব দুনিয়া
depressive,আমি আমার জীবনের মাঝে একটি বিশেষ রকমের উদাসীনতা অনুভব করি।
depressive,কথায় আছে একটা ছেলে স্বাবলম্বী হলে চেষ্টা করে তার ফ্যামিলি কিভাবে ভালো রাখবে আরেকটা মেয়ের স্বাবলম্বী হলে এখন আমার কাউকে দরকার নেই
non_depressive,"শিল্পপতিদের পাশে দাঁড়াতে ভয় পাই না , কারণ আমার উদ্দেশ্য স্বচ্ছ , বিরোধীদের কটাক্ষ মোদীর : "
depressive,ছেয়ে বেশি ক্ষতিগ্রস্ত আমরা প্রবাসীরা লক্ষণ আমাদের প্রবাসীদের মাঝে আছে
non_depressive,ওরে কঠিন শাস্তি দেওয়া উচিৎ
depressive,"আসুন দেশটাকে গিলে খাই , ভাত এর উপর চাপ কমাই । আজকে টাকা খাই , কালকে সোনা খাই , পরশু কয়লা খাই , ভাতের উপর চাপ কমাই "
non_depressive,আমার দরকার নেই আমার কাছে আমার জন্মভূমিই শ্রেষ্ঠ
non_depressive,বস্তাপঁচা নাটকের ভীড়ে কিছু ভালো স্মৃতি জমা রইলো। মনে হচ্ছিল দশকে ফিরে গেছি। এক্সপ্রেশনঅভিনয় স্ক্রিনপ্লে অসাধারণ।
depressive,আমার জীবনে অনেক সময় সমস্যা হারানোর মুখে মুখে আমি একা আমার বিপদে পড়ে থাকি।
non_depressive,কাউকে কি ভালোবাসো ? হুম একজনকে । কে সে ? যে আমাকে পৃথিবীতে এনেছে নিজের সব ব্যাথাকে হার মানিয়ে ! 
depressive,ভাই চাকরি জিবি কথা ছাড়েন রিকশা শ্রমিকদের কথা ভাবেন
depressive,গতকাল সংবাদ সম্মেলন ডেকে এরশাদ কাকুকে সেই সংবাদ সম্মেলনে আসতে দেওয়া হয়নি ! কাকুর কি হলো আবার 
non_depressive,এখন শুনতেছি তেল পাচার হচ্ছে কয়দিন শুনবো বংলাদেশ পাচার হয়ে যাবে।
depressive,কেনো মেঘ আসে হৃদয় আকাশে মাঝে মাঝে দেখা পাই চিরদিন কেনো পাই হেক্সিসলের গন্ধে তোমার গন্ধ পাই
non_depressive,ছাত্রলীগের নেতারা মারা যাওয়ার পরে অনেকেই লেখে আলহামদুলিল্লাহ আজকে বুঝলাম আলহামদুলিল্লাহ শব্দটা সবাই কেন লেখে
depressive,অসম্ভব সুন্দর গল্পটা বাস্তবতা কষ্টের কেবল ভালোবাসার মানুষের আসা মধ্যেই বিদ্যমান
non_depressive,আরেকটু বাজেট বাড়ানোর দরকার ছিলো।
non_depressive,মাইগ্রেনের যন্ত্রণা দূর করতে ভিটামিনের কাজ করতে পারে সমুদ্র : 
depressive,ভাই দব্রমুল্য দাম বারলে সরকারের কিছুই করার থাকেনা তবে সরকারে করনিও হলো সরকারি বেসরকারি চাকরি জিবিদের বেতন বাজারের সাথে মিল রেখে বারানো হোক
non_depressive,এটা বাংলাদেশের সরকারের উচিত নজরে দেওয়া আমলে নেয়া ভবিষ্যতে এরা যেনো এমন নৃশংস হত্যা করে এদের ফাঁসি আওতায় আনা হোক
non_depressive,ইনশাআল্লাহ পাকিস্তান মুসলিম রাস্ট্র আবারও ঘুরে দাড়াবে পাকিস্তান ইনশাআল্লাহ
non_depressive,ভাই আহত লোকটির নাম
non_depressive,রাজশাহীতে ভোটকেন্দ্রে আ লীগ সমর্থককে ছুরিকাঘাত : 
non_depressive,বাহ অসাধারণ একটা এপিসোড
non_depressive,চায়না ভারতের রিনের টাকায় উন্নয়ন
non_depressive,শিক্ষা মন্ত্রী যখন যৌন মন্ত্রী তখন এমন হবে এটাই সাভাবিক
depressive,যাই আমেরিকা থাইকা কয়টা টাকা কামাই করছিল সেটাও লোকশান কইরা দিল
non_depressive,অবশ্যই পাতা ছেঁড়া ঠিক আছে।। সরকারের এটা আগেই দেখা উচিত ছিল বইয়ে আছে আছে
depressive,বাসের তলায় পিষছে মানুষ হাসছে নরপিশাচ তিন তিনটা লাশ পরেছে কির পোলা লাশ চাস
depressive,জীবনের দুর্দশায় আমি নিজের হারিয়ে গেছি যেটি ফিরিয়ে পেতে অসম্ভব মনে হয়।
depressive,তোমায় আমি খুঁজে বেড়াই রাতদুপুরের নির্জনতায় তুমি আমায় খুঁজবে তোমার পাশে ভীড় জনতায় একলা পথিক
depressive,"ইরা আম্মু , বাংলা লেখা এতো কঠিন কেনো ? আমি আমাদের দেশ অনেক কষ্টে স্বাধীনতা পেয়েছে তো তাই । ইরা তাহলে চলো আমরা ইংরেজির দেশে চলে যাই । আমি নিশ্চুপ"
depressive,আমি নিজের মধ্যে একটি অদৃশ্য অনুভূতি অনুভব করতে পারছি আমাকে অশ্লীল করে দেয়।টাকা থাকলে শান্তিতে মরাও যায় ভাই। এটাই সত্যি
non_depressive,অনেক অপেক্ষা করেছি ভিডিওটার জন্য। ধন্যবাদ স্যার
non_depressive,বাংলাদেশে ছোট খাটো কাজ করার জন্যও লোক আছে এটাই মূল কারণ
depressive,প্রায় লক্ষ বাঙালি দেশ ছাড়া হতে চলেছে সামলাতে পারবে পৃথিবী
depressive,আমার একদিন প্রচুর টাকা হবে কয়েকশ প্রেম কিনবো চারটে প্রেমিকা বন্ধুদের গিফট করবো শুভ রাত্রি ওসমান গনি
non_depressive,এইসব দালালি নিউজ প্রচার করাই ভালো
depressive,শিক্ষা শেষ।এ শিক্ষা দিয়ে খুব বেশি হলে সৌদি আরবে গিয়ে লেবার হওয়া যাবে।ধন্যবাদ তথা কথিত শিক্ষা পন্ডিত গরু মশাই।
non_depressive,কিভাবে বাঁচবে তার বাবা
depressive,জীবনের অবাক পরিণতির মধ্যে আমি নিজের পথের অভাবে হারিয়ে গেছি।
depressive,সৌদি নিয়োগকর্তাদের অত্যাচার কবে বন্ধ হবে ? : 
non_depressive,আল্লাহ সবার আরো বরকত জীবন দান করুন। আমিন।
non_depressive,"দুনিয়ায় যত অনুপ্রবেশকারী তড়িপার দেশদ্রোহী আছে , সবাইকে সুবে বাংলায় সাদর আমন্ত্রণ । আসার আগেই ভোটার ও রেশন কার্ড তৈরী হয়ে যাবে । খাবারে ২টাকা কিলো চাল শিক্ষার জন্য মাদ্রাসা হজ যাওয়ার জন্য ভর্তুকি ইমাম হলে ভাতা চাকরি চাইলে সংরক্ষণ ব্যবসা করলে চপশিল্প আছে । "
non_depressive,কথা শোনার আমি পাবনার ট্রেন টিকিট কাটলাম। আগামী তিন মাস পাগলা গারদ থাকব।
depressive,ডিপ্রেশন মনে শুধু লাল চামড়ার বিদেশীদের জন্য
non_depressive,মাননীয় মন্ত্রী মহোদয় দেখার অনুরোধ রইলো
depressive,আমি জানি আমি কখনোই সন্তুষ্ট হতে পারবো না।
non_depressive,আপনার সন্তানকে জেনারেল শিক্ষার পাশাপাশি দ্বীনি শিক্ষা দিন । অসামাজিক কাজ থেকে বিরত থাকবে । 
depressive,৯৫০ টাকার চুলায় রান্না করে ৫৫ টাকার চালের ভাত খেয়ে ইউনিট প্রতি ৮টাকা বিদ্যুৎ বিল দিয়ে উন্নয়নের মহাসড়কে কি হাটতে মন চায় ? 
depressive,মাঝে মাঝে মনে হয় এমন জায়গায় চলে যাই যেখানে কেউ থাকবেনা শুধু আমি থাকবো
non_depressive,পুরাতন কর্মীদের ছাটাই করে দেন গুলো দেখবেন নতুন যারা আসলে পুরাতনদের কথা চিন্তা করে অন্যায় করার সাহস দেখাবে
non_depressive,দান বক্স কথা বললো নাকি
non_depressive,লোক কোটি টাকার মালিক কিভাবে গান কিনার পারমিশন পেল খতিয়ে দেখার জন্য পুলিশ সাহেবদের অনুরোধ করছি
non_depressive,বাহ সাংঘাতিক তৈল মর্দন করিলেন সাংবাদিক সাহেব
non_depressive,এরা কারা কতাথেকে আশছে
non_depressive,অভিনন্দন টিম বাংলাদেশ অভিনন্দন ইকবাল খান ৯বছর পর বিদেশের মাটিতে সিরিজ জয় ! এবার টি২০তেও ক্যারিবিয়ান দের খেলে দেওয়ার পালা 
depressive,এপারের বকুলের গন্ধ আজো ও পারের সেই মানুষটিকে তাড়িয়ে বেড়ায় কেন ? কী এমন নেশা আছে সেই গন্ধে ? জানতে দেখুন মাটি : : 
depressive,আমার মাথা ব্যাথা চলতেছে তাহলে কারণেই
non_depressive,এরা কিভাবে দেশে এরকম কাজে করে।। ডিজিটাল বাংলাদেশে এসব কাজ প্রিতিদিন হয়ে থাকে
depressive,তাও উনি সরকারি চাকরি করে সরকারি চাকরিজীবীর হাল তাহলে বাকিদের হবে
depressive,করোনার টীকা তিন ডোজ দিয়ে আমি ফ্যাটি লিভার প্যানক্রিয়াসিস ভুগতিছি।
depressive,আপনার বক্তব্য বাংলাদেশে বসবাসরত আপনাদের ওয়ারিশগণ মানতে নারাজ
depressive,কষ্ট ছোট ভাইদের জন্য নিজেও একসময় ব্যাচেলর ছিলাম
non_depressive,চিকিৎসা পাইলো কোথা থেকে
non_depressive,শেষ কিছুদিন নাটকটি কেমন লাগলো কমেন্ট করে জানাবেন ধন্যবাদ তোমারই সাথে চিহ্ন
non_depressive,মালুদের ওপার নিয়ে যাওয়ার দাবী জানাই
depressive,শিক্ষা ব্যবস্থা নিয়ে ফাইজলামি করার চেয়ে একবারে শিক্ষা ব্যবস্থা তুলে দেওয়া হোক কিংবা
depressive,কিছু করার নাই সরকারি চাকরি ছাড়া বিয়া হবে
depressive,উপদেশ দেয়া বড়ই সহজ কিন্তু
non_depressive,অশ্লীলতার জন্য কোন পদক্ষেপ নেওয়া যায় এটা ইসলামের বিষয়।
non_depressive,লোকটাকে হিরো বানিয়েছে বাপকে জেলে দেওয়ার দরকার
non_depressive,"শেষ প্রচারণায়ও জনতার ঢল , ইনসাফ ও উন্নয়নের স্বার্থে ভোট চাইলেন এড জুবায়ের : "
depressive,আখেরাতের পাসপোর্ট বেহেশতের ভিসা পরকালের পাসপোর্ট এই নাকি ধর্মের ব্যবসা 
depressive,আমি সময় বোধহয় আমি নিজেকে নিজের অংশ হিসেবে ধরে রাখতে পারি না।হতাশা দুচিন্তা বেকারত্বের প্রধান কারণ।
depressive,মনের নিশ্চিত অনুভুতি এখন শূন্যের জগতে ভ্রমণ করে ফিরে আসার কোনো সম্ভাবনা নেই।
depressive,পশ্চিম বাংলার শাসক দলের মদতে রমিয়ে চলছে জুয়া শিল্প প্রশাসন নীরব দর্শক
non_depressive,একটা মেয়ে রিলেশনে আছে জেনেও একটা ছেলে তাকে বারবার প্রোপোজ করছে । যদিও ছেলেটার সাথে মেয়েটির অনেকদিন যাবৎ কথা হয় এবং ছেলেটা খারাপও না । এক্ষেএে মেয়েটির কি করা উচিৎ হবে ? 
depressive,জীবনের অনেক সময় হারিয়ে যাওয়া স্বপ্নগুলি আমার দুঃখের জলে ডুবে আসে।
non_depressive,মৃত লাশের একটা শেষ সমাধি হলে ও অাছে । কিন্ত জীবন্ত লাশের এটা ও নাই মুগ্ধতা দুনিয়া ! 
non_depressive,এদের বিচার হবে কিনা সঠিক জানিনা কিন্তু বিচার আমার আল্লাহ করবেন
depressive,"মা অপেক্ষা করে স্কুল থেকে সন্তান মায়ের বুকে ফিরে আসবে , সেই সন্তান ঘরে লাশ হয়ে ফিরে আসে আমরা খবর যানি বিচার যানিনা "
depressive,মূল্যবোধের অবক্ষয় রোধে শিক্ষা ব্যর্থ কেন মুহাম্মদ রেজাউল করিম
depressive,আমি একা অসহায় এবং অকেবাধ্য অনুভব করছি সবসময়।
non_depressive,আমরাও চাই বাংলাদেশ দুষ্ট সম্প্রদায় থেকে মুক্তি পাক
non_depressive,টাকা দিয়ে গোটা একটা দ্বীপ কিনে গাছ লাগানো যেতো।
non_depressive,আমাদের বাংলাদেশের সরকার উচিৎ গুলোর উপর নজর দারি করা
non_depressive,আসল কথাই বললেন দুর্নীতিবাজদের কারণে টাকা বিদেশে পাচার হয়ে যাওয়ার কারণে ডলারের দাম বাড়ার
non_depressive,রাস্তায় কেন ট্রাক স্টেন্ড করবে।আগে রাস্তার স্টেন্ড আছে এগুলো সড়াতে হবে।
non_depressive,নিউস করার কিছু পাচ্ছে আহারে।
depressive,নিজেকে ভালবাসুন নিজেকে সময় দিন।মাথায় রাখুনসবার আগে নিজেকেই নিজের প্রথম প্রয়োজন। দিনশেষে আপনি আপনারতাই নিজেকে নিয়ে সবচেয়ে বেশি ভাবুন।
depressive,আমি সময় অনুমান করি আমি অন্যের সাথে সঙ্গে পরিচিত নই।আমি সময় অনুমান করি আমি যেটা প্রয়োজন তাতে আমি সেটা করতে পারবো
depressive,ফাইজার টীকা দিয়ে টানা দুই বছর অসুস্থ ছিলাম। মৃত্যু আমার মাঝে যেন একটা সিড়িই বাকি ছিল আলহামদুলিল্লাহ আল্লাহ আমায় নতুন জীবন দিয়েছেন।
depressive,"আবারো টোপ ফেলছে আম্লিক ! বরিশাল , রাজশাহীতে লাখের উপর ভোট পাইছে আর সিলেটে হাইরাগেছে বিম্পি খুশি হওয়ার কারন নাই , এটা ও স্বপ্নের ই অংশ । জয় ভাঙলা"
depressive,টেস্টে বাজে খেলায় খেলোয়াড়দের অশ্লীল ভাবে গালি দেয়া ছেলে মেয়ে গুলার মূখে এখন প্রসংশা ফুল ফুটে অদ্ভুত
non_depressive,কিছুটা ইগো সমস্যা আছে। ভাবে পড়াশোনা করে ছোট কাজ করবো। ইগো সমস্যা আমাদের অন্যদের থেকে অনেক পিছিয়ে রেখেছে।
depressive,অনেক সময় মনে হয় জীবনে কোন প্রয়োজন নেই কেন বেঁচে থাকি এমন আবেগে পরিণত হয়।
depressive,বাবু কেটেছে একেলা বিরহের বেলা আকাশকুসুম চয়নে এসে মিলে গেল শেষে তোমার দুখানি নয়নে
depressive,কেমন বিউটি পার্লার আটা ময়দার বিপরীতে বেগুন বিক্রি হয়
depressive,জীবনের অজানা পথে আমি একটি হারিয়ে গেছে মনে হয়।টাকা থাকলে শান্তিতে মরাও যায় ভাই। এটাই সত্যি
depressive,একদল লোক এখানে এসেও বলবে দোষ মোটরসাইকেলের। মোটরসাইকেল কেন রাস্তায় চললো
non_depressive,পৃথিবীতে টাকার এতো দাম টাকার প্রতি মানুষের এতো লোভ যার টাকা আছে পৃথিবীতে তার মৃল্য আছে 
depressive,আচ্ছা depression অল্পতেই খুব কান্না পায়
depressive,হে আল্লাহ আমি সুন্দর হতে চাইনা শুধু আমার বন্ধুদের কে আমার মতো কালা বানাই দাও 
non_depressive,ভারতের জআরখন্ড থেকে ণিয়মিত বাংলাদেশর নাটক দেখি এতো সুন্দর গল্প চমৎকার অভিনয় মুদ্ধ হলাম পরিচালকে ধন্যবাদ
depressive,নাটক দেখা শেষ অবদি বহু বার চোখ বেয়ে পড়েছে ঈদের শেরা নাটকটা দেখে ফেললাম
depressive,পৃথিবীর সবচেয়ে বোকা হচ্ছে মেয়েরা তারা নিজের পয়সায় রূপচর্চা করে ছেলেদের ফ্রীতে দেখায় শুভ মধ্যরাহ্ন
depressive,আমাদের জীবনে অসম্ভব দুঃখ আমাদের অগ্রদিকে নিয়ে যাচ্ছে যেখানে আমরা শুধু আনন্দ খুঁজে বের করতে চাই।
depressive,ধন্যবাদ সময় সংবাদ সবাই রোগে আক্রমণ
depressive,ভাই রিক্সার চালোকের খবোর সেটা বোল্লেন
non_depressive,সাহস কোথা থেকে আসে দিন দুপুরে অস্ত্র গরম দেখান
depressive,আমি এখানে থাকতে চাই না। হেক্সিসলের গন্ধে আমি তোমার গন্ধ পাইনা অসাধারণ কথা।।
depressive,বাংলাদেশের আর্থ সামাজিক অবস্থা খুব শোচনীয়। ভারতীয় হিসেবে খুব বেদনার।
depressive,সকাল থেকে আমার আশেপাশে কেমন জানি মর্মর শব্দ শুনতে পাচ্ছি ! নানা ভাবে শব্দের উৎস খোজাঁ শুরু করালাম ! পরে দেখলাম বুকের বামপাশে হৃদয় ভাঙ্গছে ! অনুভব করছেন ভালোবাসাহীন
non_depressive,আমাদের বাড়ি থেকে কয়েক কিলোমিটার দূরে সারিয়াকান্দি
depressive,আমি প্রতিদিন জীবনযাপনের মধ্যে বিরক্তি অনুভব করছি আমি সাথে কোনো আনন্দ পাচ্ছি না।
non_depressive,এটা সম্ভব বাংলাদেশের মাটিতে আমার প্রশ্ন তাহলে টিচার এবং ছাত্র ছাত্রী সারা বছরে ঘুম পেরেছে ইস্কুলে গুড মানোনিয় শিক্ষা মন্ত্রী
non_depressive,এইসব দামি রিপোর্টারদের কাজ নেই আরএইসব সস্তা পাবলিকদের নিউজে দেখানোর আছে
non_depressive,দুঃখ কষ্ট যতই থাক । মুখে হাসি থাকবেই হ্যাঁ এটাই আমি
non_depressive,এটা আমাদের প্রশ্ন দ্রব্যর মূল্য অতিরিক্তআমাদের সরকারের মতো টাকা নেই দুই বেলা খাওয়া কষ্ট হয়ে যাচ্ছে।
non_depressive,"যুগশঙ্খ বিজেপিআরএসএসের খবরের কাগজ । তবে পাঠক তো সব ওদের মতো না , তাই ছেপেছে ভালো । অনেকের থেকে ভালো । কেউ তো কথাই বলছে না । লোকে কথা তো বলা শুরু করবে । প্রচার সবসময়ই ভালো । বাংলাপক্ষ জয়বাংলা : "
non_depressive,ব্যাচেলর নাম মধ্য কয় বাচ্চাদের বাপও আছে আবার ছাত্রছাত্রীদের পাশাপাশি মাদক ব্যবসায়ীরাও আছে
non_depressive,এসব সস্তা নিউজ কইরা লাভ
depressive,ইয়াশ কমপ্লিট অ্যাক্টর তটিনী বেস্ট চোখে চোলে আসছে সেরা নাটক
depressive,শোক একটা কেটে ওঠতে না ওঠতেই আরো দুটো লাশ পেলাম । আমরা বাঙালি এক দূর্ভাগা জাতি । মাতমেই মাস কাটে বছর ঘুরে । 
non_depressive,ধন্যবাদ সময় টিভি সুন্দর একটা সংবাদ তুলে ধরার জন্য
non_depressive,খুব খুশি হলাম
depressive,আসলে নির্বাচন সুষ্ঠু সুন্দর হয়েছে ভোটারদের কষ্ট করে ভোটকেন্দ্রে যেতে হয় না 
non_depressive,অপূর্ব নাটক। রোহান তিনি অভিনয় অনবদ্য। কলকাতা থেকে।
non_depressive,আলহামদুলিল্লাহ এজন্য টিকে নেই নাই
depressive,আমার এদানিক মেরুদন্ডী অনেক ব্যথা করে করনীয়
depressive,টিকা দেওয়ার পরথেকে মাথা ব্যাথা কোমর বেথা সরাতেই পারছি না।
non_depressive,আলহামদুলিল্লাহ আমি কোন টিকা ছাড়াই ভালো আছি।
non_depressive,এরা বলে নিজেরাই জানে না।পাচার বন্ধ করে।দাম বারালে সমাধান হবে
non_depressive,বেটা ডলার পাওয়ার আসায় এমন মিউজিক দিলো।
depressive,রাজধানীতে বাসের চাপায় শিক্ষার্থীর মৃত্যু
depressive,মাঠে গান্ধী রবীন্দ্রনাথ নেতাজী স্পর্শ আছে মাঠ বিপ্লবীদের স্পর্শে ধন্য সেই মাঠ কলংকিত করেছেন মোদী মানস ভূঁইয়া
depressive,হয়তো জীবনে আমাদের অন্ধকারে পথের দিকে পানিতে ডুবে যাওয়া সুবিধা সবসময় আরও বেশি হয়ে উঠে।
non_depressive,মুভির নাম পরিবর্তন হয়ে
depressive,আমার মনে অসংখ্য কষ্টের কারাগার যেখানে আমি নিজের হারিয়ে ফেলেছি।
non_depressive,দূর ফকিন্নির পোলারা এইটা কোন নিউজ
non_depressive,আলহামদুলিল্লাহ নিয়েছি আল্লাহর রহমতে সুস্থা আছি
non_depressive,আমাদের দেশের মানুষের কিছুই হবে কেননা ভ্যাকসিনে মিশ্রনের মাধ্যমে জনের ঠিকা  জনকে দেওয়া হয়েছে তাই আমরা সুস্থ
non_depressive,"যারা ভাবছেন এ বাংলায় জাতীয় কংগ্রেসকে শেষ করে দেবো , তাদের বলছি বাংলার মানচিত্র ও তার অলিগলির বিষয়ে আপনাদের এখনও সম্যক ধারনা নেই আপাত দৃষ্টিতে আপনাদের আঘাতে হয়তো কংগ্রেসীরা ভেঙে টুকরো টুকরো হচ্ছে , বাস্তবে ওরা কিন্তু টুকরো পাথরে পরিনত হচ্ছে । ওই পাথরগুলো একদিন পাহাড় হয়ে উঠবেই । "
depressive,হৃদয়ে একটি অনুভূতি আছে নিরন্তর আমাকে বিপর্যয়ে ফেলে।
depressive,গরমে বহুদিন ঘুমিয়েছি ছাদে
non_depressive,প্রথম দেখার কালে তারে লেগেছিলো ভালো তার জন্য জীবন আমার ধরতে পারি বাজি সাত সমুদ্র তেরো নদী পাড়ি দিতেও রাজি 
non_depressive, আজব একটা মানুষ তুমি ! দুঃখের গল্প বললেও তুমি কষ্ট পাও । সুখের গল্প বললেও দেখি কষ্ট পাও । কারণ ঐ সব গল্পে তো আমি থাকি না । থাকে অন্য কেউ । 
depressive,নতুন বছরে বুক ভরা কস্ট নিয়ে আমার মতো আশলা দিনসেসে একটি গানেয় সীমাবদ্ধ
depressive,বাংলাদেশের চেঞ্জ হবে কিন্তু সরকার চেঞ্জ হবে না।
depressive,আমি খাওয়াদাওয়া ঠিকমতো করতে পারি
non_depressive,সবাই ছাত্রলীগ করো জয় বাংলা
non_depressive,"হে আল্লাহ ! আমি তোমার নিকট উপকারী বিদ্যা , গ্রহণযোগ্য আমল এবং পবিত্র জীবিকা প্রার্থনা করি । ইবনে মাজাহ ৯২৫ "
non_depressive,এটিকে উন্নয়ন বলে না। আমরা বাহিরে থেকে বুঝি বেশি ব্যয় এটা হলো কোনো একটি দেশের উন্নতির মাপকাঠি
non_depressive,ড্রাইভার মনেহয় মাল খেয়ে গাড়ি চালাচ্ছিল।
non_depressive,নিষিদ্ধ পল্লীতে নিষিদ্ধ মানুষের বসবাস থাকলেও সেখানকার খরিদ্দাররা একদম বিশুদ্ধ পল্লীর হয়
depressive,শেষটা অসম্পূর্ণ রয়ে গেলো
non_depressive,অপরাধীদের ফাঁসি দেওয়া দরকার
non_depressive,wow শেষের মিনিট দেখার মতো ছিলো
non_depressive,দেশের জনগন চায় চায় এটা সরকারের জানা উচিত
depressive,বাংলাদেশের কক্সবাজারে কেন বাড়ছে পাহাড় ধসের ঝুঁকি
depressive,দ্বিতীয় ডোজ হাতে দিয়েছি মাঝে মাঝে খুব কষ্ট অনুভব হয়
depressive,টিভি চ্যানেল গুলো যখন নিউজ খুজে পায় আরকি।
non_depressive,হুম এরাই আদর্শ নিয়ে আসবে
non_depressive, দিন খবর পাইছে
depressive,আমি অস্থির অস্বস্তির। কোন প্রয়োজনেই আমি ভালো লাগতে পারি না।হতাশা দুচিন্তা বেকারত্বের প্রধান কারণ।
non_depressive,এসবের জন্য বিশ্ব স্বাস্থ্য সংস্থা সরকার দ্বায়ী।
non_depressive,আল্লাহ তাকে তুমি সুস্থতা দান করেন
depressive,প্রিয় মুখ কিছুদিন পরপর দেখতে হয় । মানুষের মস্তিষ্ক অপ্রিয়জনদের ছবি সুন্দর করে সাজিয়ে রাখে । প্রিয়জনদের ছবি কোনো এক বিচিত্র কারণে কখনো সাজায় না । যে জন্যে চোখ বন্ধ করে প্রিয়জনের চেহারা কখনোই মনে করা যায় না । 
non_depressive,বাংলাদেশের সংখ্যা লঘুরা কখনই নির্যাতিত হয়না
depressive,কেন যে রাত জাগে দাদারা ? ভারতের জয়পুরের কৈলাস গুজ্জর বলেন গোমূত্র সংগ্রহের জন্য তিনি তাঁর গোশালায় রাত জেগে থাকেন যাতে করে এক ফোঁটা গোমূত্র ও মাটিতে পড়ে না যায় ! সংগৃহীত সালেও এমন জাতি পৃথিবীতে আছে ! তাহলে বাংলাদেশ থেকেও গো মূ এ রপ্তানি করা যেতে পারে । 
depressive,গরীবের অলিভার জিরুদ দুইজনে লিজেন্ডারি ফর্মে ছিল কিন্তু ঠিকিইই চ্যাম্পিয়ন হয়েছিল তিন তিনটা লাশ পরেছে কির পোলা লাশ চাস
non_depressive,এখন কোর্টের অনুমতি লাগবে।সাধারণ জনগণ হইলে অনুমতি লাগতোনা। সাথে সাথে একশনে যাইতেন
non_depressive,মোটরসাইকেল কিমি স্পিড থাকলেই দুর্ঘটনা
depressive,আমার একটি ছেলের ধরনের সমস্যা হচ্ছে ছেলেটির বয়স বছর
depressive,অনেক কিছু সম্পর্কে অজানা হওয়া অনেক বেশি কষ্টদায়ক যেন হৃদয়ের মুখে একটা ঘুম পড়ে যায়।
non_depressive,সরকারের বৈদেশিক মুদ্রার দরকার তাই আপনারা প্রবাসে চলে যান সরকার এটাই চাই আপনাদের চাকরি
depressive,কোভিড তিন ডোজ ভ্যাকসিন নেভার অনেকে এলার্জিতে রোগী অসুস্থ এবং আমি আছেন এলার্জির রোগী টিকা দেওয়ার
depressive,সময় টিভি কাল ডিপ্রেশন নিয়ে কাজ করছে
non_depressive,আইনের ভাবমূর্তি ক্ষুণ্ন হচ্ছে
non_depressive,"জাবের রাদিয়াল্লাহু আ নহু থেকে বর্ণিত , রাসূলুল্লাহ সাল্লাল্লাহু আ লাইহি ওয়া সাল্লাম বলেছেন , সর্বশ্রেষ্ঠ মানুষ সেই ব্যক্তি , যে মানুষের জন্য সবচেয়ে বেশি উপকারী । সহীহুল জামি ৩২৮৯ , সিলসিলাহ সহীহাহ ৪২৬ "
depressive,সুষ্ঠ এবং নির্ভেজাল নির্বাচন দেখতে চান তাইলে বিটিভি চালু করেন আর দক্ষিন অঞ্চলের মুরগীর খামার করে জরিনা বেগমের স্বাবলম্বী হওয়ার গল্প ও দেখতে পাইবেন
depressive,সৌদি নিয়োগকর্তাদের অত্যাচার কবে বন্ধ হবে
non_depressive,চমকে গেলাম নিউজ দেখে
non_depressive,রাজনীতি দিক দিয়ে তাকালো মনে হয় বলল না।
non_depressive,আসছে সম্পর্কের গভীরতার এক নতুন গল্প ২৫শে অগাস্ট শনিবার রাত ৯টায় শুধুমাত্র তে 
depressive,আমি নিজেই রোগের রোগী। আফসোস এইজন্য বন্ধু গুলো দূরে চলে যাচ্ছে
non_depressive,খুবই ভালো একটা নিউজ।
non_depressive,আল্লাহ তুমি তাকে সুস্থ করে দিন
depressive,কেউ আমাকে ভালোবাসে
depressive,জুনিয়রদের ছন্দে ফেরার এটাই উত্তম সুযোগ দেখছেন টি টোয়েন্টি দলের অধিনায়ক সাকিব আল হাসান । : 
depressive,আমি জানি কিভাবে দুঃখ থেকে বের হতে পারবো।
non_depressive,অদ্ভুত রকমের ভালো নাটক।
depressive,বাঙালি তোদের ছেড়ে দেবে ভেবেছিস বাংলাপক্ষ জয়বাংলাএ কান্না সারা দেশের অস্বস্তি
non_depressive,ভাই এটা নাম্বার এপিসোড
depressive,জিএফ নিয়া ভাব নিওনা একটু মাথা খাটাও মিয়া তোমার জিএফ মফিজ সহ বাইকে ঘুরে পাঠাও নিয়া । 
depressive,আমারও দিন কেটেছে খেয়ে
depressive,নিজের একটি চোখ বিক্রি করে আইফোন কিনে সবাইকে দেখিয়ে বেরাচ্ছেন আমাদের নিমা তিন তিনটা লাশ পরেছে কির পোলা লাশ চাস
non_depressive,"সিলেটে কোতোয়ালী পূর্ব থানা ছাত্রশিবিরের সভাপতি ফাহাদ আহমদ ভাইকে কেন্দ্রের ভিতর ধরে নিয়ে পায়ে বন্দুক ঠেকিয়ে গুলি করেছে আওয়ামী পুলিশ ! ইন্নালিল্লাহ । আল্লাহ ভাইটিকে তুমি হেফাজত করো , আমীন । "
depressive,বাইরের রাজ্যে কিছু হলে উনি সহিষ্ণুতা অসহিষ্ণুতা নিয়ে বড় বড় বাক্য বলেন । অথচ মন্দিরবাজারের ঘটনায় একটা শব্দ নেই । 
depressive,প্রিয় মানুষের গায়ের গন্ধটা খুব মিস করছি।
depressive,আমি থেকে চাই বাংলাদেশের ফিল্ম ইন্ডাস্ট্রি ধ্বংস হোক
depressive,আমার চোখের অভিবাষণে অনেক গভীর অজানা জগত আছে যেখানে মৃত্যু অস্তিত্ব পেয়েছে।
non_depressive,আলহামদুলিললাহ আমি দুইটা নিয়েছি কাতারে তিনটা
non_depressive,যমুনা টেলিভিশনকে জানাই অনেক অনেক ধন্যবাদ এরকম একটা সংবাদ প্রচার করার জন্য একবার মনে করে দেয়ার জন্য
depressive,আমি সময় অনুভব করি আমি কাউকে নির্দোষ প্রতিষ্ঠিত করতে পারি না।
depressive,দৃর্ঘ বছর ধরেই ডিপ্রেশনে আছি।কবে মুক্তি পাব সেটা আল্লাহ পাকই ভাল জানেন।
depressive,বছর আগে রিপোর্ট করলেও সমস্যা কিন্তু আরো প্রকট বর্তমানে। খোঁজ নিয়ে দেখেন অবস্থা দেশের ছেলেমেয়েদের।
non_depressive," নিজেকে অন্যের সামনে খোলা বই হিসেবে উপস্থাপন কোরো না অর্থাৎ নিজেকে অন্য কারও সামনে এমনভাবে তুলে ধরা উচিত নয় , যাতে নিজের ভেতরের সব কিছু অন্য কেউ জেনে যায় । এতে নিজের ভিতটা দুর্বল হয়ে পড়ে । "
non_depressive,তটীনি ইয়াশের জুটি ভালোই লাগে। নাটক টাও সুন্দর হইছে।
non_depressive,প্রপার সুপারভিশন নাই কারন আপনারা একজন প্রপার সুপারভাইজার রাখেন নাই
depressive,টিকা দেওয়াতে আমি অধিক পরিমাণে হাঁচি জনিত সমস্যায় বুকছি।
non_depressive,রাতারাতি বড়লোক হওয়ার জন্য সরকারি চাকরির কোন বিকল্প নাই।। সেই জন্যই মানুষ ছুটছে সরকারি চাকরির পেছনে।
non_depressive,মহান আল্লাহ করে মানুষের কল্যাণে করে তাই একটাই দিয়েছিলাম।
non_depressive,গরমে জীবন চলে যাচ্ছে আপনারা বলেন উন্নতি
depressive,আরে পুরাতন কারিকুলাম হবে তাহলে আমরা যারা সালে এসএসসি দিবো তাদের বিষয় গুলো নেই এটা নিয়ম বানালো
non_depressive,টিকা খাইয়া আইলাম সৌদি আরব আলহামদুলিল্লাহ ভালো আছি
non_depressive,আমার রাত জাগা টা সার্থক অভিনন্দন বাংলাদেশ ক্রিকেট টিম 
non_depressive,কারণ হলো সরকারদলীয় অযোগ্য লোক গুলো চাকরি পাচ্ছে যোগ্য লোক গুলো চাকরি থেকে বঞ্চিত হচ্ছে
non_depressive,৩০ জুলাই সারাদিন টেবিল ঘড়িতে ভোট দিন । অপপ্রচারে কান না দিন টেবিল ঘড়িতে ভোট দিন । ভোট চাই ভোটারের দোয়া চাই সকলের । ইনশাআল্লাহ নেইকো ভয় টেবিল ঘড়ির হবে জয় । সিলেটবাসীর ভাগ্য ভালো জুবায়ের ভাই আশার আলো । 
depressive,মনে হয় শূন্যতায় আমি নিজের হারানো কোনো দিন আমি নিজের হারানো ফিরিয়ে পেতে পারবো না।
depressive,এতো দিন তো শুধু রোহিঙ্গারা ছিল এইবার কি আসাম থেকেও কয়েক লক্ষ চলে আসে কিনা সেটা সময়ই বলে দিবে 
non_depressive,ভালো মারুষ ওনাকে নোবেল দেওয়া হোক
non_depressive,এইটা থেকে বাঁচার উপায় সেটা বলুন
non_depressive,বিদেশ মুখি হয়না কেনো
non_depressive,মনে হলো নাটক দেখি নাই আমার জীবনকাহিনী দেখলাম অসাধারণ ছিল নাটকটি
non_depressive,এইসব ফালতু খবর আল্লাহ আমাদের সবাইকে হেফাজত করুন আমিন
non_depressive,নাটক আমি খুব কমই দেখি কিন্তু নাটকটা বেশ ভালো লাগলো। অপূর্ব নিসো নিলয় এদের সকলেরই নাটক দেখেছি কিন্তু ভাইয়ের নাটক আরো বেশি ভালো লাগে।
non_depressive,পদপ্রার্থী তাই শর্টগান নিয়ে গেছে যদি পেয়ে যায় তাহলে কামান নিয়ে যেতো
non_depressive,অসম্ভব সুন্দর এবং emotional একটা নাটক ভিষণ ভিষণ ভিষণ ভালো লাগছে নাটকটা। অপেক্ষায় ছিলাম এবং নিরাস হইনি। ইয়াশ রোহান অভিনয় just wowwwwww বেস্ট জুটি
depressive,"আমার পোস্টে একটা ছেলে আর একটা মেয়ে রিপ্লাই দিতে দিতে রিলেশন হয়ে গেছে আজ ওদের বিয়ে আর আমি এখনো সিঙ্গেল কিছুই বলার নাই , সবই কপাল"
depressive,বৃষ্টি হয়ে লাভ যদি কাছে একটা থাকে
depressive,"দুনিয়ায় যত অনুপ্রবেশকারী তড়িপার দেশদ্রোহী আছে , সবাইকে সুবে বাংলায় সাদর আমন্ত্রণ । আসার আগেই ভোটার ও রেশন কার্ড তৈরী হয়ে যাবে । খাবারে ২টাকা কিলো চাল শিক্ষার জন্য মাদ্রাসা হজ যাওয়ার জন্য ভর্তুকি ইমাম হলে ভাতা চাকরি চাইলে সংরক্ষণ ব্যবসা করলে চপশিল্প আছে । "
depressive,সরকার চোখে এসব পড়ে নিউজ উনি চাইলে দলে ভালো কিছু করার নির্দেশ দিতে পারেন
depressive,এই ভেবে খুব কস্ট হচ্ছে কাল মিথ্যের কাছে হেরে যাব অামি ও অামরা নির্বাচন
non_depressive,বাংলাদেশের শিক্ষা ব্যবস্থাকে ঢেলে সাজানো উচিৎ। এছাড়া কারিগরি শিক্ষাকে প্রাধান্য দিতে হবে এবং সাবজেক্ট অনুযায়ী ক্যারিয়ার গড়া উচিৎ।
depressive,মা মাটি মানুষের স্লোগান দিয়ে এ রাজ ্যে ক্ষমতায় এসেই মানুষকে কিভাবে ভুলে গেলেন উনি ? নাকি বিজেপি কর্মী সমর্থকদের উনি মানুষ মনে করেন না ? ধিক্কার জানাই এই নিম্ন মানসিকতার রাজনীতিকে । 
depressive,প্রেম করেওআমি প্রায় তিন বছর ধরে বিষন্নতার মধ্যে আছি
non_depressive,যেমন অবস্থায় থাকুক কেনো সাবর্দা আলহামদুলিল্লাহ বলে এগিয়ে যান আপনি ভালো থাকবেন।। আপনি আপনার তাহলে এতো বিষন্ন হওয়া যাবে না।
depressive,কিছু কিছু মানুষ এতো নিখুঁত ভাবে অভিনয় করতে পারে যে তার কাছে সিনেমা জগত ও হার মানবে দুনিয়া দুই দিনের 
depressive,টেস্টে বাজে খেলায় খেলোয়াড়দের অশ্লীল ভাবে গালি দেয়া ছেলে মেয়ে গুলার মূখে এখন প্রসংশা ফুল ফুটে অদ্ভুত
depressive,উন্নয়ন শুধু সরকারের আমলাদের হয়েছেহয়েছে মন্ত্রীদের। কিন্ত সাধারণ মানুষ উন্নয়ন হয়না।
depressive,চোখের পানির জন্য নাটক দেখতেই পারি নাইভাই আমার দেখা সেরা নাটক যদি আমার প্রিয় মানুষ আমাকে এভাবে ভালোবাসতো
non_depressive,আধুনিক চিকিৎসা বের হবার আগে হাজার হাজার বছর মানুষ প্রাকৃতিক চিকিৎসা করেই বেছে ছিলো এখন কথা হলো।ওনি ভালো হলেন সেটা আরেক নিউজ করে জানাই দিও
depressive,ধরনের প্রতিবেদন এখন কিছু মানুষ অসুস্থ হবে এগুলো এখন বলে লাভ
non_depressive,ব্যাপারটা পিতা বুঝলেও পুত্রগণ বোঝেনি।
non_depressive,নামাজ কায়েম করুন ওসব কিছুই না। এমনিতেই আনন্দিতো থাকবে।
non_depressive,এদিকে মিথিলা কে। চিনা আমি।
non_depressive,আস্তাগ ফিরুল্লাহ আল্লাহ এদের সুস্থ করে দেন এবং ইমান দান করেন
depressive,depression প্রধান কারন পরিবার
non_depressive,রাস্তায় ট্রাকগুলো এমনভাবে রাখে যেনো রাস্তা তাদের পৈতৃক সসম্পত্তি।
depressive,প্রধান মন্ত্রী এগুলো চোখে দেখে
depressive,ঠাটা পড়ুক সিনেমা হলের উপর
non_depressive,আমি আমার ছেলেমেয়েদের কখনোই পড়ালেখা করাবোনা। বয়স হলেই কাজে নেমে পড়। মাটি কাট রিক্সা চালাও মিস্ত্রি কাজ করতে বলব।
depressive,বাংলাদেশে বক্স অফিস বলতে আমি বুঝি মাজার পুজারিদের দানবক্স
non_depressive,দিছে ভইরা আমাদের ময়মনসিংহ বোড
depressive,আমি মাসে দুই দিনে মাছ খেতে পারি গ্রামে থেকেও
depressive,মানুষের মৃত্যুতে শুধুমাত্র কাফন বিক্রেতার মুখে হাসি ফুটে উঠে যুগ পাল্টাইছে কিন্তু মানুষের নষ্ট ধেনধারনা পরিবর্তন হয়নি খুব দুঃখ জনক
depressive,ভারতের আসাম থেকে লাখ অবৈধ বিদেশি এখন কোথায় যাবে
non_depressive,এটা আমার আগেই সন্দেহ হইছে বলে এখনো টা ঠিকাও নায় আলহামদুলিল্লাহ
non_depressive,DBC নিউজ এটা নিয়ে আরো খবর চাই। জুলুমকারির ইন্টারভিউ চাই।
non_depressive,আল্লাহ মালিক লোকটাকে সুস্থ করে দেন আমীন
non_depressive,আসলেই চলে রকম ভাবে বেপরোয়া গতির লাফালাফি
non_depressive,জাতীয় বিশ্ববিদ্যালয়ের শিক্ষাপদ্ধতির সমস্যা সম্ভাবনা ক্ষতিকর প্রভাব সম্পর্কে একটা ভিডিও চাই ভাই।
depressive,কান্না সারা দেশের প্রত্যেক মানুষের
depressive,আমি টিকা দিয়ে অনেক সমস্যার মধ্যে পড়েছি েএখন আমার চিকিৎসার টাকা দিবে আমি রক্ত সমস্যায় পড়েছি চুলকানি
non_depressive,আন্দোলন আরো জোড়ালো করা দরকার। হলে বাংলাদেশে একদিন সমকামিতা বৈধ করা হবে।
non_depressive,Rtv কবে থেকে এমন ফালতু New পেছনে দৌড়াদৌড়ি শুরু করলো
depressive,বালিকার জন্য গেছিলাম ফ্রান্সের বিখ্যাত ভালোবাসার সেতুতে তালা ঝুলাইতে ভাগ্যের নির্মম পরিহাস সেখানে তালা ঝুলানোই নিষেধ করে দিছে
non_depressive,সমকামী প্রতিষ্ঠায় কাজ করছে সরকার
depressive,বাসের তলায় পিষছে মানুষ হাসছে নরপিশাচ তিন তিনটা লাশ পরেছে কির পোলা লাশ চাস
depressive,"নালিপুর আবহাওয়া দপ্তর জানাচ্ছে আগামি ২০১৯ এ প : ব সহ সমস্ত রাজ ্যে ভয়াবহ মোদি সাইক্লোন আছড়ে পড়তে চলেছে । এতে ঘাসফুল , হাতেধরা সাইকেল , বন্যহাতি , উড়ে যাবে । লন্ঠন নিভে যাবে । সকলকে পদ্মপুকুরে আশ্রয় নিতে বলা হচ্ছ । "
non_depressive,আমি এখনো একটি ডোজ নেই নাই আলহামদুলিল্লাহ ভালো আছি
non_depressive,রাজা।সিলেট হাসান সাহেব পৃথিবীর হাসান সাহেব
non_depressive,"মাননীয় কেশব রাও দিক্ষিত , সংঘ প্রচারক ১৯৪৭ ৪৮ নাগাদ অবিভক্ত বাংলায় এসেছিলেন সংঘের কাজকে সুদৃঢ় করতে , উনি মুলতঃ মহারাষ্ট্রের ঔরঙ্গাবাদের স্বয়ংসেবক । গ্রীষ্মের গরমে বটবৃক্ষের তলায় বসে যেমন নতুন উদ্যোমে কাজ করার গতি ফিরে পায় , কেশবজীর কাছ থেকে স্বয়ংসেবকরা কাজের উদ্যোম ফিরে পায় । "
non_depressive,এদেরকে ধরে কঠিন শাস্তির আওতায় আনা হোক
non_depressive,যার যার ধর্ম মতে প্রাথর্না করুন ঠিক হয়ে যাবে
depressive,পশ্চিমবঙ্গের পশ্চিম টুকু থাক পশ্চিম রয়েছে বাঙালী হিন্দুর অস্তিত্ব চাই বাংলা
non_depressive,শুভ সন্ধ্যা 
depressive,সরকার আবার রেমিটেন্স আশায় বসে থাকে। রেমিটেন্স যোদ্ধাদের সাথে এরকম অসভ্য আচরণ বন্ধ হলে দেশে ভয়াবহ অর্থনৈতিক ক্ষতির আশঙ্কা আছে।
non_depressive,ওয়াক্ত নামাজ কিছুর সমাধান
non_depressive,পাচার কমাতে তেলের দাম বাড়ানো চুরির ভয়ে নিজের সম্পদ অন্য দিয়ে দেওয়া সমান কথা তাই এসব ছাগলামি জনগনের সাথে করলেই ভালো
non_depressive,ইয়াস রোহান অভিনয় অনেকটা উত্তম কুমারের চেহারাটাও বডি স্ট্রাকচারটাও উনার মতই খুবই ভালো লাগে অদ্ভুত একটা মিল
depressive,"সিপিএমের অতি শিক্ষিত হার্মাদরা এটাও জানে না যে বিষ্ণুমাতা মহালক্ষ্মীর আরেকটা নাম । শহিদ শহীদ নিয়ে পারল না , এবার এটা নিয়ে পড়েছে । "
non_depressive,আল্লাহর উপর ভরসা করে আমি করোনার কোন টিকা গ্রহণ করিনি। আলহামদুলিল্লাহ
non_depressive,আমাদের কৃষকদের বাঁচাতে আসুন আমরা সবাই দেশি পিঁয়াজ কিনি
depressive,প্রতিটি সূর্যের পিছনে একটি অনন্ত অন্ধকার ছুঁড়ে পড়ে।আর কষ্ট দিবিরে তোরা বাঙালি
non_depressive,আমার চাইতে তটিনী আপু অভিনয় ভালো লাগে
non_depressive,ধন্যবাদ বিবিসি বাংলাকে আপনারা বললে সরকারের কানে লাগে
depressive,ভেবে খুব কস্ট হচ্ছে কাল মিথ্যের কাছে হেরে যাব অামি অামরা নির্বাচন সার্টিফিকেট দিয়ে আমি করবো মনে চায় মরে যাই
depressive,", কেউ ভাবেনি এই নিষ্পাপ প্রাণ গুলোর অচিরেই থেমে যাবে পথ চলা ! ড্রাইভারের অধৈর্য অসতর্কতায় ডুবে গেল তাদের জীবনের ভেলা ! "
depressive,কেনো মেঘ আসে হৃদয় আকাশে মাঝে মাঝে দেখা পাই চিরদিন কেনো পাই হেক্সিসলের গন্ধে তোমার গন্ধ পাই
non_depressive,"সাম্প্রদায়িকতার বিরুদ্ধে লড়াইয়ে মমতার নৈতিক জোর নেই , বিশ্বাসযোগ্যতাও নেই : "
depressive,অরন্যদেব ছবিতে ছিল আমার কন্যা থেকে ভূমিকন্যা সার্টিফিকেট দিয়ে আমি করবো মনে চায় মরে যাই
depressive,টিকা নেওয়ার হাত অবস হয়ে যায় বুকে ব্যাথাও হচ্ছে মাঝে মধ্যে
non_depressive,আলহামদুলিল্লাহ আমি কোন টিকা নেই নাই যদি কারো এমন সমস্যা হয় তারা হোমিও ঔষধ থুজা খাবেন এবং সবার উচিত এটা খাওয়া।
non_depressive,"বাংলার নবজাগরণের পুরোধা , সমাজ সংস্কারক , বিধবা বিবাহ ও স্ত্রীশিক্ষার প্রচলনকার , বর্ণপরিচয় রচয়িতা পণ্ডিত ঈশ্বরচন্দ্র বিদ্যাসাগরের প্রয়াণ দিবসে শ্রদ্ধাঞ্জলি । "
non_depressive,তার বিরুদ্ধে আয়না লোক ব্যবস্থা নেয়া হোক যার জমিন তাকে ফিরিয়ে দেয়া হোক ওকে আইনের ব্যবস্থা নেওয়া তোর বিরুদ্ধে
depressive,সরকার আবার রেমিটেন্স আশায় বসে থাকে। রেমিটেন্স যোদ্ধাদের সাথে এরকম অসভ্য আচরণ বন্ধ হলে দেশে ভয়াবহ অর্থনৈতিক ক্ষতির আশঙ্কা আছে।
non_depressive,হে মু মিনগণ তোমার আল্লাহকে যথার্থভাবে ভয় কর এবং তোমার মুসলিম না হয়ে কোন অবস্থাতেই মৃত্যু বরণ করো না । সূরা ইমরান ১০২ 
depressive,জুম্মা মোবারক নামাজের একটা সেল্পি সবাই লাইক কমান্ড কলেন
depressive,কারও ক্ষতি দেখে হাসাহাসি করা উচিৎ সেই জানে তার ভিতরে পরিমানে কস্ট চলতাছে।
non_depressive,সুস্থ ছিলাম হঠাৎ করেই কিছুই মনে করতে পারতেছিনা কোন কিছুই মনে করতে পারতেছিনা
depressive,ঘাতক সেই বাস কোম্পানির মালিক নৌমন্ত্রীর শ্যালক এবার বুঝতে পারলাম মন্ত্রী কেলাচ্ছিল কেন
depressive,মাদারে গণতন্ত্র বকে দিয়েছেন যেন ফাঁসির থেকেও নির্মম শাস্তি কষ্ট দিবিরে তোরা
non_depressive,বঙ্গবন্ধুকন্যা একনেক চেয়ারপারসন ও প্রধানমন্ত্রী শেখ হাসিনার সভাপতিত্বে ২৯ জুলাই ২০১৮ ইং তারিখ রোববার রাজধানীর শেরে বাংলা নগর এনইসি সম্মেলন কেন্দ্রে জাতীয় অর্থনৈতিক পরিষদের নির্বাহী কমিটির একনেক সভা : 
non_depressive,রাসুল সাঃ এর রেখে যাওয়া দ্বিন ইসলাম ও তার সুন্নাতকে উজ্জীবিত রাখালেই ভালোবাসা হবে । মুখে ভালোবাসি বলায় ভালোবাসা হয়না কাজে প্রমান করতে হবে । 
depressive,কিছু বলা কথা রয়ে গেলো কিছু অপূর্ণতা রয়ে গেলো
non_depressive,ঠিক আসে
depressive,বেতন বাড়ে অথচ বাজারমূল্য দিনদিন বেড়েই চলছে। কিছুদিন স্ট্রোক বেড়ে যাবে।
non_depressive,সঠিক বিচার চাই। সাহস কত।
non_depressive,YouTube ভিউ বাড়ানোর জন্য মামুন লায়লা করেছিলো মিথিলা রাকিব তাই করেছে রাকিব এমন ছেলেই business মাত্র।
depressive,কি অদ্ভুত মাইরি । খাইতে লাগে ২ টাকা আর ছাড়তে লাগে ৫ টাকা । আল্লাহ তোমার কাছে বিচার দিলাম ? পানি ফ্যাক্ট
non_depressive,এটা সেই বিখ্যাত আরবিয় চিকিৎসা যাহা আরব থেকে স্বপ্নের মাধ্যমে আসে
non_depressive,টিকটকার বেড়ে গেছে।
depressive,কান্না করে থাকতে পারি নাই সত্যিই ভালোবাসা সুন্দর
non_depressive,বাংলাদেশে বক্স অফিস
depressive,আমি সিনুফারম নিসিলাম এখন আমার প্রতিটি জয়েন্ট ভেথা করে সময়
depressive,"সব দায়িত্ব সিনিয়রদের আর তোমগো জুনিয়রদের কোন দায়িত্ব নাই , তোমরা জুনিয়ররা খালি মেয়েদের নিয়ে ঘুরবা আর নায়লা নাইমের সাথে বিজ্ঞাপণ করবা আর কইবা এই ল অস্কার খা ! এই ম্যাচটা হারলে কেমনটা লাগে । "
depressive,দিল্লিতে অনাহারে মৃত্যু বেআব্রু অাচ্ছে দিন তিন শিশুকন্যার দানা খাবার জোটেনি দিন
non_depressive,আমি মনে করি জন্য শুধুমাত্র প্রশাসন দায়ী
depressive,সালে গবেষণা শুরুর অবশেষে পানির অস্তিত্বের ব্যাপারে অনেকটাই নিশ্চিত বিজ্ঞানীরা এবার তবে প্রাণের অস্তিত্ব মিলবে
non_depressive,রহমতের বৃষ্টি আল্লাহ যখন খুশি হন তখন তিন টি কাজ করেন । পরিবারে কন্যা সন্তান দেন বাসায় মেহমান পাঠান বৃষ্টি প্রদান করেন সুতারং বৃষ্টি হল আল্লাহর একটি নেয়ামত 
depressive,জীবনের অজানা সময়ে আমি আরও কঠিন সময় পাচ্ছি।অনেক দিন ধরে আমি অশান্তির মধ্যে ভুগছি।
non_depressive,পদবী থাকলে উনাকে মাফ করে দিতেন নাই বলে মাপ হবে
non_depressive,"ভিডিও আর্জেন্টাইন তারকাকে দেখেই চিৎকার দিয়ে উঠল শিশুটি , মেসি ! আর ঠিক সেই মুহূর্তে শিশুটিকে কোলে তুলে নিলেন বার্সেলোনার এই সুপারস্টার : "
non_depressive,আছে কিনা এটা জনগণ দেখতে চায় জনগণ দেখতে চাই বিচার হবে
depressive,অনেক সময় মনে জীবন নিঃসঙ্গ করে কতই সহজ হয়ে যায়।
non_depressive,মায়ের দোয়াতে নিশ্চিত বিজয়ের পথে সিলেটে আরিফুল হক চৌধুরী : 
depressive,কোনো পরিকল্পনা ছাড়াই জীবনের মূল্যবান সময়গুলো পার হয়ে যাচ্ছে কিন্তু এভাবে কতোদিন
non_depressive,ভারত মাতার আওয়ামী লীগ
depressive,চাকরি থাকাতে বিয়ে করতে পারছি না। এটাই হচ্ছে বাস্তবতা
non_depressive,আমার দেখা খুব ভালো একটা নাটক
non_depressive,মাশরাফিকে টি টুয়েন্টিতে ফিরিয়ে আনুন । 
depressive,জরিত যারা ছিলো তাদের ফাঁসি আবার যারা গোপন করসে তাদের শাস্তি চাই সর্বচচ শাস্তি চাই
non_depressive,পার্শ্ববর্তী দেশগুলোর তেলের লিটার প্রতি মূল্য যদি বিশ্বাস হলে কিছু মন্তব্যকারীদের এটা গুগোলে সার্চ করে দেখে নেয়া উচিত
depressive,আমি কতবার দুঃখ নিয়ে সম্পর্ক রক্তকাটা হতে পারি না।
depressive,বাসের তলায় পিষছে মানুষ হাসছে নরপিশাচ তিন তিনটা লাশ পরেছে কির পোলা লাশ চাস
non_depressive,"এমন কাউকে আপনি আপনার মন দিয়েন , কিন্তু আপনার কলিজায় , জায়গা দিবেন না যার কিনা কলিজা ভুনা ! খুব পছন্দ "
depressive,"কবি বলেছেন যখন রাষ্ট্রের মধ্যে সংঘটিত অন্যায়ের বিরুদ্ধে কিছু লিখার সাহস না পাইবা তখন বেশি বেশি খাবার দাবারের ছবি দাও । শত্রুপক্ষ এতেই ভয়ে কাবু হয়ে যাবে , তারা ভাববে তাদের প্রতিহত করতে তুমি বেশি বেশি খাবার খেয়ে আরো শক্তভাবে প্রস্তুতি নিচ্ছো । "
non_depressive,মনে হলো নাটক দেখি নাই আমার জীবনকাহিনী দেখলাম অসাধারণ ছিল নাটকটি
depressive,"কেউ শোক আর কষ্টে ভাসে , কেউ আনন্দ নিয়ে হাসে । "
non_depressive,জনগন ন্যায় বিচার করছে বাকি দুজনকে জনগণের হাতে তুলে দেওয়া হোক
depressive,গণতন্ত্রের লেবাছ হলো জনগণ সকল ক্ষমতার উৎস ভিতরটা হলো শাসক সকল ক্ষমতার উৎস কান্না সারা দেশের
non_depressive,"ফজরের নামাজ শেষে কোরআন শরীফ পড়ার পরে যে একটা শীতল শান্তির ও মজার ঘুম আসে , সত্যিই তা দুনিয়ার সবি কিছুকেই হার মানায় এক ঘন্টার ঘুমটি অনেক আরামদায়ক মাঝে মধ্যে ফজরের পর এই আরামের ঘুমের কারণে সকালে অনলাইনের প্রিয় মানুষগুলোকে শুভ সকাল বেলা বলা হয়না অনেক মিস করি"
depressive,"সিলেট সিটি কর্পোরেশন নির্বাচনে মেয়র পদে বিএনপি মনোনীত প্রার্থী আরিফুল হক চৌধুরী বলেছেন , জনগণ ভোট দিলে জনরায় মেনে নেব । তবে জনগণের ভোট অন্য কেউ দিলে সেটি মেনে নেয়া যায় না । : "
depressive,ভরতের সাথে তুলনা কেনো ছেলে মেয়ে গুলো ভারতের
non_depressive,ভাই আমার মাস্ক হারিয়ে গেছে আপমাদের চ্যানেলে একটা নিউজ করে দেন
depressive,গুলো মারা উচিত ছিলো কোন মায়ের বুক খালি হবে
non_depressive,ভাই বক্স অফিসটা
depressive,এই ভেবে খুব কস্ট হচ্ছে কাল মিথ্যের কাছে হেরে যাব অামি ও অামরা নির্বাচন
depressive,মাথার ঘাম পায়ে ফেলে কষ্ট করে টাকা ইনকাম করে সেই টাকার জিনিস গুলো এভাবে পুতুলের মতো নাচায় এদের কবে হুস হবে কবে
depressive,আমি নিজেই রুগে আক্রান্তসবাই দোয়া করবেন আমি যাতে নিজেকে সামলে নিতে পারি
depressive,আমি ঠিক আমার বালিশের খুব কাছেই রাখি পানির বোতল। কারন আমি জানি পানি টুকুই আমার জীবন বাচাবে। জানিনা ভাবে দিন বাচতে পারবো প্রবাসী
non_depressive,বাংলাদেশের উচিত পাকিস্তানের মতো পারমাণবিক অস্ত্র তৈরী করা
depressive,ছোট্ট পৃথিবীতে আমি দুইটা দেশকে বেশি ঘৃণা করি
depressive,উন্নয়ন শুধু সরকারের আমলাদের হয়েছেহয়েছে মন্ত্রীদের। কিন্ত সাধারণ মানুষ উন্নয়ন হয়না।
non_depressive,সরকার যদি দেশের বেকারত্ব দুর করতে চায় আমার মতে প্রথমে দেশে কর্মসংস্থানের ব্যবস্থা করতে হবে।
non_depressive,পোস্ট ভাইরাল হলে জানতাম এরা কারা আসল এখনো আমি জানি এরা কারা এদের নিয়ে মাতামাতির আছে
non_depressive,আজকে কোনো সাংঘাতিক বললো ঘাতক ট্রাকচালক
non_depressive,ঘাতক সেই বাস কোম্পানির মালিক নৌমন্ত্রীর শ্যালক ! এবার বুঝতে পারলাম মন্ত্রী কেলাচ্ছিল কেন ? : 
depressive,আমি সময় অনুভব করি আমি কিছুই পর্যাপ্ত নই।হতাশা দুচিন্তা বেকারত্বের প্রধান কারণ।
non_depressive,"সিলেট সিটি করপোরেশন নির্বাচনে বিএনপির প্রার্থী আরিফুল হক অভিযোগ করেন , গত রাতেই শহরের কয়েকটি ওয়ার্ডে ব্যালট পেপারে ছাপ মেরে বাক্স ভর্তি করে রাখা হয়েছে : "
non_depressive,একদিন সবাইকে যেতে হবে আমার সনাতন ভাই বোন দের দেশ তাদের আমাদের ধন্যবাদ জানাই নরেন্দ্র মোদিকে
non_depressive,ভাই আপনার বেশি বেশি আল্লাহর জিকির
non_depressive,শাহবাজ শরীফ নিজেই পাকিস্তানের বোঝা
non_depressive,এদের সবাই আইনের মাধ্যমে ফাঁসি দেওয়া হউক অতি তারা তারি যাতে কোনো মানুষ এমন কাজ করতে সাহস পায়
depressive,এগুলো মানুষ নামের অমানুষ দেশের মানুষ এরকম বিকৃত অসুস্থ দেশের ধ্বংস অনিবার্য
non_depressive,মেয়েটা আসলে নির্দোষ
depressive,সময় চলে গেছে এবং চলছে চলতি জীবনের গল্প বলছে পাল্টে গেলি তুই আমিও পাল্টে গিয়েছি মাঝ পথে হাতে হাতে বন্ধু খবর দিন দেখ হয়নি
depressive,৪৭ পরবর্তী ভারতে হিন্দুদের সাথে মুসলমানদের কোন বিরোধ লাগলেই হিন্দুত্ববাদীরা বলতো ওদেরকে পাকিস্তান পাঠিয়ে দাও ওরা পাকিস্তান চলে যাক । ইদানিং আওয়ামীলীগের সাথে কারো বিরোধ লাগলে আওয়ামীলীগ নেতারাও একই কথা বলেন ! তাহলে আওয়ামীলীগও হিন্দুত্ববাদী হয়ে গেল নাকি 
non_depressive,এতো দেখি কৌশলে মানুষের আয়ু কমিয়ে দেওয়ার প্রক্রিয়া
depressive,কান্না সারা দেশের রুবেল হোসেন তিন তিনটা লাশ পরেছে কির পোলা লাশ চাস
depressive,আমি টিকা নেওয়ার থেকে এজমা হাপানি সমস্যায় আছি আমি এস্ট্রোজেনেকার টিকা নিয়েছি
depressive,আমি সময় অনিষ্ট ভাবি আমার ভবিষ্যতের সম্পর্কে।
depressive,আম্মু বলে আজকে কী বার ! আমি বলি দিলবার দিলবার
depressive,ভুলে গেলেই ভুলা যায়
non_depressive,আল্লাহ তুমি তাকে সুস্থ করে দিন
depressive,আচ্ছে দিন এসেছে গরু মাতা হলে বলদতো পিতা আর মেয়েরা দেশের বোঝা তাই লাঙন টানাটাই এদের কাজ কি দেশ আমাদের যেখানে মেয়েরা প্রাপ্য সন্মানটুকুও পায়না 
non_depressive,আল্লাহর খেলা বুজা বড়ো কঠিন। মানুষ কিছু দেখাবে।
depressive,"কি সহজে হয়ে গেলো বলা , বিন্দুমাত্র কাঁপলো না গলা ! মুখে তার চিকন লাজুক হাসি ড্রাইভার না মন্ত্রী ! কার চাইবো ফাঁসি ? "
non_depressive,শয়নে স্বপনে সমগ্র সত্তায় নিখাদ বাঙালিয়ানা । কিন্তু ভাবনাচিন্তা এবং মননে আন্তর্জাতিক । বাংলা মায়ের কৃতি সন্তান
depressive,পুলিশ যদি অপরাধী ধরে অন্য কাজে ব্যস্ত থাকা তবে এরকম নিত্য নতুন ঘটনা বাড়তেই থাকবে।
non_depressive,পাগলের মতো তথ্যতে সময় চ্যানেলের স্টিকার লাগান কেন
depressive,কোন একদিন আমার বাসার লোকজন আমি পালিয়ে বিয়ে করলে মেনে নিবে কিন্তু এখন আমার বাসার লোকজন আমার চুলকাটা মেনে নেয় রংবাজ
depressive,আমরা নিজেরাই ঠিক নাই। নির্লজ্জের আমরা আবার খেতে আসি।
depressive,কেউ আবার কষ্টটা বোঝে না।। মনে হচ্ছে মরে যাই।
non_depressive,"অপেক্ষা করুন বন্ধু মোদি কিছুদিনের মধ্যে বাংলাদেশী পরিচয় দিয়ে আসাম থেকে ১৫ , ২০ লাখ আসামের মুসলমান বাংলাদেশে উপহার পাঠাচ্ছে ! "
non_depressive,জিবনে সঠিক সিদ্ধান্ত নিয়েছি পরাশোনা করি নাই
depressive,"বর্তমান পৃথিবীতে আমার কাছে মনে হয় দুইটা জিনিস বেশী জনপ্রিয় , একটা হলো সেক্স আর একটা হলো ক্রাইম । "
non_depressive,পাচার বন্ধ করা আপনাদের কাজ। দাম বাড়ানো সমাধান নয়।।
depressive,উপদেশ দেয়া বড়ই সহজ কিন্তু
depressive,কথাটি পড়ে আমার মনে হচ্ছে জীবনের বিকল্প সম্ভবতঃ কোনো কিছু নেই। কান্না সারা দেশের
depressive,আমি আপনি করলে হয় অপকর্ম মহাপুরুষেরা করলেই সেসব লীলা খেলা হয়ে যায়
depressive,ধরনের চালকদের ফাসিঁ দেওয়া হউক
depressive,আমি জানি আমার সমস্যা এবং দুঃখ অনেকের মতো নয়।অনেক দিন ধরে আমি অশান্তির মধ্যে ভুগছি।
depressive,দুনিয়া আল্লাহ আপনি দুনিয়া কেয়ামত করে দিন
non_depressive,তাহলে তাকে পুলিশে পদার্থ নিয়ে তার অস্ত্রের লাইসেন্স বাতিল করা হলো কেন যদি এরকম আইন থাকে বাতিল করার
depressive,"এখন পর্যন্ত পাকিস্তানের ইতিহাসে নির্বাচিত কোন প্রধানমন্ত্রী পাচঁ বছর পূর্ণ মেয়াদে ক্ষমতায় থাকতে পারেননি । পাকিস্তানী জনগণ যখন নতুন কাউকে পছন্দ করে তখন তাকে নির্বাচিত করে ক্ষমতায় নিয়ে আসে , কিছুদিন পরে সেই নেতা হত্যার শিকার হতে হয় , নইলে দুর্নীতির দায়ে জেলে যেতে হয় "
depressive,কোন মুসলিম কখনো কাউকে আগে মারধর করে না
depressive,হওয়াটাই স্বাভাবিক কারণ বাবার চিকিৎসার জন্য সরকারের অনুদানের টাকা লাগে হাইলে ছেলে
depressive,মৃত্যু পর্যন্ত চলতে থাকবে তার অসীম আকাঙ্ক্ষার
non_depressive,জয় শ্রী রাম অভিনন্দন জানাই বাংলাদেশ থেকে অমিত শাহ ধন্যবাদ
depressive,প্রথমে শহিদ বানান নিয়ে চেঁচামেচি করল গো মূর্খরা ! এখন একুশের মঞ্চে মমতাদি র ভাষণে উচ্চারিত বিষ্ণুমাতা নিয়ে পড়েছে সেই সব মূর্খ যাদের বাবা বলে গণেশের প্লাস্টিক সার্জারি হয়েছিল ওরা আমাদের সব ভাষণ মন্ত্রমুগ্ধের মতো শোনে সৌজন্যেঃ সংগৃহীত
non_depressive,ডান হাতের বুড়ো আঙুলের মাথা দিয়ে কেটে গেলে আল্লাহ কসম কষ্টের সীমা থাকে না । 
non_depressive,যে মানুষ চুষে খাওয়া চকলেট চিবিয়ে খেয়ে ফেলে তার কাছে ধৈর্য প্রত্যাশা করাটা সত্যিই মূর্খতার নামান্তর
depressive,ডিপ্রেশন সত্যিই খুব ভয়ংকর একটা মানুষ তিলে তিলে মৃত্যুর দিকে ঠেলে দেয়
depressive,বাসের তলায় পিষছে মানুষ হাসছে নরপিশাচ তিন তিনটা লাশ পরেছে কির পোলা লাশ চাস
depressive,সামনে পরিস্থিতি আরো ভয়াবহ হবে
depressive,আলহামদুলিল্লাহ।।।ধংস্য সকল নিরমাতা।।
depressive,হেটার্স বেড়ছে সাথে ব্লক লিস্ট টাও লম্বা হচ্ছে ফ্রি থাকছে সম্মান দিলে সম্মান পাবে লাইক দিলে লাইক পাবে দুইটার মধ্যে কোনো পার্থক্য নাই টুইটার
non_depressive,"কার কাজ ভাল এবং কার কাজ খারাপ প্রকৃতপক্ষে আল্লাহই তার ফায়সালা করবেন । যারা পরীক্ষায় সফল হতে চাইবে , তাদেরকে জানতে হবে পরীক্ষা গ্রহণকারীর দৃষ্টিতে ভাল কাজ কি ? যার কাজ যেমন হবে তাকে সে অনুপাতেই প্রতিফল দেয়া হবে । কারণ ফলাফলই যদি না থাকে তাহলে পরীক্ষা নেয়ার আদৌ কোন অর্থ হয় না । "
non_depressive,গবেষণা আগে ছিলো কোথায় যখন মানুষ গুলো জোর করে ভ্যাকসিন দেওয়া হইছিলো
depressive,নাটক দেখি বিনোদনের জন্য অবসর সময় কাটানোর জন্য একটু রোমান্টিক মুড থাকার জন্য এখন নাটক দেখে পুল ডিপ্রেশন চলে যাচ্ছি
non_depressive,বাস চাপায় ৬ জন ছাত্রের মর্মান্তিক মৃত্যুর পরও নির্লজ্জের হাসি শাজাহান খানের মুখে 
non_depressive,দুই জনের জনকে চিনা আমি একমাত্র ভাগ্যবান
non_depressive,জণগণকে ঐক্যবদ্ধ করতে হলে সবার আগে ঐক্যবদ্ধ হতে হবে আমাদের তারেক রহমান 
depressive,হাড্ডি গোস্ত উপজাতি দোস্ত
depressive,যেখানেই যাই তোমার স্মৃতিগুলো ভীষণ মিস করবো।ভালো থেকো আমার হওয়া সংসার
depressive,"কিছু করার নাই , আওমীলীগের পুরান অভ্যাস চারতে পারে না , বাবা মেয়ে করছে এখন যদি নেতারা না করে দলে বদনাম হবে কয়লা যদি বাতাসের সাথে উরে যাইতে পারে ভোট তেমন গঠনা না"
non_depressive,কোটি কোথায় খরচ হইছে
non_depressive,"বিমানবন্দর সড়কে শিক্ষার্থীদের বিক্ষোভ , শাজাহান খানের পদত্যাগ দাবি "
depressive,কেমন বিউটি পার্লার আটা ময়দার বিপরীতে বেগুন বিক্রি হয়
depressive,সালে গবেষণা শুরুর অবশেষে পানির অস্তিত্বের ব্যাপারে অনেকটাই নিশ্চিত বিজ্ঞানীরা এবার তবে প্রাণের অস্তিত্ব মিলবে
non_depressive,কিছুই আমার মাঝে আছে️
depressive,খুব দ্রুত গতিতে বাইক চালানো ছেলেটা খুব সাবধানে হূইল চেয়ার চালায় পরোটা বাবা
depressive,রাস্তায় ফেলে গেলেও ছেলেটা বাঁচতে পারত
depressive,অসুস্থ রোগির পিক সুন্দর হাতে মেহেদি পিক নাদিলেও পারত জনগণ
non_depressive,গুলো পয়েন্ট আমার সাথে মিলে গেলো
non_depressive,আলহামদুলিল্লাহ একটাও টিকা নেয়নি সুস্থ আছি
non_depressive,ধন্যবাদ যমুনা টিভিকে
depressive,"ব্যালট বইয়ে পুরোটাতেই নৌকায় সিল ! গনতন্ত্র শব্দটা উঠিয়ে দিলেই তো হয় , কি দরকার এতো এতো লোক দেখানো নির্বাচন দেওয়ার ? আওয়ামী শুয়োরের বাচ্ছারা কোন দিন ও কি মানুষ হবে না ? শেখ মুজিবুর রহমানের স্বপ্নে কি ভোট চুরি ও ছিলো নাকি ? আওয়ামীলীগ কে না বলুন : "
non_depressive,আলহামদুলিল্লাহ টিকা নিয়ে সুস্থ থাকা আমি
depressive,সময় চলে যাচ্ছে এবং আমি এখনো কিছু সঠিক করতে পারছি এটি খুব দুঃখজনক।
non_depressive,আছে কপালে তাই হবে করোনায় মরিনি এখন টিকা নিয়ে মরবআর আল্লাহ ভরসা
non_depressive,ভাইআমেরিকার গ্রীন কার্ড করে যদি মালেশিয়া অথবা সৌদি গ্রীন কার্ড মুভি করতো তাহলে হয়তো মুভিটা ব্যবসা সফল হতো
non_depressive,দিন আগের প্রতিবেদন আপনারা দিন নিউজ কাভার দিলেন
non_depressive,ধ্বংস হোক সিনেমা জগৎ
depressive,ভালোবাসা অবিরাম কিন্তু মনে একটা দুঃখ রয়েই গেল তোমার সঙ্গে কথা বলতে পারলাম না সত্যি তোমাকে ভালোবাসি তোমার বড় আমি জুড়ে জুড়ে শুধু তোমারই ছবি 
depressive,ইতিহাস তুমি কেঁদোনা আমারও কান্না আছে কাঁদিনা তোমারই জন্য তুমি ভেসে যাও পিছে সার্টিফিকেট দিয়ে আমি করবো মনে চায় মরে যাই
depressive,বাংলাদেশের রিজার্ভের দিকে তাকালেই কিছু বুঝা যায়
depressive,রাজধানীতে বাসের চাপায় শিক্ষার্থীর মৃত্যু
depressive,বর্তমান পৃথিবীতে আমার কাছে মনে হয় দুইটা জিনিস বেশী জনপ্রিয় একটা হলো সেক্স একটা হলো ক্রাইম
depressive,আমি মধ্যবিত্ত পরিবারের ছেলে আমি জানি মধ্যবিত্ত পরিবারে কান্না কেউ দেখে না।।
non_depressive,যথাপযুক্ত সময়ে কথা গুলো তুলে ধরার জন্য বিবিসি সাংবাদিক ভাইকে ধন্যবাদ।।।
non_depressive,ভালো মারুষ ওনাকে নোবেল দেওয়া হোক
non_depressive,খাতা কাটছে ঈশ্বর জানে যেগুলিতে পাইতাম ওইগুলাতে দিয়ে রাখছে
depressive,আমি নিজেই ভুক্তভোগী। আমার মনের কথাগুলো তুলে ধরেছেন।
non_depressive,হাজার টাকা বেতন দিলে সবাই বিসিএস দিকে যাবে যেখানে সম্মান টাকা উভয়ই আছে।
non_depressive,আল্লাহ তুমি ধৈরজ দাও
non_depressive,বেশ বহুদিন পরে আবার একটা অত্যন্ত ভালো নাটক এবং তার থেকেও বেশি ভালো অভিনয় দেখলাম দুজনের অভিনয় অতীব উন্নত মানের কথায় মেড ইচ্ আদার অসাধারণ।
non_depressive,রাজধানীর যোগাযোগব্যবস্থার উন্নয়নে এবং যানজট নিরসন ঢাকাকে ঘিরে একটি এলিভেটেড রিং রোড নির্মাণের পরিকল্পনা জানিয়েছেন প্রধানমন্ত্রী শেখ হাসিনা । পরিকল্পনা গুলি দেখে তো আনন্দিত হলেও দুর্নীতি গুলি মানুষকে বিচলিত করে । 
non_depressive,আমি সময় ভালো কিছর অপেক্ষায় করি
non_depressive,খেলা দেখা অবস্থায় এই জাহাজ দেখে মনে হইছে টাইটানিক জাহাজ এর কাহিনির কথা । এইটা কি টাইটানিক এর চেয়ে বড় । যেইটা এখন ওয়েস্টার্ন দের শহরে 
non_depressive,বাংলা দেশের অনেক জায়গা আছে এখনো রিকশা চলতে পারে জমন ময়মনসিংহ ফুলপুর উপজেলা শেরপুর নকলানালিতাবাড়ী আরো অনেক জায়গা আছে
non_depressive,এগুলা কোন খবরের ভিতর পরে
non_depressive,এরাই এদেশের সোনার ছেলে
non_depressive,নতুন নতুন বিষয় আবিষ্কার করার নামই বাংলাদেশ
depressive,আম্মু বলে আজকে কী বার ! আমি বলি দিলবার দিলবার
non_depressive,খাওয়ানোর এগুলা বলে লাভ তখন এগুলা ভাবা গেছিলো
depressive,মাঝে মাঝে নিজেকে খুব অসহায় মনে হয় একা একা লাগে মনে হয় পৃথিবীতে আমার কেউ নেই
non_depressive,বন্ধু সজিবের অবস্থা
depressive,সারা দেশে ১০০ থেকে ৯০ মানুষ ভাল্লাগেনা রোগে আক্রান্ত কেউ কি আছো এই রকম
depressive,মাস থেকে ডিপ্রেশনে ভুগছিআল্লাহ আপনি আমাদের ডিপ্রেশন থেকে মুক্তি দাও আমিন
depressive,আল্লাহ বৃষ্টিটা একটু থামাও সবার ঘরে নাই
non_depressive,কম্পিউটার শিক্ষার উপর জোর দেওয়া। কর্মমুখী শিক্ষার উপর জোর দেওয়া যাতে পাশ করে কেউ বেকার হয়ে দেশের সম্পদ হতে পারে।
non_depressive," , ওগো পথিক আর কত রবে বৃক্ষ ছায়াতে বসি ! ক্ষণিকের তরে মায়াবিনীর এ ছলনাকে ভালবাসি ! রবে নাকো হেথা যেতে হবে তব আসল সে ঠিকানায় ! তবে কেন তুমি ক্ষণিকার প্রেমে ? সময় যে বয়ে যায় ! "
depressive,মূল্যবোধের অবক্ষয় রোধে শিক্ষা ব্যর্থ কেন মুহাম্মদ রেজাউল করিম
non_depressive,আল্লাহ আমাদের সবাইকে হেদায়েত দান করুন আমীন
non_depressive,সবাইকে একটা করে বিয়ে করান তাহলে জামেলা শেষ হেড লাইন দেখে মনে হচ্ছে তাদের একার সমস্যা  মানে বানিয়ে লেখা বয়কট করছি
non_depressive,সন্দেহের জন্য মুই এলাও দেও নাই আল্লাহ সবাইকে সুস্থ রাখুন
non_depressive,আলহামদুলিল্লাহ ঠিকা ছাড়াই মহান আল্লাহ তায়ালা অনেক সুস্থ সুন্দর রেখেছেন।
depressive,হৃদয়ে একটি অনুভূতি রয়েছে নিরাপদে বিপর্যয়ে ফেলে।টাকা থাকলে শান্তিতে মরাও যায় ভাই। এটাই সত্যি
depressive,কথাটি পড়ে আমার হৃদয়ে একটি অত্যন্ত বিপদজনক অনুভূতি উত্পন্ন হয়েছে।আসুন দেশটাকে গিলে খাই ভাত উপর চাপ কমাই
depressive,"দেশে অধিকাংশ এলাকায় থ্রী জি সার্ভিসের ঠিকমতো কোন খবর নাই , ডিজিটালের নামে ধাপ্পাবাজি করতেছে অপারেটররা । অথচ ফোর জির পর ফাইভ জি নিয়ে রীতিমত গলাবাজি শুরু হয়েছে । "
non_depressive,একটা জীবন নরক করতে একটা লোকই যথেষ্ট । একটা দেশ নরক করতে কয়েকটা লোকই যথেষ্ট । ভাষা ও সাহিত্য নষ্ট করতে গুটিকয়েক লোকই যথেষ্ট । 
depressive,ভাই সময় টিভির কোনো চেনা ভালো ডক্টর আছে বিসন্নতা ভালো কারার থাকলে যানাবেন প্লিজ
non_depressive,"জন্ম নিয়ন্ত্রণের মত রাজনীতি নিয়ন্ত্রণও জরুরী , নইলে জারজ সন্তান পয়দা হবে । যদিও সংখ্যাটা দিন দিন বেড়েই চলেছে "
non_depressive,সরকার এগুলো বইয়ের ভিতরে দেওয়ার আগে চিন্তা করার উচিত ছিল
non_depressive,ভারতে কোটি বাংলাদেশী মুসলিম অনুপ্রবেশকারী দের ফেরত পাঠানো হবে
depressive,"নিজের জামাইকে এত্ত ভালোবাসমু যেন , পাশের বাড়ির ভাইয়া গুলো আফসোস করে বলে ইস ! আমি যদি তার জামাই হতে পারতাম ! "
depressive,"যে দেশে মানুষের মৃত্যুর খবর শুনে মন্ত্রী মহোদয় হাসে , প্রতিদিন মৃত্যু ভয় নিয়ে বাইরে বের হতে হয় যেখানে প্রিয়জনের ঘরে ফেরার নিশ্চয়তা নেই , যেখানে রাস্তায় মা বোনদের নিরাপত্তা নেই , সেই দেশ আমার না । হয়তো দেশটা একদিন আমার ছিল । এখন আর নেই । এই দেশে আমি অসহায় ! সড়কদুর্ঘটনা"
non_depressive,আল্লাহ তাআলা তাকে জান্নাত নসিব করুক
non_depressive,সকল অপরাধীদের দৃষ্টান্তমূলক শাস্তি দাবি জানাচ্ছি
depressive,এখনই যদি এইসব ধনীর দুলালদের বিচার হয় তাহলে ভবিষ্যতে বাংলাদেশ ভয়াবহ জায়গায় যাইতে আছে মনে ভাববেন আমরা এসব ধনীর দুলালদের বিচার চাই
non_depressive,আমাদের দেশে ঝামেলা সৃষ্টি করার উদ্দেশ্যে বলছে বোঝা যায়
depressive,আমি সময় অনুমান করি আমি কিছুই নিয়ে করতে পারি না।
non_depressive,আমার মতে সরকারি চাকরি মেয়াদ কাল কমিয়ে আনা উচিত তাহলে তাতে করে অন্যরাউ সুজগ পাবেন এবং সরকারি চাকরি করতেই হবে এমন মনোভাব দুর হবে
depressive,সুখের ছায়ায় আমি বিলীন দুঃখের অধিকারে জীবনের পাতার সুতারাং হলাধার করে দেওয়া হয়ে গেছে।
non_depressive,ঘুম আর মৃত্যু ভাই ভাই শধু মাত্র ব্যবধান এটাই ঘুম ভাঙলে সকাল না ভাঙলে পরকাল
non_depressive,কারিগরি শিক্ষার বিকল্প নাই। জাপান সিঙ্গাপুর উন্নত হয়েছে কারিগরি শিক্ষার মাধ্যমে। বেকারত্ব দূর হবে কারিগরি শিক্ষার মাধ্যমে।
non_depressive,যাই হোক ভালো হলেই ভালো
depressive,"আবার বাঙালি আক্রান্ত কেবলমাত্র বাঙালি হওয়ার জন্য । মায়ানমারের আরাকানকে নয় ছেড়েই দিলাম । কিন্তু বাঙালিদের রক্ত দিয়ে গড়া , আমাদের রাষ্ট্র ভারতের গুজরাট , রাজস্থান , হরিয়ানা , ইউপি , দিল্লী , বিহার , মহারাষ্ট্র এবং অবশ্যই আসামের পর এবার মণিপুর । হায় রে ঘুমন্ত বাঙালি , এবার তো যেগে ওঠো ! "
depressive,বর্তমানে ডিপ্রেশনের মূল কারণ হচ্ছে পরিবার
depressive,"বালিকা সাথেও ছিলাম পাশেও ছিলাম , শুধু ছিলাম না তোর মনে "
depressive,বস্তিদের নিউজ টিভি করে
depressive,"ইচ্ছে ছিলো বিয়ের বায়নাতে হবু বউকে ডায়মন্ডের রিং দেবো ইচ্ছে পুরনের লক্ষ্যে মার্কেটে রিং কিনতে গেলাম ! দুইটা রিংয়ের দাম জানতে চেয়ে অামি নিজেই হতভম্ব ১ লাখ ১৫ , ০০০ ১ লাখ ২৫ , ০০০ কেনা হলো না ইচ্ছেটা ইচ্ছেই রয়ে গেলো মধ্যবিত্ত ওসমান গনি "
depressive,ভালোবাসার মানুষ যতক্ষণ আপনার কাছে আছে ততক্ষণ সুন্দর অন্য কারো হয়ে গেছে অন্য রকম হয়ে যায়
non_depressive,আমরা লেখাপড়া করি শুধু চাকরির জন্যে জানার জন্যে না। দেশের সমস্যা আছেই। দুর্নীতিতে ভরে গেছে।
depressive,অনেক কিছু সম্পর্কে অজানা হওয়া অনেক বেশি কষ্টদায়ক যেন হৃদয়ের মুখে একটা ঘুম পড়ে যায়।
depressive,কোন সিটিতেই কোন ভোট হিসেব হয়নি যা হচ্ছে হাসিনার ইচ্ছে মতো ভাগ ভাটোয়ারা যদি ভোটের হিসেব হতো তাহলে নিজ কেন্দ্রে ফেল করা কামরান কিভাবে আরিফুল হকের সাথে হাড্ডা হাড্ডি লড়াই করে আরে সেতো নিজ কেন্দ্রের ভোটই পায়না অন্যরা : 
depressive,সরকারের ফুটানির কারনে আমাদের দেশের মানুষের কষ্ট
depressive,নিউজ অভাব তাইতো স্বনামধন্য টিভি চ্যানেল টিকটকার দের নিয়ে নিউজ করে
non_depressive,আল্লাহ্ হেফাজত করুন
depressive,পরামর্শর বিনিময়ে টনি ব্লেয়ারকে ১ কোটি ১৮ লাখ ডলার দিয়েছে সৌদি আরব ! শয়তান কি কখন নামাজের দাওয়াত দিবে ? টনি ব্লেয়ার কি মুসলমানদেরকে ভালো পরামর্শ দিবে ! 
non_depressive,টাকায় গুড গুড করে
depressive," আয় বিজেপি দেখে যা , দেখবি যত জ্বলবি তত ! "
non_depressive,এতো দিন পরে বিবিসি সঠিক নিউজ করলো খেয়ে পড়ে বাঁচলে উন্নয়ন দিয়ে করবো
non_depressive,আমি তিনটি ভ্যাকসিন নিয়েছি। তারপর থেকেই সর্দি কাশিতে আক্রান্ত। এছাড়াও নানা সমস্যায় ভুগছি।
non_depressive,কারিগরি শিক্ষাকে প্রাধান্য দিতে হবে।
non_depressive,"সবকিছু মিথ্যে , আমি মিথ্যে , মিথ্যে আমার বসবাস , মিথ্যে আমার গৃহ , শুধু সত্য আমার নিরূপিত ছায়া মাত্র । "
non_depressive,আমি জানি অনেকেই এখানে কমেন্ট পড়তে আসবে। তাদের উদ্দেশ্যে বলছি আমার একটা পুরাতন সাইকেল আছে বিক্রি করব
depressive,কাল মেয়েদের দেহ পাওয়া যায় পাওয়া যায়
non_depressive,"আপনার স্মৃতিশক্তি হয় দুর্বল বা আপনার কানের সমস্যা আছে না হলে ২১ তারিখ আসাম সম্বন্ধে দিদি বলেছেন এবং প্রশাসনিক স্তরে কখা চালু হয়েছে , তবে এটাও ঠিক এত সহজে আসামকে দিয়ে বিজেপি বাংলায় আগুন ছড়াতে পারবে না । কারন এখানে মুখ্যমন্ত্রীরর নাম মমতা বন্দ্যোপাধ্যায় । "
non_depressive,জীবনের শ্রেষ্ট শিক্ষক
depressive,আমি তাই কৃষি কাজ করি। দুবেলা খাবার জন্য সারাদিন কাজ করি।
non_depressive,সাংবাদিক চাকরি দিছে কথা বলে কমতোতলামি করে বেশি। কথার মাঝে কেন করে
non_depressive,খুব গুরুত্বপূর্ণ একটা সংবাদ টিভিতে অসংখ্য ধন্যবাদ এরকম আরো অনেক সংবাদ চাই
depressive,তীব্র শোক জাহান্নাম যেনো কারো জীবনে আসুক
non_depressive,এটাই আমাদের উন্নত দেশ
depressive,৪৭ পরবর্তী ভারতে হিন্দুদের সাথে মুসলমানদের কোন বিরোধ লাগলেই হিন্দুত্ববাদীরা বলতো ওদেরকে পাকিস্তান পাঠিয়ে দাও ওরা পাকিস্তান চলে যাক । ইদানিং আওয়ামীলীগের সাথে কারো বিরোধ লাগলে আওয়ামীলীগ নেতারাও একই কথা বলেন ! তাহলে আওয়ামীলীগও হিন্দুত্ববাদী হয়ে গেল নাকি 
non_depressive,হাজার টাকা বেতন দিলে সবাই বিসিএস দিকে যাবে যেখানে সম্মান টাকা উভয়ই আছে।
non_depressive,কৃষক দরদী মোদীর মিথ্যাচার নিয়ে বিধানসভায় সরব মমতা : 
non_depressive,ভারতে দাম বেশি তাই বলে বাংলাদেশেও দাম বাড়াতে হবে
non_depressive,এখন আমাদের করণীয় কিযদি বলতেন উপকৃত হতাম
depressive,লিটার তেল নিয়ে বাজার থেকে নিরাপদে ফিরে আসায় সৃষ্টিকর্তা ধন্যবাদ। ভোগান্তি থেকে অচিরেই মুক্তি চাই।
non_depressive,আইনের প্রতি দৃষ্টি আকর্ষণ করছি
non_depressive,হিন্দুদের চামড়া তুলে ফেলবেন মাহমুদুর রহমান : 
depressive,তখন আবেগ কাজ করেছে বিবেক কাজ করেনি।
non_depressive,একজন ভালো মানুষ কখনো মুসলমান হতে পারে এবং একজন মুসলমান কখনো ভালো মানুষ হতে পারে
non_depressive,এগুলো মনে হলে বিয়ে করতেই চাই মোহরানা একটা ভারসাম্য বজায় রেখে করা উচিত
non_depressive,"যদি দুনীয়ার ক্ষমতা চাও শক্তিমানের পক্ষে রায় দাও , আর আখিরাতে মুক্তি চাইলে মজলুমের পক্ষে লড় । "
depressive,"আজ সংসদে নাগরিকপঞ্জী পেশ , লক্ষ বাঙালির নাম বাদ । সংসদে তৃণমূলের বিরোধিতা , কিন্তু ঠিক দিনেই বিমান বিভ্রাট । আড়াই ঘণ্টা বিমান বন্দরে তৃণমূল সাংসদ রা আটক । "
non_depressive,"ঢাকা বিশ্ববিদ্যালয়ের শিক্ষক সমিতি আরেকজন শিক্ষকের বক্তব্য খণ্ডিতভাবে উদ্ধৃত করে , এমন কঠিন ভাষায় কথা বলছে ! কোনো রাজনীতিবিদ নন , শিক্ষকরা এমনটা করছেন ! : "
depressive,সময় ভাবি কেন আমাদের সমস্যা বেশি তবে এটি শুধুমাত্র আমাদের অবনতির অনুভূতি।
depressive,অনেক অনেক কষ্টের বিষয় উচ্চ শিক্ষার্থীদের ভবিষ্যত এভাবে চলতে থাকলে জাতি দেশ একেবারে শেষ হব।
depressive,বাংলাদেশের চিকিৎসা খাদ যদি ভালই হতো তাহলে প্রধানমন্ত্রী এবং এমপি মন্ত্রী পয়সাওয়ালা বিদেশ কেন যায়
depressive,আমি জানি আমার সমস্যা এবং দুঃখ অনেকের মতো নয়।
depressive,কবে পরিবর্তন হবে।একটুওকি সহযোগিতা পাওয়া যাবে
depressive,করুনায় আমাদে ছুটিতে এসে আটকা পরেত বিশননতায় ভুগছি
depressive,"ছবিটাতে অনেক কিছু বুঝিয়ে দিলো । পশু হলেও তার বিশ্বস্ততা আছে , কিন্তু কিছু কিছু মানুষের মধ্যে এতোটুকু মনুষ্যত্ব বোধ বা বিশ্বস্ততা নেই "
non_depressive,"কবি বলেছেন যখন রাষ্ট্রের মধ্যে সংঘটিত অন্যায়ের বিরুদ্ধে কিছু লিখার সাহস না পাইবা তখন বেশি বেশি খাবার দাবারের ছবি দাও । শত্রুপক্ষ এতেই ভয়ে কাবু হয়ে যাবে , তারা ভাববে তাদের প্রতিহত করতে তুমি বেশি বেশি খাবার খেয়ে আরো শক্তভাবে প্রস্তুতি নিচ্ছো । "
non_depressive,"রাসূলুল্লাহ সা ইরশাদ করেন , যারা রাতের অন্ধকারে বেশি বেশি মসজিদে গমন করে , তাদের কিয়ামতের দিন পূর্ণ নূরের সুসংবাদ দান কর । সুনান ইবনে মাজাহ "
non_depressive,ওনাকে আইনের আওতায় নিয়ে কঠিন শাস্তি দিতে হবে
non_depressive,অনেক সময় খেলাপি বেড়ে গেলে নিত্য প্রয়োগনীও জিনিসের দাম বাড়ে
non_depressive,পুলিশ প্রচুর মামলা করে লাভ শুধু পুলিশকে টাকা দেওয়া
non_depressive,জোর যার মুল্লুক তার।
non_depressive,সদ্যপ্রাপ্তঃ বরিশালে অনিয়মের অভিযোগ করে নির্বাচন বর্জনের ঘোষণা দিয়েছেন বিএনপি মেয়রপ্রার্থী মজিবর রহমান সরোয়ার
non_depressive,ট্রাক চালকের দোষ নাই। ভিডিওতে ক্লিয়ার আল্লাহ তদের পরিবারকে সবর শক্তি দিনআমিন।
non_depressive,নাটক অনেক সুন্দর লেগেছে ভাইয়া বিষেশ করে গানটা দেয়াতে Feelings আরো বেড়ে গেছে।নাটক কেমন যেন একটু অসম্পূর্ণ রয়ে গেল the way শেষ অন্য রকম হতে পারত
non_depressive,"পৃথিবীর সব সুখ তখনি নিজের মনে হয় , যখন ভালোবাসার মানুষটি ভালোবেসে পাশে থাকে আর তখনি নিজেকে অনেক ভাগ্যবান মনে হয় যখন ভালোবাসার মানুষটি বিশ্বাস দিয়ে বিশ্বাস রাখে "
non_depressive,জোর করে বাধ্য করে টিকা দিয়েছিলো মনে দ্বিতীয় ডোজ দিয়েছিলাম মালিকের উপড়ে একমাত্র ভরসা করি ইনশাআল্লাহ
non_depressive,ব্যাপার আওয়ামীলীগ সাপোর্ট করলে সবই সম্ভব
depressive,এমন বন্ধু থাকাই ভাল উপজাতি কালপিট বন্ধুদের প্রকাশ্যে শাস্তি দেওয়া হোক
depressive,আমার মাথায় মৃত্যুর চিন্তা আসে
non_depressive,যখন মোবাইলের সাথে রিলেশন আসা শুরু হয় তখন টিভির সাথে ব্রেকআপ করে দিই 
depressive,দেশে ডাক্তার আছে আছে কসাই। হলে দেশের মানুষ কেন ভারতে যেতে হয়।
depressive,সরকারি হাসপাতালে কোনো চিকিৎসা দেয় প্রাইভেট হসপিটালে চিকিৎসা করাতে অনেক টাকা লাগে
non_depressive,জীবন এবং নাটক দুটোই আলাদা কিন্তু নাটটির প্রতিটি লাইনি খুবই সুন্দর ছিল।
depressive,আশার পেছনে মরীচিকার মতো প্রতিনিয়তই ছুটে চলেছি
depressive,মাঝে মাঝে ইচ্ছে করে ছেড়ে দূরে কোথাও চলে যাই কিন্তু গাড়ি ভাড়া নেই বলে যেথে পারিনাএত সার্টিফিকেট দিয়ে আমি করবো মনে চায় মরে যাই
non_depressive,দিনে ওজন কমে গিয়েছিল আলহামদুলিল্লাহ এখন অনেক ভালো আছি।
non_depressive,উঠন্ত বয়সি ছেলেদের হাতে বাইক দেয়া বন্ধ করুন নইতো এরকম হাজারো তানবীর চলে যাবে
non_depressive,এরা কারা তাদেরকে নিয়ে আবার নিউজ করা লাগে
depressive,স্বার্থক জন্ম আমরা জন্মেছি এই দেশে রাস্তায় মানুষ মরে আর মন্ত্রী সাহেব হাসে হায় আফসোস
depressive,আমি সময় অনুমান করি আমি অন্যের জন্য পর্যাপ্ত নই।আমি সময় অনুমান করি আমি যেটা প্রয়োজন তাতে আমি সেটা করতে পারবো
depressive,ডাঃ নামের কসাই গুলোর কারণে সাধারণ মানুষ এইসব বিশ্বাস করে
non_depressive,ডাক্তার শুধু নামে কামে নেই আমাদের দেশে
non_depressive,অবিলম্বে থেকে বহিষ্কার করার জন্য জোর দাবি বিচার দাবি করছি
depressive,ব্যর্থতা আমার নষ্টের প্রতিদান নষ্ট আমার কর্মের অবদান আমি এক ভ্রষ্ঠ পথিক হাঁটতে হাঁটতে দিক ভুল করি চলতে চলতে পেছনে চলি । এভাবে কখন পিঠ ঠেকে গেছে শেষ সীমানায় অবশেষে চোখ মেলে দেখি শুকতারা ডুবে গেছে নীল দরিয়ার বেলাশেষে । আমি নিরুপায় দু হাত পেতে আছি ঘন অন্ধকারে এ এক নির্মম শুন্যতা । 
depressive,দলের হোক কেন ধরনের আচরণ খুবই দুঃখজনক
non_depressive,খুব ভালো লাগলো নাটকটি
depressive,মারুফের বয়স নাই তাছাড়া নায়কাটাও অচল।
depressive,নাটক দেখা শেষ অবদি বহু বার চোখ বেয়ে পড়েছে ঈদের শেরা নাটকটা দেখে ফেললাম
non_depressive,মোটরসাইকেল কিমি স্পিড থাকলেই দুর্ঘটনা
depressive,বিজেপি অক্সিজেন দিচ্ছেন অধীর শুভেন্দু অধিকারী
non_depressive,দেশে বিচার ব্যবস্থা ভালো দেশে আইনের কোন শাসন নেই জনগণের অধিকার নেই সেই দেশে এইভাবে অস্ত্র উঠবেই
non_depressive,ছেলেদের উচিত দেনমোহর বিয়ের সাথে সাথেই বৌকে দিয়ে দেয়া ছেলেরা করে আমাদের ধর্মে বলা আছে
non_depressive,ব্যাপার আওয়ামীলীগ সাপোর্ট করলে সবই সম্ভব
non_depressive,নাম গ্রীন কার্ড হলেও কপালে জুটছে রেড কার্ড
depressive,এতো বাজেটের সিনেমা
depressive,সরকার যদি বারবার ক্ষমতায় থাকে তাহলে সরকারের মন্ত্রী এমপি নেতা করুক কেনোতাদেরকে ধরে রাখার কেউ থাকেযার কারনে পরিণতি
depressive,এমন একটা দুর্ঘটনার খবরে এমন পার্টি মিউজিক সাবাস। এরাই জাতির বিবেক
depressive,পরিমাণে মানসিক অবসাদে আছি বলে বুঝাতে পারবো
non_depressive,ইউটিউবার ওটা ইউটিউমার হবে
non_depressive,কেউ গাড়ি খাইয়া মদ চালাবেন না 
depressive,আমি সময় অনুমান করি আমি নিজের সাথে অসন্তুষ্ট।আমি সময় অনুমান করি আমি যেটা প্রয়োজন তাতে আমি সেটা করতে পারবো
depressive,আমার মনে বেদনা জাগানো হয়েছে কথাটি পড়ে।আসুন দেশটাকে গিলে খাই ভাত উপর চাপ কমাই
non_depressive,পড়া শুনা বন্ধ কইরা রাজনীতি করেন সবাই দারুন ব্যবসা
non_depressive,বাইকের স্পিড মনে উপরে ছিল তাই বাস বাইকের সংঘর্ষ
depressive,নিকোটিনের ধোয়ায় সময় কাটে রাতে রাতটা আমার জন্য দিন দিনটা রাত ।এত সার্টিফিকেট দিয়ে আমি করবো মনে চায় মরে যাই
non_depressive,বাংলাদেশের উপরে ফিটফাট ভিতরে সদরঘাট। সেটা নওয়াজ মিয়া জানে
non_depressive,তাহলে টিকা নেওয়ার জন্য জনগনকে বাধ্য করা হইছিল কেন
depressive,বাসের তলায় পিষছে মানুষ হাসছে নরপিশাচ তিন তিনটা লাশ পরেছে কির পোলা লাশ চাস
non_depressive,অসংখ্য ধন্যবাদ imranul rafat রকম গল্প নাটকের মাধ্যমে উপস্হাপন করার জন্য
depressive,আমাদের জীবনের সবচেয়ে অসুস্থ অবস্থা হলো মনের অন্ধকারে অবস্থা।এ কান্না সারা দেশের
non_depressive,ধন্যবাদ ভারতকে দেশে সত্যিই সারভাইব করা অনেক কঠিন
depressive,বাংলাদেশে সবকিছুর অভাব হতে পারে যেমন খাদ্য বস্ত্র শিক্ষা চিকিৎসা কিন্তু পাগলের অভাব কোনদিন হবে
depressive,জীবনের মৃত্যুর পথে আমি অবশ্যই ভুগছি।অনেক দিন ধরে আমি অশান্তির মধ্যে ভুগছি।
non_depressive,বাংলাদেশে ফার্স্ট ডে তে ফার্স্ট শো থেকেই বোঝা গেছে সুলতান দ্যা সেভিয়ার কারো মন্দ লাগেনি । : 
non_depressive,আল্লাহ তাকে তুমি সুস্থতা দান করেন
non_depressive,সরকার কিছু করুক কেন সবার আগে মানসম্মত শিক্ষক প্রয়োজন।
depressive,ফাইজারের টিকা দুই ডোজ দেওয়ার পরে আবার টাইম মেমোরি প্রচন্ড মাথা ব্যাথা হয় আমি এখনো ভুক্তভোগী
depressive,টিউমার নিয়া লাইফ ত্যানা ত্যানা হয়ে গেল।
non_depressive,"চোরের কাছে আতমকের নাম পুলিশ , আর , ধর্ম ব্যাবশাই , ও , পীর , মাজার পূযারীর কাছে আতমকের নাম , হচ্ছে , ডাঃ জাকির নায়েক "
non_depressive,সরকারের কথা মানলাম। ভারতে পাচার হবে তাই বলে দেশের জনগনের কথা চিন্তা করবান না। পাচার যেনো তার জন্য বোয়াডার সিমান্তে পাহারা বাডানো হক।
non_depressive,"প্রাচীন সভ্যতা গড়ে উঠত সমুদ্রতীরে নদীতীরে , আধুনিক যুগে বসতি গড়ে উঠে আধুনিক সড়ক অথবা রেল যোগাযোগ কে কেন্দ্র করে , কিন্তু এখন একুশ শতকের অর্থনৈতিক কর্মকান্ড সম্পূর্ণ নির্ভর করে যে দিক দিয়ে ফাইবার অপটিক কেবল গিয়েছে সেটা কে কেন্দ্র করে ! "
depressive,পরিবার নিজের ক্যারিয়ার সামাজিক চাপ আর্থিক চাপ মিলিয়ে ভীষণ বিষন্নতায় আছি
depressive,"আপনার স্মৃতিশক্তি হয় দুর্বল বা আপনার কানের সমস্যা আছে না হলে ২১ তারিখ আসাম সম্বন্ধে দিদি বলেছেন এবং প্রশাসনিক স্তরে কখা চালু হয়েছে , তবে এটাও ঠিক এত সহজে আসামকে দিয়ে বিজেপি বাংলায় আগুন ছড়াতে পারবে না । কারন এখানে মুখ্যমন্ত্রীরর নাম মমতা বন্দ্যোপাধ্যায় । "
depressive,আমি সময় অনুভব করি আমি কাউকে পছন্দ করতে পারছি এবং আমার সম্পর্কে কেউ চিন্তা করে না।হতাশা দুচিন্তা বেকারত্বের প্রধান কারণ।
depressive,আমার মনে বেদনা জাগানো হয়েছে কথাটি পড়ে।আসুন দেশটাকে গিলে খাই ভাত উপর চাপ কমাই
non_depressive,বিদেশি ঋণে অর্থপাচারে দেউলিয়া বাংলাদেশ। এসব তথ্য ঢাকার জন্য এমন প্রচারণা।
depressive,তাই বলি আমার বুক ধরফর করে কেনো এটাই মনে কারন
depressive,দাঁত মাইজা লক্ষ হাজার মেক্টিকটন কয়লা শেষ করছত জন্যে তোর দাত সুন্দর
non_depressive,"ভালবাসার কোন রং হয় না এটাও তার একটা বলিষ্ঠ উদাহরণ এটা হয়ত বা কোন না মেকাপ , দেওয়ার কারন হল আমাদের চিন্তাধারা এরকম হওয়া উচিৎ ! "
depressive,আমি শুধু ঘুমোতে চাই
non_depressive,আমরা চাই যারা যারা ফেল করেছে তাদের মাসের মধ্যে আবার পরীক্ষা নেওয়া হোক এইটা মাননীয় প্রধানমন্ত্রী কাছে অকুল আবেদন
depressive,দেশ জাতির জন্য গুরুত্বপূর্ণ নিউজ হেদায়েত কামনা করছি আল্লাহর নিকট।।
non_depressive,বাঙালি হলে সুন্দর নাটকগুলো মিস হয়ে যেত
depressive,ভাগ্যের কাছে হেরে গিয়েছি নাহলে ভালোবাসা ত আমাদের দুজনের ই সত্য ছিল 
depressive,এগুলো বাদ দিয়া চাষাবাদ দাও নিজের উন্নতি হবে সাথে দেশের
non_depressive,জুনিয়রদের ছন্দে ফেরার এটাই উত্তম সুযোগ দেখছেন টি টোয়েন্টি দলের অধিনায়ক সাকিব আল হাসান । : 
depressive,চাকরি থাকাতে বিয়ে করতে পারছি না। এটাই হচ্ছে বাস্তবতা
non_depressive,বাপ বেটা দুইজনকেই শাস্তিতে আনতে হবে।
non_depressive,দিনটা স্মৃতিতে রেখে গেলাম।
depressive,ডিপ্রেশন আমার প্রতিভাকে পুরুপুরি ধংস করে দিচে এখন অনেকটা কাটিয়ে উঠেছি
depressive,বিশ্রী শহরে থাকতে চাইনা আমি হারিয়ে যেতে চাই তার শহরে ভয় হয় তার শহরে আবার জলাবদ্ধতা নেই
non_depressive,নদীর কূল কহে ছাড়িয়া নিঃশ্বাস ওপারেতে সুখ আমার বিশ্বাস নদীর ওপার দীর্ঘ নিঃশ্বাস ছাড়ে
non_depressive,কিন্তু সিনেমা মুক্তির আগে বলেছিল আমি ফ্লপ নায়ক
depressive,শ্রাবণ ধারায় এতো চেনা কি খুঁজে পাও ? যা আমার মাঝে নেই একবিন্দু পরিমাণও আমার সরল রেখায় চিন্তা ধারায় আড়াড়ি করে দাগ কাটো কেনো ? নাকি কাঁদিয়ে আমাকে সেই চোঁখের জলে ভেজো ! তৃষ্ণার্ত হৃদয়ে শুধুই আমি মরীচিকার মতোই
depressive,কেমন বিউটি পার্লার আটা ময়দার বিপরীতে বেগুন বিক্রি হয়এত সার্টিফিকেট দিয়ে আমি করবো মনে চায় মরে যাই
non_depressive,আলহামদুলিল্লাহ তিনটা নেওয়ার পরেও এখনো সুস্থ আচি। ভালো রাখার মালিক আল্লাহ।
depressive,হায়রে মৃত্যু বাংলাদেশ সার্টিফিকেট দিয়ে আমি করবো মনে চায় মরে যাই
non_depressive,বাসার সাদে পানি দেন
non_depressive,উচ্চ শিক্ষিত হওয়া দেশে বড় পাপ।
depressive,কিছুদিন ধরে আমি খুব সময়ে ঘুমাচ্ছি এবং খাদ্যের স্বাদ বোঝতে পাচ্ছি না।
depressive,কারো প্রতি সিরিয়াস হওয়া মানে নিজেকে ডাস্টবিনে পরিণত করা যেখানে লেখা থাকে আমাকে ব্যবহার করুন আজব দুনিয়া
non_depressive, কারাগারে আরাম আয়েসে দিন কাটাচ্ছেন খালেদা জিয়া : 
depressive,কষ্টের আরেম নাম ব্যাচেলর জীবন
non_depressive,ব্যাচেলর আরেক ব্যাচেলর নিউজ দেখতেছে
non_depressive,ব্যাচেলর আরেক ব্যাচেলর নিউজ দেখতেছে
non_depressive,ট্রাফিক পুলিশের রাতে ডিউটির আওতায় আনা উচিত।
depressive,আমার গুলা লক্ষন আছে আমি ওনেক চেসটা করি বাট পারিনা আল্লাহ তুমি আমায় এবং আমার মতো যারা ডিপ্রেশনে ভুগছে সবাই রহমত করুন আমিন
non_depressive,ধন্যবাদ বিজেপি তবে বাংলাদেশ থেকে হিন্দুরা গেলে আমাদের ভারত থেকেও মুসলিমদের বাংলাদেশ পাঠানো হোকজয় হিন্দ
depressive,"কয়লা চুর এবং কম্বল চুর এক দলেরই , চুরের পদ্রীপ ঠিকি আছে শুধু জিনিসের নাম পরিবর্তন কয়লা থেকে কম্বল"
non_depressive,ইনবক্সের যুগে এসে বক্স অফিস থেকে হবে করে
non_depressive,বাংলাদেশ হাম্বা লীগের উজ্জ্বল নক্ষত্র
depressive,টাইপের নিউজ শুনতে শুনতে এখন অবিশ্বাস্য মনে খুব দুঃখজনক।
depressive,শোক একটা কেটে ওঠতে ওঠতেই আরো দুটো লাশ পেলাম আমরা বাঙালি দূর্ভাগা জাতি মাতমেই মাস কাটে বছর ঘুরে
non_depressive,"শিল্পপতিদের পাশে দাঁড়াতে ভয় পাই না , কারণ আমার উদ্দেশ্য স্বচ্ছ , বিরোধীদের কটাক্ষ মোদীর : "
depressive,দলের হোক কেন ধরনের আচরণ খুবই দুঃখজনক
depressive,দেশে কোনো লাভ প্রজেক্টের সিনেমা হবেওনা
depressive,আমার অন্তহীন অসুখের অনুভূতি হয়েছে আমি আত্মহত্যায় নিয়ে চিন্তিত হচ্ছি।
non_depressive,"অনেক দিন হয় প্রশ্ন করা হয়নি ভালোবাসো আমায় ? , অনেক দিন হলো শোনা হয়নি খুব ভালোবাসি তোমায় । প্রতিটা মুহুর্ত কান পেতে থাকি শুনতে রাশি রাশি , ফিসফিস করে বলছো তুমি ভালোবাসি ভালোবাসি । "
non_depressive,সিলেটে কলোনির বাথরুমে মা ও দুই মেয়ের লাশ : 
non_depressive,যেমন তেমন ড্রাইভার লাইসেন্স দেওয়া হয় টাকার বিনিময়ে।এই দেশ ঠিক হবে কিভাবে।
non_depressive,সাবাস বাংলাদেশের হিন্দুরা কতটা দেশপ্রেমিক এবার বুঝা যাবে
depressive,এত বৃষ্টি হয়ে কি লাভ যদি কাছে একটা বউ না থাকে
depressive,জামায়াত কেন্ রাজশাহী অার বরিশালে তাদের প্রার্থী দিলো তাহলে নিশ্চিত বিএনপি অারো টি মেয়র পেতেনএত সার্টিফিকেট দিয়ে আমি করবো মনে চায় মরে যাই
non_depressive,কারাজীবনে ফার্স্ট নাম শুনলামজাতি আমাকে মেনে নিবে
non_depressive,নাটক অনেক ভালো লাগলো
depressive,"এমন সংঘী পোস্ট মাঝে মধ্যে দিব্যি লাগে কারণ তখন অসাম্প্রদায়িক বাঙালি বন্ধুরা নিজের রাজনৈতিক অবস্থান ছেড়ে এদের বিরুদ্ধে এককাট্টা হয়ে একসাথে লড়াই করে বাঙালির হয়ে , বাংলার হয়ে । বাংলাপক্ষ এই সচেতনতাটাই গড়ে তুলতে চায় । ভোট দেওয়া পার্টি আমাদের জামা , বাঙালিত্ব আমাদের চামড়া । জয়বাংলা"
non_depressive,"জীবনে কিছু কিছু প্রশ্ন থাকে যার উত্তর কখনও মিলেনা , কিছু কিছু ভুল থাকে যা শোধরানো যায়না , আর কিছু কিছু কষ্ট থাকে যা কাউকে বলা যায়না হুমায়ূন আহমেদ"
non_depressive,আরটিভির সংবাদ প্রধান ওরে দায়িত্ব দিছে ক্যাডায় যত্তসব বুলশিট নিউজ করে।
depressive,"ইচ্ছে ছিলো বিয়ের বায়নাতে হবু বউকে ডায়মন্ডের রিং দেবো ইচ্ছে পুরনের লক্ষ্যে মার্কেটে রিং কিনতে গেলাম ! দুইটা রিংয়ের দাম জানতে চেয়ে অামি নিজেই হতভম্ব ১ লাখ ১৫ , ০০০ ১ লাখ ২৫ , ০০০ কেনা হলো না ইচ্ছেটা ইচ্ছেই রয়ে গেলো মধ্যবিত্ত ওসমান গনি "
depressive,ভুলে গেলেই ভুলা যায়
depressive,সময় চলে যাচ্ছে এবং আমি এখনো কিছু সঠিক করতে পারছি এটি খুব দুঃখজনক।
depressive,কিছুই দাম বেড়েছে সেটা উল্লেখিত করেনি কেন পরিবহন মালিকরা টাকা গরিব মানুষের কাছ থেকে আদায় করবে tahole বুজা গেলো দিক থেকে গরিবের মরণ
non_depressive,কম্পিউটার শিক্ষার উপর জোর দেওয়া। কর্মমুখী শিক্ষার উপর জোর দেওয়া যাতে পাশ করে কেউ বেকার হয়ে দেশের সম্পদ হতে পারে।
depressive,বাঙালি তোদের ছেড়ে দেবে ভেবেছিস বাংলাপক্ষ জয়বাংলাএ কান্না সারা দেশের
depressive,জীবনের অদৃশ্য হাতির ধাক্কায় নিজের মুখ দেখতে পাওয়া যায় শূন্যের মধ্যে নিজেকে হারানো অনুভূতি জড়িয়ে রয়েছে।
non_depressive,আলহামদুলিল্লাহ টিকা একটিও নেইনি এবং আল্লাহ সুস্থ রেখেছেন।
depressive,লিটার তেল নিয়ে বাজার থেকে নিরাপদে ফিরে আসায় সৃষ্টিকর্তা ধন্যবাদ। ভোগান্তি থেকে অচিরেই মুক্তি চাই।
non_depressive,যদি সততা বপন করেন ফলবে বিশ্বাস । যদি সৎ গুণ বপন করেন জুটবে বন্ধু । যদি বিনয় বপন করেন ফলবে মহত্ত্ব । যদি অধ্যবসায় বপন করেন আসবে বিজয় যদি বিবেচনাবোধ বপন করেন ফলবে সম্প্রীতি । যদি কঠোর পরিশ্রম বপন করেন ফলবে সাফল্য । যদি ক্ষমাশীলতা বপন করেন ফলবে মীমাংসা । যদি ধৈর্য বপন করেন ফলবে উন্নতি । 
depressive,বেচে থাকলে হয়তো কোনদিন এসে আবার দেখবো প্রিয় মানুষ টাকে দেখার মাঝে অন্যরকম অনুভূতি
depressive,আমার এদানিক মেরুদন্ডী অনেক ব্যথা করে করনীয়
non_depressive,লজ্জার কোনো কারণ নাই পরিমাণ নিয়ে বাংলাদেশে উন্নয়ন হয়েছে তাতে বাংলাদেশের বেজে যাচ্ছে জিনিসের দাম আকাশ চুমবি হয়ে যাচ্ছে
depressive,আমি কখনো সুখী
non_depressive,"আগামী কাল ৩০ তারিখ সিলেটের সিটি নির্বাচন সকলের দোয়া ও সহযোগীতা কামনা , আল্লাহ যে যোবায়ের ভাইকে সিলেটের খাদেম বানিয়ে দেন আমিন । "
non_depressive,দেশে খবর অভাব পড়সে নাকি
non_depressive,"সিলেট সিটি কর্পোরেশন নির্বাচনে মেয়র পদে বিএনপি মনোনীত প্রার্থী আরিফুল হক চৌধুরী বলেছেন , জনগণ ভোট দিলে জনরায় মেনে নেব । তবে জনগণের ভোট অন্য কেউ দিলে সেটি মেনে নেয়া যায় না । : "
non_depressive,জনতা সঠিক বিচার করেছেজদিও আইনের অমূল্যায়ন করা হয়েছেবাকিদের ফাঁসি দেওয়া হোক
depressive,ডিপ্রেশন কতটা ভয়ানক শুধু তারাই জানে যাদের সমস্যা হইছে প্রতি মিনিটে মৃত্যু একজন মানুষের
non_depressive,বাসের স্পীড কেমন ছিল
depressive,ইসলামী ব্যবস্থা থাকে অসুস্থ হবেই। এভাবে বিচ্ছেদ হতেই থাকবে
depressive,"গ্রামে , মেয়েরা অবৈধভাবে জিং জিং করলে , তাদের চুল কেটে দেয়া হতো ; এখন সেটা আবার চালু করার দরকার । জিং জিং প্রেম বেড়ে গেছে ! "
depressive,মেয়েটা সৎকিন্তু সামান্য ভুলের জন্য শেষ হয়ে গেলো
depressive,তাও উনি সরকারি চাকরি করে সরকারি চাকরিজীবীর হাল তাহলে বাকিদের হবে
non_depressive,পুরাই প্রজেক্ট কেম
non_depressive,বক্স অফিসটা কোথায় অবস্থিত
non_depressive,বিষয়ের আরও ডিটেইলস একটা প্রতিবেদন হলে অনেকে উপকৃত হবো।
depressive,হায়রে মৃত্যু বাংলাদেশ
depressive,"তুমি চাইলে বৃষ্টি মেঘও ছিল রাজী অপেক্ষা শুধু বর্ষনের , মাতাল হাওয়া বইছে দূরে পাখি গাইছে গান বৃষ্টি তোমার আহবান , সাদা রঙের স্বপ্ন গুলো দিল নাকো ছুটি তাইতো আমি বসে একা , ঘাসফুলেদের সাথে আমি একাই কথা বলি ঘাসফুল গুলো সব ছন্নছাড়া । ছন্নছাড়া "
depressive,ভালো জিনিসের ভ্যালু কোনদিনও পাইনি দেশের মানুষ
non_depressive,বেঁধে বেঁধে কথা বলেন তাহলে কিভাবে টিভিতে
non_depressive,আমরাই প্রথম পরীক্ষা দেব
non_depressive,আধার কি সন্ত্রাস দমন করতে পেরেছে ? কেন্দ্রকে তোপ মুখ্যমন্ত্রীর : 
non_depressive,আল্লাহ সকল প্রকার প্রাকৃতিক দূর্যোগ থেকে আমাদের হেফাজত করুন আমিন
depressive,ভারতের সাথে তুলনা কেনো ছেলে মেয়ে গুলো কি ভারতের 
depressive,আমি জীবনের কিছু হারিয়ে দিন দিন ডিপ্রেশন ডুবে যাচ্ছি তাই আজকে কয়দিন যাবোত মরতে চাইতে কিন্তু মারতে পারতেছি
depressive,কোন একদিন আমার বাসার লোকজন আমি পালিয়ে বিয়ে করলে মেনে নিবে কিন্তু এখন আমার বাসার লোকজন আমার চুলকাটা মেনে নেয় রংবাজ
non_depressive,"এই পৃথিবীতে দুই ধরনের মানুষ আছে , এক যারা কেবল ভালোবাসা পেয়েই যায় , আর এক মানুষ আছে যারা শুধু ভালোবেসে কষ্টই পেয়ে যায় । "
depressive,আমার মনেহয় সবগুলো সমস্যা আমার মধ্যে আছে অনেক দিন ধরে
depressive,অনেক নতুন সম্ভাবনাই হারিয়ে যায়।কারণ বেতনের কাজ গুলো আমাদের সমাজে ছোট করে দেখা হয়।
non_depressive,দেশ উন্নয়নে বাংলাদেশ আওয়ামী লীগ
depressive,মানুষের রুচি খারাপ হলে এগুলারে নিয়ে নিউজ বানায়। আরটিভির সাংবাদিকদের এতো আজাইরা সময়
non_depressive,ভাই কোন রাকিব আমি থাকে ছিনি কিন্তু আমার জানা মতে একজন রাকিব আছে শিশুদের জন্য ফানি বিডিও বানায় সেই রাকিব নাকি। প্লিজ আমাকে একটু জানাবেন সেই রাকিব নাকি
non_depressive,অবৈধ অস্ত্র রাখার জন্য আইনের আওতায় আনা হোক
depressive,ডিপ্রেশনে আক্রান্ত একজন ব্যাক্তিই জানে জীবন্তলাশ কাকে বলে
depressive,"আমার পোস্টে একটা ছেলে আর একটা মেয়ে রিপ্লাই দিতে দিতে রিলেশন হয়ে গেছে আজ ওদের বিয়ে আর আমি এখনো সিঙ্গেল কিছুই বলার নাই , সবই কপাল"
non_depressive,সিনেমা নির্মাণ বাদ দিয়া টিকটকার তাতে ভাল হবে
depressive,অসম্ভব সুন্দর একটা নাটকদেখতে দেখতে চোখের পানি আটকে রাখতে পারলাম নাভালো থাকুক সবার ভালোবাসা
depressive,জীবনের অদৃশ্য হাতির ধাক্কায় নিজের মুখ দেখতে পাওয়া যায় শূন্যের মধ্যে নিজেকে হারানো অনুভূতি জড়িয়ে রয়েছে।
depressive,গণতন্ত্রের লেবাছ হলো জনগণ সকল ক্ষমতার উৎস
non_depressive,অসমৰ আভ্যন্তৰীণ বিষয়ত কিয় হস্তক্ষেপ বংগৰ মুখ্যমন্ত্ৰীৰ ? আজি নিশা ৯বজাত দিনটোৰ বিষয় 
non_depressive,"সময় বলে দেয় কে কার কতোটা আপন ! সময়ের সাথে বদলে যায় অনেক প্রিয়জন । সময়ের সাথে বোঝা যায় , কে আপন কে পর কে বন্ধু কে স্বার্থপর বাণীতে নুসরাত জাহান জেনি "
non_depressive,৩০২ রানের অসাধারণ টার্গেট দিল বাংলাদেশ
depressive,মেঘ যখন উঠেছে বৃষ্টি তখন হবেই ঝড় বৃষ্টি হবে কখনো চিন্তাও করিনি তাড়াতাড়ি হবে one day you will miss
non_depressive,ঘটনার সাথে জড়িত সবার ফাঁসি চাই
non_depressive,বছরে নাটকগুলো অনেক সুন্দর
depressive,সরকারের ফুটানির কারনে আমাদের দেশের মানুষের কষ্ট
depressive,মাবাবা বোঝার চেস্টাই করেনা আমাদের
depressive,গাঞ্জা টানে আমেরিকাদেশে মাতাল হয় এসে বাংলাদেশে 
depressive," : একটা দেশের মন্ত্রী কতো টা নির্লজ্জ হলে এমন ভাবে হেসে হেসে উত্তর দিতে পারেন । আজ আমার লজ্জা হচ্ছে আমি এই দেশের নাগরিক , লজ্জা হচ্ছে আমি এই দলে অনেক নীতিতে আস্থা রাখি । আপু আপনার টক শো তে কোন দিন এই লোকটা আসলে তার হাসির উত্তর গুলো জিজ্ঞেস করবেন প্লিজ"
non_depressive,", হে টুইটারের অধিবাসী কথার ফাঁকে এমন দুঃখ বেদনায় ব্যতীত করিও না কাউকে ! যে বেদনার ভারে অশ্রু গড়িয়ে পড়ে বিনিময় দিতে পারবেনা তুমি তাকে ! "
non_depressive,মিচা কথা আমি বিশ্বাস করি
depressive,আমি আপনি করলে হয় অপকর্ম মহাপুরুষেরা করলেই সেসব লীলা খেলা হয়ে যায়
non_depressive,বক্সটা বাংলাদেশের প্রতিটা হাটবাজারে বসায় দিলে আমরা কিছু দিতাম
depressive,আমিও কলেজ জীবনে একজনকে অনেকটা ভালোবাসতাম কিন্তুু অন্য কারোর প্রেমে আবদ্ধ
non_depressive,মিচা কথা আমি বিশ্বাস করি
depressive,আমি সময় অনুমান করি আমি নিজের সাথে অসন্তুষ্ট।আমি সময় অনুমান করি আমি যেটা প্রয়োজন তাতে আমি সেটা করতে পারবো
non_depressive,জীবনে খারাপ সময় গুলো আসার দরকার আছে নাহলে স্বার্থপর মানুষ দের চেনা যাবে না 
depressive,জীবনের সমস্যা এবং দুঃখের সাথে আমি আত্মঘাতী হতে চলেছি।
depressive,দাম বাড়ার কারণের অভাব নাই কিন্তু কমানোর কারণ একটাও নাই
depressive,অপরাধীদের জনসম্মুখে ফাশি দেয়া হোক
depressive,সাব্বাস বাংলালি খাব পেয়াজ দেখি কতদিন মুজুত রাখে এরা
depressive,আল্লাহ মর্মান্তিক মৃত্যু এমন সুন্দর কলিজার টুকরো ছেলে হারিয়ে কোন ঠিক থাকতে পারবে আল্লাহ আপনি মাকে ধৈর্য ধারণ করার তৌফিক দান করুন
non_depressive,আলহামদুলিল্লাহ আমি টিকা নেয়নি আমার সহধর্মিণীকেও নিতে দিইনি।
non_depressive," : একটা দেশের মন্ত্রী কতো টা নির্লজ্জ হলে এমন ভাবে হেসে হেসে উত্তর দিতে পারেন । আজ আমার লজ্জা হচ্ছে আমি এই দেশের নাগরিক , লজ্জা হচ্ছে আমি এই দলে অনেক নীতিতে আস্থা রাখি । আপু আপনার টক শো তে কোন দিন এই লোকটা আসলে তার হাসির উত্তর গুলো জিজ্ঞেস করবেন প্লিজ"
depressive,সবাই ডিশের লাইন কেটে দিয়ে বিটিভি দেখুন বছর বাতাবিলেবুর ফলন অনেক ভাল হয়েছে আয়নাবাজি
depressive,এখন বর্ষাকাল হলেও বিপরীত মৌসুমে এই রকম সাকোতেই বাসাইল সখীপুরের কয়েক গ্রামের মানুষের চলাচল করতে হয় । স্বাধীনতার ৪৭ ববছরেও উন্নয়ন স্পর্শ করেনি যে এলাকায় তার নাম হাতিবান্দার চাকদহ । বংশাই নদী । 
non_depressive,ওরে কঠিন শাস্তি দেওয়া উচিৎ
non_depressive,চিকিৎসা হ্লায় করে ওকে পাবনা আগে চিকিৎসা করা দরকার
non_depressive,বক্সে আমি কিছু টাকা অনুদান দিতে পারবো
non_depressive,ব্যাপারটা আমরা জানি টিভি নিউজের আগে।
depressive,দ্বিতীয় ওয়ানডেতে বাংলাদেশকে ৩ রানে হারিয়ে সিরিজ ১ ১ সমতা করলো কাল্লু মামুরা । নিশ্চিত জয়ী ম্যাচ হাতছাড়া হলো বাংলাদেশ দলের সারারাত ঠিকমতো না ঘুমিয়ে ম্যাচ দেখে শেষ পর্যন্ত বাশঁ মিললো 
non_depressive,ধন্যবাদ সময় টিভির সবাইকে
depressive,চেখের পানি ধরে রাখতে পারলাম পুরো টিমকে অসংখ্য ধন্যবাদ
depressive,ভাই রিক্সার চালোকের খবোর সেটা বোল্লেন
non_depressive,রেড কার্ড পাইছে বক্স অফিসে
non_depressive,ধন্যবাদ সময় টিভি সুন্দর একটা সংবাদ তুলে ধরার জন্য
depressive,বিজেপি অক্সিজেন দিচ্ছেন অধীর শুভেন্দু অধিকারী
non_depressive,চোরের আবার লজ্জা শরম মজা পেলাম।
non_depressive,বাংলাদেশের উপরে ফিটফাট ভিতরে সদরঘাট। সেটা নওয়াজ মিয়া জানে
non_depressive,আরে পাগলা চাঁদ খোলা রাখলে পানি পড়বে
depressive,শিক্ষক নেই । নিয়োগ নেই । বিনিয়োগ নেই । চাকরি নেই । বাংলা তে আসলে গণতন্ত্র নেই । ধিক্কার 
depressive,নাটকটি সত্যি অসাধারণ।। দেখে চোখ দিয়ে চলে এলো
non_depressive,খালি পেটে এন্টিবায়োটিক খেয়ে হাসপাতালে এরশাদ : 
depressive,হৃদয়ে একটি অনুভূতি রয়েছে নিরাপদে বিপর্যয়ে ফেলে।
non_depressive,সরকার চাইলে কিছু সমভব।আমাদের দেশের অজুহাত অনেক
depressive,আমি জীবনের অশ্রুতিকর কালে নিজের ভাবনাবাণী বিরুদ্ধে জীবনের পথে হারিয়ে গেছি।অনেক দিন ধরে আমি অশান্তির মধ্যে ভুগছি।
non_depressive,মহিলার ডায়লগ এখন পুরো টিকটক জুরে ভাইরাল আমি বলেছি আমি নির্দশ
non_depressive,লোক টার বন্দুক লাইসেন্স আছে কথায় যুক্তি আছে নিজের জমি রক্ষা করায় দোষ দেখতে পাচ্ছি
non_depressive,যার দুঃখ বেশি তার প্রতি আল্লাহর ভালোবাসাও বেশি হযরত মোহাম্মদ সাঃ 
non_depressive,এটা আবার মুক্তি দেন দেখবেন ভাল করবে
non_depressive,", ইয়া রব্ব কাফনের কাপড় পড়ানোর আগে একদিন ইহরামের কাপড় দিও ! এই জীবনে একবার হলেও তুমি ঐ ক্বাবার দেশে নিও ! আমিন"
depressive,"নিয়ম ভাঙ্গার মগজ জুড়ে এখন শুধুই ছক , তেপান্তরের নির্বাসনে হারিয়ে গেছে রুপক । "
depressive,সবার অংক মিলে আমার কেনো মিলে না।
depressive,গণতন্ত্রের লেবাছ হলো জনগণ সকল ক্ষমতার উৎস ।আর কষ্ট দিবিরে তোরা ভিতরটা হলো শাসক সকল ক্ষমতার উৎস
non_depressive,আসুন আমরা সবাই সবাইকে সাপোর্ট করি
non_depressive,এতে অবাক হবার কিছু নেই।
non_depressive,বিদেশি ঋণে অর্থপাচারে দেউলিয়া বাংলাদেশ। এসব তথ্য ঢাকার জন্য এমন প্রচারণা।
depressive,"গত কিছুদিন আগে একটা গাড়ির পিছনে অনেক জুড়ে ধাক্কা দিয়েছিলাম সাইকেল দিয়ে , ড্রাইভার সাথেসাথেই গাড়ি থামিয়ে প্রথমে আমাকে জিজ্ঞাসা করলো , আমার কোনো সমস্যা হইছে কি না , আর আমাদের দেশের বাস চালক এক্সিডেন্ট কইরা আবার আহত ব্যক্তিকে পুরোপুরি ভাবে নিহত কইরা পালিয়ে যায় মানবতা"
non_depressive,ভারতে পাঠাতে আপনি আমি দেখবো
depressive,১৮ বয়স হবার পরেও তোর স্বভাব গুলা এখনো ১৮মাসের বাচ্চার মত তুই কি কোনোদিন ও বড় হবিনা আর কত জ্বালাবি বাণীতে : আম্মু
non_depressive,কাজ গুলো যারা করিতেছেন। তারা আমাদের সমাজের সুশিক্ষিত লোক। তাদের হতে বাতিল করে। প্রবাসি ভাইদের নিয়োগ দেওয়া হক।
depressive,"সিলেট , রাজশাহী , বরিশালের কবরস্থান গুলোতে আইনশৃঙ্খলা বাহিনী মোতায়েন করার জোর দাবী জানাচ্ছি । যাতে করে মৃত মানুষগুলো রাতের আঁধারে ভোট দিতে ভোট কেন্দ্রে আসতে না পারে । ফ্যাক্টঃ সিটি কর্পোরেশন নির্বাচন"
depressive,বাস ভাংচুর করে আগুন দিয়ে কি হবে ? বাসের মালিক তো এগুলোর ইনস্যুরেন্স করে রাখছেন । ড্রাইভার মালিকের কিছুই হবে না । দরকার ছিল বাসের মালিক ও ড্রাইভারের বাড়ি পুড়িয়ে দেয়া । তাহলে কিছু বুঝতে যে সন্তান হারিয়েছে তার কত যন্ত্রণা
non_depressive,বেকারদের নিয়ে ফাজলামো করা ঠিক না।
non_depressive,দুজনের মনে হাজারো জমানো ভালোবাসার কথা কেউ কাউকে খুলে বলতে পারেনিঅসাধারণ একটা নাটক ছিলোভালোবাসা সত্যি অসম্ভব সুন্দর
depressive,বিবেক বিবেকের যোগ্য অনুযায়ী প্রাধান্য দিলে কিছুকে হার মানাতে সক্ষম
non_depressive,টুইটে মোর পায় যে দুঃখ আপন কিছু লোক পাকিস্তান কে শত্রু ভাবে কেমন আহাম্মক ! 
depressive,জন্য মানুষ এখন শরীফ থেকে শরীফা হওয়ার চেষ্টা করে
depressive,দুঃখজনক টিকার ফলে স্কিন এলার্জি আরো নানা রকম সমস্যা আমরা মুখোমুখি হচ্ছি
non_depressive,ইসলামী শরীয়া অনুযায়ী স্বামীর বেতন এবং ব্যবসার উপর নির্ভর করে স্ত্রীর কাবিন করা উচিত এবং কাবিনের টাকা সাথে সাথে পরিষদ
depressive,কেমন বিউটি পার্লার আটা ময়দার বিপরীতে বেগুন বিক্রি হয়
non_depressive,নিউজ শুনে ভালো লাগছে
depressive,আমি সময় অনুমান করি আমি অন্যের জন্য অপরিচিত।আমি সময় অনুমান করি আমি যেটা প্রয়োজন তাতে আমি সেটা করতে পারবো
depressive,"পৃথিবীর সবচেয়ে ক্ষমতাধর ব্যক্তি রাশিয়ার ভ্লাদিমির পুতিন , আর দ্বিতীয় ক্ষমতাধর ব্যক্তি নৌ মন্ত্রী শাহাজান খান । উনাকে ঠেকানোর ক্ষমতা আল্লাহ ছাড়া আর কারোও নেই । "
non_depressive,এতদিন পরে পুরনো খবর প্রকাশ করাটা আরটিভির মানায়
depressive,বলার ভাষা নাই।
depressive,চুপ কোথায় ? দার্জিলিং খ্যাদানো দিলিপটা মেড়োদের সঙ্গে গাঁটছড়া বেঁধে এবার বাংলা থেকে বাঙালী খ্যাদাতে চায় । এর প্রতিকার আর প্রতিরোধ করতে হবে । : ? 
depressive,জীবনে অনেক বড় পাপ করছি
non_depressive,সুস্থ হলে ভালো হলে সমস্যা নাই মেডিকেলের বিল দিতে হবে
depressive,বাঙালি তোদের ছেড়ে দেবে ভেবেছিস বাংলাপক্ষ জয়বাংলা
depressive,আমি নিজেকে হারানোর অনুভূতি নিজেকে সবসময় আত্মহত্যার পথে নিয়ে যাচ্ছে।
non_depressive,বীর কখনো দূর্বলের উপর শক্তি প্রয়োগ করে না দূর্বলকে আগাত করে কাপুরুষ । 
non_depressive,ইসলামের আইন সঠিক আবার প্রমান হলো
non_depressive,"আমি চেষ্টা করি জীবনের প্রতিটা সময় সবার সাথে ভালো করে কাটাতে , কারন আমি সারাজীবন বাঁচব না , কিন্তু আমার সৃতি গুলো মানুষের মাঝে সারাজীবন বেচে থাকবে । "
non_depressive,এতো দিনে  ঘুম ভাঙ্গলো
depressive,বলে লাভ নাই কেউ কছুই পরিবর্তন করবে
non_depressive,সবাই ডিশের লাইন কেটে দিয়ে বিটিভি দেখুন । এ বছর বাতাবিলেবুর ফলন অনেক ভাল হয়েছে । আয়নাবাজি
non_depressive,আসসালামু ওয়ালাইকুম শুভ সকাল কেমন আছেন সবাই ? 
depressive,সদ্যপ্রাপ্তঃ বরিশালে বিএনপির জামাত বাসদের প্রার্থী নির্বাচন বর্জন করেছেন সেই সাথে তাদের কর্মীরা বিক্ষোভ শুরু করে দিয়েছেন
non_depressive,আলহামদুলিল্লাহ টিকা ছাড়াই ভালো আছি
non_depressive,আলহামদুলিল্লাহ আমি অনেক সুখে শান্তিতে আছি। ডিপ্রেশন নামক শব্দটা আমার জীবনে নেই
depressive,মৃত্যু সত্যি হৃদয়বিধায়ক
non_depressive,গাছ লাগান পরিবেশ বাঁচান
non_depressive,"কোনো পরিকল্পনা ছাড়াই জীবনের মূল্যবান সময়গুলো পার হয়ে যাচ্ছে কিন্তু এভাবে আর কতোদিন , "
depressive,ডিপ্রেশন ভিতরে ভিতরে শেষ করে দেয় একটা মানুষ
non_depressive,নিউজ করার কারনে দাম বেড়ে যায়
non_depressive,ঈদে আমি প্রিয় দুইজনের নাটকের অপেক্ষায় ছিলাম
depressive,সহপাঠী হত্যার বিচারের দাবীতে কুরমিটোলায় রাস্তা অবরোধকারী ছাত্রছাত্রীরা উন্নয়ন স্বাধীনতা বিরোধী
non_depressive,খুনিদের ফাঁসির জোর দাবী জানাচ্ছি
depressive,তোমাকে ভালবেসে আজ আমি কষ্টের পৃথিবীকে চিনেছি তুমি আজ অনেক দূরে হয়তো বেশ ভালো আছো ভালো থাকাটাই স্বাভাবিক । 
non_depressive,বাস রাস্তায় নামলেই সবার আগে যেতে হবে।
non_depressive,ছেলেকে দেখেও শয়তান মনে
depressive,মানুষ নামের পশুদের চিহ্নিত করা সকলের দায়িত্ব ঘটনা সত্যি চলতে থাকবে এদেশের মানুষ চেয়ে চেয়ে দেখবে
non_depressive,আলহামদুলিল্লাহ আমি একটা নেওয়ার পরে সন্দেহ হওয়ার কারণে কোন টিকাই নেই নাই আলহামদুলিল্লাহ অনেক সুস্থ আছি
non_depressive,আমার বুজে আসে সবাই ফেল করে কিভাবে
depressive,এতটা সমস্যায় পরতে হচ্ছে ক্যাম্সার থেকেও জটিল আকার ধারণ করছে আমার জীবন।
depressive,"কে ভূমিপুত্র , কে নন অসমে আজ মুক্তি পাবে জাতীয় নাগরিকত্ব পঞ্জীর চূড়ান্ত খসড়া , নাম বাদ যাওয়ার আশঙ্কায় অসংখ্য বাঙালি : "
depressive,জীবনের গল্প অসমাপ্ত হয়ে গেল শুধু নির্ঝরিত অপেক্ষায়।আর কষ্ট দিবিরে তোরা বাঙালি
non_depressive,বাংলাদেশ আমার দেশ আমি আমার দেশকে খুব ভালোবাসি আমি কেন আমার দেশ ছেড়ে চলে যাবো
non_depressive,"মা অপেক্ষা করে স্কুল থেকে সন্তান মায়ের বুকে ফিরে আসবে , সেই সন্তান ঘরে লাশ হয়ে ফিরে আসে আমরা খবর যানি বিচার যানিনা "
depressive,দুরো জিনিসের দাম উন্নয়ন দিয়া করবো
depressive,নাটক দেখি নাই মনেহচ্ছে কোনো বাস্তবতার একটা ঘোরে হারিয়ে গেলাম। ইয়াস রোহান টোটিনির বেষ্ট নাটক এটা হবে। ওম্মা একদম চোখে পানি নিয়ে আসলো।
depressive,ধরনের কুসংস্কার শুধু বগুড়াতেই সম্ভব
non_depressive,দেশের সংবাদ মাধ্যম কোথায় গিয়ে দাড়িয়েছে
depressive,Producer জীবিত আছে নাকি মারা গেছে
depressive,ভালোবাসা বাসি করে কতক্ষণ হাল চাষ করালে বরং বেটার হয়
depressive,বিশ্বাস করা খুব কঠিন কারণ হারিয়ে গেলে বিশ্বাস করতে কষ্ট পায়।
depressive,আমি সময় অনুমান করি আমি অন্যের মতো হতে পারছি না।আমি সময় অনুমান করি আমি যেটা প্রয়োজন তাতে আমি সেটা করতে পারবো
non_depressive,আইনগত ব্যাবস্থা করা উচিত ওনার আছে থেকে বের করা হোক
non_depressive,দেশে সিনেমার নায়ক কাজি মারুফ ্ডিপজল সায়মন আরেকটা জানি রাজ দেশে এখনো সিনেমা দুই চারটা টিকে আছে এটাই অষটম আরচযের বিষয়।
depressive,এর প্রধান টুইটারে তার আঁধার নাম্বার দিয়ে চ্যালেঞ্জ করে বলেছিলেন হ্যাক করে দেখাতে । তার পর হ্যাকাররা এবং কিছু যা করলো সেটা আপনার দেখে নিন আসল নিজের চোখে নিচের এই লিংক এ । : 
depressive,"আমার স্বপ্নগুলো আটকে আছে অবুঝ পোকা , সেটাই ভাগ্য তোর চুলগুলো যেন মাকড়শার নক্সা করা মিহি বুনটের জাল ! মন্দিরের ঘণ্টাধ্বনির মত তোর হৃৎস্পন্দন আমার কানে বাজে নিস্তব্ধতা আঁকতে দেবো না বলে , শিখে নিয়েছি বাঘবন্দি র চাল ! "
depressive,ভূমিপুত্র অসমে মুক্তি পাবে জাতীয় নাগরিকত্ব পঞ্জীর চূড়ান্ত খসড়া সার্টিফিকেট দিয়ে আমি করবো মনে চায় মরে যাই
non_depressive,ট্রাক গলা কেন রাস্তায় পার্কিং করা থাকে টাকের এরকম পার্কিংয়ের দৃশ্য কোন দেশে দেখা যায়
depressive,চারো দিকে শধু উন্নয়ন উন্নয়ন এদিকে সাধরণ মানুষ খেয়ে থাকে
non_depressive,"অভিনন্দন রাজশাহী ও বরিশালের দুই সিটি কর্পোরেশনের বেসরকারী ভাবে নব নির্বাচিত দুই মেয়র , শুভ কামনা । জয় বাংলা , জয় বঙ্গবন্ধু । "
depressive,আমি সময় অনুমান করি আমি নিজের সাথে অসন্তুষ্ট।আমি সময় অনুমান করি আমি যেটা প্রয়োজন তাতে আমি সেটা করতে পারবো
non_depressive,"কোনটা বুঝবো , মেয়ে বলছে ছোলেটা আমাকে প্রোফোস করছে , আর ছেলে বলছে মেয়েটা আমাকে প্রোফোস করছে । আমার দারনার বাহিরে এখন ! "
non_depressive,দেখলাম ভিডিও চিত হইয়া পইরা আছে মিথিলা হালকা করে ভিডিও সামনে আসছিলো
non_depressive,লাগেজ হেন্ডেলিং দায়িত্ব জাপানের হাতে দেওয়াই উত্তম
depressive,আমি সময় অনুভব করি আমি অবশ্যই অন্যের হতে হবে।হতাশা দুচিন্তা বেকারত্বের প্রধান কারণ।
depressive,বিষন্নতার জন্য অনেক কষ্টে আছি
non_depressive,দুনিয়াতে রিপোর্ট করার কিছু পাইছিল মনে
non_depressive,"কিছু আহ্লাদ , কিছু উচ্ছ্বাস । যা দিয়ে নিজের ছেলেবেলাকে আজও ফিরে পাই । : ? "
depressive,বাস চাপায় ৬ জন ছাত্রের মর্মান্তিক মৃত্যুর পরও নির্লজ্জের হাসি শাজাহান খানের মুখে 
depressive,নিয়ে দিয়ে ভালো প্রমানের চেষ্টা করলো আমরা অভিনন্দিত হলাম বাহ সার্টিফিকেট দিয়ে আমি করবো মনে চায় মরে যাই
depressive,লেখাটি পড়ে মনে হচ্ছে কোনো অপ্রীতির জন্য অসহ্য ব্যথা হয়েছে।আসুন দেশটাকে গিলে খাই ভাত উপর চাপ কমাই
non_depressive,"যে ব্যক্তি সুবহানাল্লাহিল আযীমি ওয়াবি হামদিহী পাঠ করবে প্রতিবারে তার জন্য জান্নাতে একটি করে জান্নাতী খেজুর গাছ রোপন করা হবে আত তিরমিযী ৫ ৫১১ , "
depressive,আজব একটা মানুষ তুমি দুঃখের গল্প বললেও তুমি কষ্ট পাও সুখের গল্প বললেও দেখি কষ্ট পাও কারণ গল্পে আমি থাকি থাকে অন্য কেউ
depressive,সঠিক বিচার চাই
depressive,দাত মাইজা লক্ষ হাজার মেক্টিকটন কয়লা শেষ করছত জন্যে তোর দাত সুন্দর
depressive,লাভ যাকে কোন দিনই পাবো তার জন্য অপেহ্মা করে সার্টিফিকেট দিয়ে আমি করবো মনে চায় মরে যাই
depressive,আমার জীবন অনেকটা স্বাধীনতার অভাবে ভরা। এখনও আমি কোন পথে যেতে চাই ঠিক করতে পারছি না।
non_depressive,তারা মারামারি মাঝখানে দিয়ে আমরা মজা
depressive,বাবা ভাই বুন্ধ আছে কিন্তু আমারা কথা সুনার মূল্য দেয়ার মতো কেউ নেই
depressive,এখন কোন হসপিটালের আসে জানান
non_depressive,কয়েকজন বেনজিরের মতো লোক পাঠাতে হবে।
depressive,এইসব ফাইভ বুলেট ট্রেনের স্বপ্ন আছে বলেই আমরা বাসের পাদানিতে টেম্পুর পাদানিতে গাদাগাদি করে দাঁড়িয়ে প্রতিদিন চলাফেরা করতে পারি
depressive,আধুনিক নারীরা কেবল বিয়ের দিন নিজের স্বামীর জন্য সাজে সারা বছর সাজে পুরুষের জন্য
depressive,টাইপের নিউজ শুনতে শুনতে এখন অবিশ্বাস্য মনে খুব দুঃখজনক।
non_depressive,স্যার কুড়িগ্রাম দারিদ্রতা নিয়ে একটা ভিডিও তৈরি করার অনুরোধ রইলো। দারিদ্রতার কারণ থেকে উত্তরণের উপায়। এসব কিছু নিয়ে
non_depressive,বাংলাদেশ জামায়াতে ইসলামীর সম্মানিত নায়েবে আমীর ও সাবেক এমপি অধ্যাপক মুজিবুর রহমান এর অফিসিয়াল টুইটার একাউন্ট : 
depressive,যারা আদিবাসীটাকে হত্যা করেছে তাদের বিচার হলো না। হত্যার বিচার হত্যা দিয়ে না। আইন আছে আদালত আছে। দেশটা সাম্প্রদায়িক অপশক্তিতে ভরে গেছে।
non_depressive,স্যার বাংলাদেশে নেটওয়ার্ক মার্কেটিং ভবিষ্যত নিয়ে একটি ভিডিও চাচ্ছি
non_depressive,রাস্তায় চাদাবাজি সিন্ডিকেটের কারণে কিছুর দাম বাড়ে পুলিশ সবাই দায়ী।
non_depressive,আবার ধর্মান্তরা যেন সংখ্যালঘু সেজে ভারতে ঢুকে যায়
depressive,বাংলাদেশের সুন্দর রাস্তা ঘাট করেছে তার উপর দিয়ে হাটলে খুধা লাগবেনা তাই কোন পন্যের দাম বাড়লেও কিছু যায় আসেনা
depressive,কিছু অনিষ্ট মনে হচ্ছে আমি কেউ কেউ সঙ্গে যোগাযোগ করতে চাই না।
depressive,আহারে মানুষ বাবা যতই খারাপ হোক তাই বলে তাকে সম্পত্তির জন্য বাবাকে এমন নৃশংস ভাবে হত্যা করে।।।এগুলো সন্তানকে দ্বীনের শিক্ষা দেয়ার কুফল
depressive,ভারতের আসাম রাজ্যের নাগরিক তালিকা থেকে বাদ পড়েছে লাখ মানুষ কষ্ট দিবিরে তোরা
depressive,দক্ষিণ পরগনা জেলায় বিজেপি কর্মী খুন হওয়ার ঘন্টা কাটতে না কাটতেই আবার বিজেপির কর্মীর উপর হামলা । তৃণমূলের এমএলে বঙ্কিম হাজরার গুন্ডারা সমরেশ মাইতিকে কিডন ্যাপ করে খুন করার চেষ্টা করে কিন্তু ঠিক মুহূর্তে বিজেপির অন ্য কর্মীরা তাকে উদ্ধার করে । এখন সমরেশ হাসপাতালে চিকিৎসাধীন । 
non_depressive,বাংলাদেশের নতুন তালেবান সংগঠন তৈরি করা হোক।
non_depressive,"আবারো টোপ ফেলছে আম্লিক ! বরিশাল , রাজশাহীতে লাখের উপর ভোট পাইছে আর সিলেটে হাইরাগেছে বিম্পি খুশি হওয়ার কারন নাই , এটা ও স্বপ্নের ই অংশ । জয় ভাঙলা"
depressive,দূঃখ কোথায় রাখবো।
non_depressive,"তুই নতুন আলো লেখ , তোর এ জীবন ফিরে পাবি তুই আগুনে সওয়ার ও মন কোথায় যাবি , : "
depressive,এমন কষ্টের নাটক ঈদের সময় দেয় কেমনে মানে খুশি। নাটক দেখে কষ্ট পেলাম।
non_depressive,ডোজ নেয়ার কোন ইচ্ছেই ছিলো কিন্তু নেয়ার যখন শুনলাম ইসলামে ছোয়াছে রোগ বলে কিছুনাই আল্লাহর ইচ্ছাতেই তখন টিকা নেই নাই
non_depressive,বর্তমান প্রশাসনের হাত বাধা
non_depressive,ডায়মন্ড প্লে বাটন পাইছে ইউটিউব থেকে এখন শরীর গরম রাকিবের তাই হয়তো ভাইরাল হবার জন্য এটা করেছে।
depressive,অদ্ভুত মাইরি খাইতে লাগে টাকা ছাড়তে লাগে টাকা আল্লাহ তোমার কাছে বিচার দিলাম পানি ফ্যাক্ট
depressive,অসুস্থ মনের সাথে সামর্থ্যের অন্ধকারে আমি জীবনের অজানা সমস্যার সামনে দাঁড়িতে পারছি না।
non_depressive,ব্যারিস্টার সুমন ভাই কাছে নজরে আসুক নিউজ
depressive,আমি সময় অনুমান করি আমি অত্যন্ত অল্পমাত্রে জানি এবং আমি কোন কারণে কাউকে আমার কাছে বুঝতে পারছি না।
depressive,পৃথিবীতে আমি যতদিন জীবিত থাকবো বন্ধু নামের শব্দটাকে সবথেকে বেশি ঘৃণা করব কারণ আমার বন্ধু আমাকে নিঃস্ব করে দিয়েছে আমি আজকে শেষ
depressive,টাকার যার আইনও তার।
depressive,কিছুক্ষণ চাঁদ দেখলে আনন্দ লাগে অনেকক্ষণ চাঁদ দেখলে নিজেকে অসহায় লাগে
depressive,বিষন্নতার জন্য কার্যকরী পদক্ষেপ নেওয়া উচিত
depressive,টিভি চ্যানেল গুলো যখন নিউজ খুজে পায় আরকি।
depressive,গানটা শুনি সিগারেট খাই ফিলটাই অন্য রকম
non_depressive,মাঝে মাঝে কেন মেঘ আসে গান আমার সত্যিই হ্রদয় ছুয়ে দিল
depressive,সবাই ডিশের লাইন কেটে দিয়ে বিটিভি দেখুন বছর বাতাবিলেবুর ফলন অনেক ভাল হয়েছে সার্টিফিকেট দিয়ে আমি করবো মনে চায় মরে যাই
depressive,অতিরিক্ত কাবিন ছাই আরো শেখাও আধুনিকতার নামে বেহায়াপনা নোংরামিনষ্টামি ।উন্নয়নের নামে তলিয়ে দাও ছেলে মেয়েদের
non_depressive,এইসব কুসংস্কার আল্লাহ হেদায়েত করুক তাদেরকে
non_depressive,বিয়ে করে ঘরসংসার করেন।
depressive,বিরোধী দলের ষড়যন্ত্র।
depressive,আমি সময় অনুমান করি আমি অন্যের জন্য অপরিচিত।আমি সময় অনুমান করি আমি যেটা প্রয়োজন তাতে আমি সেটা করতে পারবো
non_depressive,বাহ্ সুন্দর পকেট গরম কইরা পাচার বন্ধ করে
non_depressive,পুরশরীর মুখ ডেকে দিন ভালো হয়ে যাবে
non_depressive,রাকিবের টিম বলতে অন্তরার বোন বোনের মেয়ে দেখলাম
depressive,জীবনের সকল আনন্দের মোহালোয় আমরা ভুলে গেছি আমাদের আত্মবিশ্বাস।আর কষ্ট দিবিরে তোরা বাঙালি
depressive,সরকারি শিক্ষা ব্যবসথাপনা ভালো
depressive,আমি সময় বয়স সময় নিয়ে চিন্তিত হয়ে থাকি আমার জীবনের পরিকল্পনা উদ্দেশ্য ছিল এবং এখন নেই।
non_depressive,বাংলাদেশের বর্তমান অবস্থা রেস্তোরার ন্যায়।
depressive,জীবনের কঠিন অনুভূতির মাঝে আমি হারিয়ে যাচ্ছি এবং নিজেকে আরও অদৃশ্য করছি।অনেক দিন ধরে আমি অশান্তির মধ্যে ভুগছি।
depressive,লেখাটি পড়ে মনে হচ্ছে জীবনের অন্ধকারে পড়লেও প্রত্যাশার কোনো আলো থাকতে পারে না। কান্না সারা দেশের
non_depressive,অভিযান আলিপুরদুয়ার জেলায় সুন্দরভাবে সফল করার জন্য জটেশ্বর কলেজ শাখার বৈঠক ও কলেজ শাখা গঠন 
depressive,আমি সময় অনুভব করি আমি একটি বোঝা মানুষ নই।
depressive,যখন আমার খারাপ থাকে তখন আমি ভিডিও দেখে ভালো করি
depressive,আমার পোস্টে একটা ছেলে একটা মেয়ে রিপ্লাই দিতে দিতে রিলেশন হয়ে গেছে ওদের বিয়ে আমি এখনো সিঙ্গেল কিছুই বলার নাই সবই কপাল
depressive,ছিঃ এভাবে টাকা খেয়ে নিজের মাতৃভাষার বদলে অন্যভাষা প্রচার করা ? ধীক্কার জানাই কে । বাংলা খেয়ে হিন্দির প্রচার : 
non_depressive,যাক তাও ভালো মারামারি করে খবরে নাম আসছে
non_depressive,মোটর সাইকেল জন্য এক্সিডেন্ট হইছে
non_depressive,ধন্যবাদ বিবিসি বাংলাকে এরকম একটি উপস্থাপনা খবর দেখার জন্য
non_depressive,উনি হেডার জ্ঞান রাখেন
depressive,আমি মডানা দুই টিকা নিয়ে দুই বসর অসুস্থ ছিলাম এখনো আমার নানা ধরনের সমস্যা আমি এখন করবো জানা থাকলে বলবেন
non_depressive,আমি কারো সাথে কথা বলতে চাই
depressive,দেখে চোখে পানি ধরে রাখতে পারেনি।
depressive,এজেন্টদের বের করে দেওয়া হচ্ছে অভিযোগ সরোয়ারের সার্টিফিকেট দিয়ে আমি করবো মনে চায় মরে যাই
non_depressive,অপরাধীদের দৃষ্টান্তমূলক শাস্তি দেওয়া হোক যাতে জঘন্য কাজ যাতে কেউ করে অতি শিঘ্র ফাসি দেওয়া হোক
non_depressive,যদি বিয়ের অপমানিত অত্যাচারিত হলে ডিভোর্সই উত্তম। স্বামী স্ত্রী উভয়ই একে অপরের সাথে শ্রদ্ধাশীল হতে হবে
depressive,আমি অনেকদিন ধরেই বলে আসছি যে বিজেপি আর সংঘী রা প্রবল ভাবে বাংলা ও বাঙালি বিদ্দেষী । কিন্তু এরা ভেবে দেখেছে এই লক্ষ বাঙালির সঙ্গে আমরাও যদি কেন্দ্র সরকারের বিরুদ্ধে যাই তাহলে সামলাতে পারবে তো ? এর বিরুদ্ধে এ রাজ্যের বিজেপি নেতারা চুপ কেন ? ভক্তদের মানসিকতা দেখুন 
depressive,চারো দিকে শধু উন্নয়ন উন্নয়ন এদিকে সাধরণ মানুষ খেয়ে থাকে
depressive,"মানব , তোমার কাফনের কাপড় বাজারে এসে গেছে ! আর তুমি এখনো বেখেয়াল । "
non_depressive,ভাই আলুর ব্যবসায় প্রচুর লাভ
depressive,গাছপালা কেটে দশখানা বসতি স্থাপন করে একটা গাছ লাগিয়ে কোন লাভ আছে কোন লাভ নাই
non_depressive,ইউটিউব থেকে ঠিকি আয় হবে
depressive,নতুন প্রজন্ম যারা ইউরোপযুক্তরাষ্ট্রের পথে দিবে তাদের জন্য এটা শিক্ষামূলক সিনেমা।এটা আমাদের সবার দেখা উচিত।বাংলাদেশের মানুষ সাকিব খানে আটকে আছে।
non_depressive,শুক্রবারফ্রী সময় ঠিক তখনই ভাইয়ার একটা ভিডিও তাও আবার hot topic আহ্ শান্তি
non_depressive,ঘটনার তিব্র নিন্দা জানাই আসামিদের সর্বচ্ছো সাজা দেয়া হউক
non_depressive,আহা উন্নয়ন উন্নয়ন
depressive,করোনা টিকা নিয়ে প্রচুর এলার্জি হয়ছে এখন প্রতিকার পাবো
non_depressive,সিসিক নির্বাচন বিএনপির প্রার্থী আরিফুল হক চৌধুরীকে জয়ী ঘোষণা অবশেষে নানা নাটকীয়তার পর সিলেট সিটি করপোরেশন নির্বাচনে বিএনপি প্রার্থী আরিফুল হক চৌধুরীকে বিজয়ী ঘোষণা করা হয়েছে । এ : 
depressive,কোন মুসলিম কখনো কাউকে আগে মারধর করে না
depressive,আমি নিজেও সমস্যাই ভুগছি আমার মাঝে মাঝে মরে যেতে ইচ্ছে করে৷৷ শুধু বাবার কথা চিন্তা করেই আজও আছি বলে মনে
non_depressive,পৃথিবীতে সালাত নামাজসবচেয়ে meditationstreess একটুও থাকবে না।আমার মনে সাংবাদিক আপু নিজেই streess ভোগেন কারণবশত তিনি সালাতের কথা উল্লেখ করেন নি।
depressive,্যারা কাকে বলে বইগুলো তার উদাহরণ অলরেডি বছর এসব পড়ছি আবার বছরের জন্য পড়তে হবে পরির জীবনটা শেষ
depressive,টাকা দিয়ে দেশের অসহায় মানুষের জন্য কাজে লাগাতে পারতেন
depressive,বর্তমান সময়ে অনেক মানুষের মধ্যে ডিপ্রেশন বেড়ে গেছে।
depressive,তাইলে উনি এবার উনার অভিনীত ইতিহাস মুভির সেই বিখ্যাত গানের লাইন আমি জীবন্ত একটা লাশ এটাই নতুন ইতিহাস গাইবে
non_depressive,"বাঙালি ১৯০৫ এও প্রতিবাদ করেছে , ১৯৫২ তেও । ১৯৭১ এও করেছে । ২০১৮তেও করবে "
non_depressive,এইটা নিউজ করার কিছু হলো। সাংবাদিকদের একটু ভেবে সংবাদ পরিবেশন করা উচিত তাতে সংবাদ এবং সাংবাদিকদের মান বজায় থাকবে।
depressive,বয়স হবার পরেও তোর স্বভাব গুলা এখনো মাসের বাচ্চার তুই কোনোদিন বড় হবিনা জ্বালাবি বাণীতে
depressive,বাঙালি তোদের ছেড়ে দেবে ভেবেছিস বাংলাপক্ষ জয়বাংলাএ কান্না সারা দেশের
non_depressive,দাম বাড়ে একমাত্র আপনাদের কারনে। TRP বাড়ানোর জন্য করবেন
depressive,"ছাএদল ও একটা সংগঠন ! তেইল্লাচুরা ও একটা পাখি ; ক্ষমতা হারাইলে যেমন ছাএলীগের চেলা পেলা গুলারে খুজে পাওয়া যাইতো না , ঠিক তেমনি করে ছাএদলকে ও এখন খুজে পাওয়া যাচ্ছে না বলে রাখি ছাএদল ঈদের পর তুখার আন্দোলনে নামবেআর রাজপথ ও দখল করবে তাই এখন রেস্টে আছে"
non_depressive,আল্লাহ মালিক লোকটাকে সুস্থ করে দেন আমীন
non_depressive,আল্লাহর উপর ভরসা রাখতে হবে।
depressive,ভারতের আসাম থেকে লাখ অবৈধ বিদেশি এখন কোথায় যাবে কান্না সারা দেশের অস্বস্তি
non_depressive,"৩০১ রান ৬ উইকেট বাংলাদের , ৩০২ রান তাড়া করে জিততে হবে হোল্ডার বাহিনীকে । "
non_depressive,আসিফ স্যার একজন মুজাহিদ
non_depressive,উপজাতি গুলোর বিচার চাই এদের নিশ্চিহ্ন করে দেওয়া
depressive,আরও ক্রিকেটে করুন বেকারত্ব দূর করে
non_depressive,ছবিটা দেখব। সবারই দেখা উচিত।
non_depressive,সরকারের বিষয়ে বোঝা উচিত বেকারত্ব দূরকরন করা
non_depressive,ভিডিওর মূল প্রতিপাদ্য আমি বেতন মেলা পাই।এহন বিয়ার জন্য একটা ভালো পাত্রি দরকার
non_depressive,ভুড়ি অর্জন করা সহজ বর্জন করা কঠিন ! 
non_depressive,নিজের লাগানো গাছে যখন ফুল ফোটে সত্যিই খুব ভালো লাগে 
depressive,দেশের সরকার যেমন তেমন প্রশাসন তেমনি জনগণ বীজ ভালো হলে হলে ভাল হয়
depressive,ওহে বৎস ধরিয়া মৎস বেচিয়া গঞ্জে আকুল কুঞ্জে নাহি খাইয়া খাজা কেন তুমি ভক্ষন করিয়াছো মেয়াদ উত্তীর্ণ গাজা ? 
depressive,কেমন ছেলে বাবার গায়ে হাত তুলে আমি হলে ছেলেটাকে মারতাম
depressive,রাইট ডিপ্রেশনে থাকা মানুষের কষ্ট কেউ বুজেনা
non_depressive,বিরল এক রেকর্ড গড়েছেন সাকিব তামিম জুটি । যা শুধু বাংলাদেশের জন্যই নয় বরং তিন ম্যাচের ওয়ানডে সিরিজের ইতিহাসেও রেকর্ড । : 
depressive,আধার সন্ত্রাস দমন করতে পেরেছে কেন্দ্রকে তোপ মুখ্যমন্ত্রীর
non_depressive,উচ্চ শিক্ষিত হওয়া দেশে বড় পাপ।
depressive,টেস্টে বাজে খেলায় খেলোয়াড়দের অশ্লীল ভাবে গালি দেয়া ছেলে মেয়ে গুলার মূখে এখন প্রসংশা ফুল ফুটে অদ্ভুত
depressive,প্রথমে শহিদ বানান নিয়ে চেঁচামেচি করল গো মূর্খরা ! এখন একুশের মঞ্চে মমতাদি র ভাষণে উচ্চারিত বিষ্ণুমাতা নিয়ে পড়েছে সেই সব মূর্খ যাদের বাবা বলে গণেশের প্লাস্টিক সার্জারি হয়েছিল ওরা আমাদের সব ভাষণ মন্ত্রমুগ্ধের মতো শোনে সৌজন্যেঃ সংগৃহীত
depressive,জামায়াত কেন্ যে রাজশাহী অার বরিশালে তাদের প্রার্থী দিলো না তাহলে নিশ্চিত বিএনপি অারো ২টি মেয়র পেতেন 
non_depressive,মনটা খুব খারাপ হয়েছিলো দিলু খুড়ো যখোন পাহাড়ে ক্যালান খেয়েছিলো এই রকম মন খারাপ আবার আমার খুব ভালো লাগে শয়তান 
non_depressive,"সিলেটে পাঠানটুলা জামেয়া কেন্দ্র পুলিশের সহায়তায় দখল ! ছাত্রশিবিরের বিক্ষোভে পুলিশের গুলি । রেজাউল ও মামুন নামে দুজন ভাই গুলিবিদ্ধ । অনেকে আহত । আল্লাহ হেফাজত করুন , আমীন । "
depressive,জীবনের যন্ত্রণা থেকে মুক্তি চাই।
non_depressive,যদি তার অস্ত্র বৈধ তাহলে যেখানে ইচ্ছা নিতে পারে
non_depressive,জন্য দায়ী আমাদের সমাজ ব্যবস্থা শিক্ষা ব্যবস্থা দায়ী
depressive,তোমাদের প্রতিযোগিতার ফলাফল হিসেবে আমরা আমাদের মৃত্যু মেনে নিয়েছি সার্টিফিকেট দিয়ে আমি করবো মনে চায় মরে যাই
depressive,আপনাদের অভিনয়ের প্রেমে পড়ে গেছি আপনাদের নাটক ছাড়া অন্য নাটক গুলো ভালো লাগে ভালো থাকেন আমাদের সুন্দর সুন্দর নাটক উপহার দিবেন
non_depressive,আমি রিপোর্টে দেখলাম  সালের পর্যন্ত সংখ্যালঘু গুলো ভারতে গেছে শুধুমাত্র তাদেরকেই নাগরিকত্ব দেওয়া হবে
depressive,বৃষ্টিতে ভিজে এলার্জি দ্বারা লাঞ্চিত লোরাটিডিন ট্যাবলেট এর কাছে বিচার দিলুম রায়ে এক বস্তা ঘুম ঘাড়ে চাপিয়ে দিছে দেশে বিচার নাই রে
non_depressive,এটা দেখলাম। নাটকের থেকেও আরো বেশি কিছু অনেক দিন মনে থাকবে এদের দুজনের অভিনয়।
depressive,শেষটা আরও বেশি কাদালআহা ভালবাসা কিছু বলার ভাষা খুজে পাচ্ছি নাহনাটকের প্রত্যেক মুহুর্তে চোখে পানি চলে আসল
depressive,আত্তহত্যা করে সৃতি হত্যা করুন অন্তত শান্তি পাওয়া যেতে পারে
non_depressive,লাইসেন্স পেলো ভাবে। তার লাইসেন্স বাতিল হবে
depressive,আসলে একটা দুঃখজনক ব্যাপার
depressive,"বিচার আমিও চাই , তবে তার আগে ওই বিচারকদের বিচার চাই । যারা হাত পাল্টাপাল্টির মাধ্যমে এই সব কিছুকে ধামাচাপা দেয় । ৫টা তাজা প্রাণের ভার নিতে পারবে কি ? "
non_depressive,প্রত্যেকটা কথা যেন আমার জবান থেকেই নেয়া হয়েছে
non_depressive,কেকে নোটিফিকেশন পাওয়া মাত্র চলে আসলেন
depressive,ভারতের আসাম রাজ্যের নাগরিক তালিকা থেকে বাদ পড়েছে লাখ মানুষ
non_depressive,এসব দেখার জন্য ফেইসবুক আইডি খুলছি
non_depressive,বাঙালি জনতা পাহাড়ি গোষ্ঠীর বিরুদ্ধে সোচ্চার
non_depressive,খুনিদের ফাঁসির জোর দাবী জানাচ্ছি
non_depressive,"যদি আপনি আমাকে পছন্দ না করেন , তাহলে ঘৃণা করুন ! আপনার ঘৃণাই আমার এগিয়ে যাওয়ার শক্তি ! "
non_depressive,আইন তাদের হাতে জিম্মি
depressive,বিবাহ বিচ্ছেদ পরে মিথ্যা মামলার ভয় দেখিয়ে কাবিন টাকা নেয়া হয় এইসব পুরুষ নির্যাতন আইন পাশ করা খুব প্রয়োজন
non_depressive,Rtv সুন্দর সুন্দর নিউজ করে একদম মুগ্ধ হয়ে উপায় নেই।
non_depressive,"আমার মার্কা নৌকা , আমি জয় বাংলার লোক শেখ হাসিনার নেতৃত্বে এগিয়ে যাচ্ছে বাংলাদেশ । "
non_depressive,বউ হবে বউয়ের মতো । বাসর রাতে দরজা বন্ধ করে একসাথে সিগ্রেট টানবো । আমি ওর মুখে ধোয়া ছুড়ে দিবো আর ও আমার মুখে । এক্কেবারে ভালোবাসায় ঠাসাঠাসি
depressive,প্রায় লক্ষ বাঙালি দেশ ছাড়া হতে চলেছে সামলাতে পারবে পৃথিবী সার্টিফিকেট দিয়ে আমি করবো মনে চায় মরে যাই
non_depressive,এদের ফাঁসি দেওয়া হবে এখানেও কোটা পাবে
depressive,আমি নিজের বেকারত্ব নিয়ে মনের জমানো কিছু কথা বলতে চাই একটা সুযোগ চাচ্ছি।।
depressive,দ্রুত সবাইকে ফাঁসি দেওয়া হোক
depressive,বিয়ের প্রথম বছরঃ জানু দ্বিতীয় বছরঃওগো শুনছ ! তৃতীয় বছরঃকই গো তুমি চতুর্থ বছরঃ বল্টুর বাপ একটু এখানে আসো তো পঞ্চম বছরঃকোথায় মরছ ? ষষ্ঠ বছরঃ আজকে বাসায় আসো তোমার একদিন কি আমার একদিন ! তোমায় বিয়ে করে আমার জীবনটা তেজপাতা হয়ে গেছে ! তোমায় বিয়ে করে কি পাইছি আমি ? 
depressive,"নিজের বউরে এত্ত ভালোবাসমু যেন , পাশের বাড়ির ভাবিরা আফসোস করে বলে ইস ! আমি যদি তার বউ হতে পারতাম ! "
depressive,আমি টিকা নিয়ে দীর্ঘ অলসতায় ভুগছি।
non_depressive,সুন্দর একটা নাটক। থেকে ভিন্নধর্মী পরিচালককে ধন্যবাদ এমন লিখনির জন্যে
depressive,আমিতো মধ্যবিত্ত পরিবারের ছেলে। আমিতো ভিক্ষা করতে পারবো না। জানিনা কখন খেয়ে মরতে
non_depressive,যতই চাপাচাপি কোন লাভ নাই এটা বন্ধ হবে
depressive,সাকিব ক্যাচ মিস করে ছক্কা বানায়া দিলো । রুবেল ৩ নাম্বার উইকেট পাওয়া থেকে বঞ্চিত । 
depressive,চেষ্টা করেও আমি আত্মহত্যা ভাবছি কারণ জীবন একটি অসংখ্য অবনতির সারি।
non_depressive,বিচার হলে এধরণের কার্যকলাপ বেড়ে যাবে
depressive,"৪ টা নিয়ে ১ দিয়ে সব ভালো প্রমানের চেষ্টা করলো , আর আমরা অভিনন্দিত হলাম বাহ ! "
non_depressive,বিচার নাই আল্লাহর কাছে বিচার দেন
depressive,উড়িবার চায় দুটো অপশন আছে হয় শুরু করা নয় শেষ করা শুরু অথবা শেষ
non_depressive,বাংলা আমার সোনার বাংলা
depressive,"আমার যত দুঃখ আছে লাল নীল সব মোমের বাতি আয় চলে আয় সন্ধ্যা রাতে খুলে বসি বুকের ছাতি , রাত বাড়াতে হাত বাড়াতে আলোর ছায়ায় নাচবে আঙ্গুল তোর ছোঁয়াতে রাত পোহাতে ভিজবে মাটি চষবে নাঙ্গল , দুজন মিলে গাঙের ঝিলে আবাদ হবে সুখ ফলাবো ফুসফুসের সব বাতাস মিলে আগুন দিলে মোম গলাবো । "
depressive,একজন করে ভোট দেবার সুযোগ পাচ্ছে সরকার ভোটাধিকার প্রয়োগের সব্বোর্চ্য সুযোগ দিছে সার্টিফিকেট দিয়ে আমি করবো মনে চায় মরে যাই
depressive,বালিকা তু আমাকে ভুলে গেলি কিন্তু সিম কোম্পানি আমার ইমারজিন্সি ব্যালেন্স কেঁটে নিতে ভুললো না 
non_depressive,ফয়সাল মাহমুদ ভাল বলছো।
depressive,মূল্যবোধের অবক্ষয় রোধে শিক্ষা ব্যর্থ কেন মুহাম্মদ রেজাউল করিম
non_depressive,আলহামদুলিল্লাহ্ ডোজ নিয়ে নেই নাই।
non_depressive,বাকি আসামিগুলোকেও জনগণের হাতে তুলে দেয়া হোক যেন তাদেরকে মেরে ফেলে কাজটি করতে পারে আমিন
depressive,এজেন্টদের বের করে দেওয়া হচ্ছে অভিযোগ সরোয়ারের সার্টিফিকেট দিয়ে আমি করবো মনে চায় মরে যাই
depressive,২ বন্ধু মিলে একটা গোয়েন্দাগিরি করেছি ১ টা সুপ্ত অফরাধের অফরাধী কে ধরেছি ভুক্তভোগীর কাছ থেকে প্রশংসা কুড়িয়েছি আর নিশ্চিতভাবে কিছু শত্রুতা বাড়িয়েছি ! 
depressive,আমাদের প্রতিটি শুধু একটি বিপর্যয়ের চিহ্ন।আর কষ্ট দিবিরে তোরা বাঙালি
depressive,"আজ আমাদের এই ১৭ ২৭ বয়সটাতে ছোট পোশাকে চলা ফেরা পথে ঘাটে অসামাজিক কাজে লিপ্ত হওয়া , সিগারেট , বিয়ার হুইস্কি পান করার অবাধ দৃশ্যকে আধুনিক মনে হতে পারে যখন তুমি আমি অভিবাক হব মেনে নিব তো এসব ? আগামী কাল কি তুমি আমি তাদের বারন করব না ? ভাবুন "
non_depressive,"হজরত জাবির রা বলেন , আমরা হজের ইহরাম বেঁধে হজরত রাসূলুল্লাহ সা এর সঙ্গে বের হলাম । তিনি আমাদেরকে আদেশ করলেন যেন আমরা প্রতিটি উট ও গরুতে সাতজন করে শরিক হয়ে কোরবানি করি । সহিহ মুসলিম : ১ ৪২৪"
non_depressive,সবাই আমার বাসা থেকে ঘুরে আসবেন যারা আমার বাসা থেকে ঘুরে আসবেন আমি আপনাদের বাসা থেকে ঘুরে আসবো
depressive,প্রিয় মানুষ হারানোর বেদনা আল্লাহ কাউকে দেক
depressive,আমি নিজেকে হারানোর অনুভূতি নিজেকে সবসময় আত্মহত্যার পথে নিয়ে যাচ্ছে।
non_depressive,উন্নয়নের জোড়ারে ভাসছে বাংলাদেশ
depressive,সত্যি কারের ভালোবাসা মানুষকে জীবন্ত লাশ বানিয়ে দেয়
depressive,জানতে গেলে ভারতবর্ষের ঐতিহ্য সংষ্কৃতি নিয়ে পড়াশোনা করতে হবে সেইসব পড়াশোনা ওদের কোনও দিন ছিল হবেও
depressive,রাজশাহী সিটি কর্পোরেশন নির্বাচেনে ভোট কেন্দ্রে বিএনপি প্রার্থী মোসাদ্দেক হোসেন বুলবুলের সন্ত্রাসী কর্মকান্ড দেখুন 
depressive,আমি সময় অনুমান করি আমি অন্যের সাথে সঙ্গে পরিচিত নই।আমি সময় অনুমান করি আমি যেটা প্রয়োজন তাতে আমি সেটা করতে পারবো
depressive,বৃষ্টি হয়ে লাভ যদি কাছে একটা থাকে
depressive,ইয়াস রুহানের কান্নাতে আমার কান্না চলে আসছে
depressive,মাঝে মাঝে নিজেকে খুব অসহায় মনে হয় একা একা লাগে মনে হয় পৃথিবীতে আমার কেউ নেই
non_depressive,খাওয়ানোর এগুলা বলে লাভ তখন এগুলা ভাবা গেছিলো
non_depressive,পৃথিবীর সবচেয়ে দামী এবং সর্বশ্রেষ্ঠ বাক্য লা ইলাহা ইলল্লাহু মুহাম্মাদুর রাসুলুল্লাহ সাঃ 
depressive,"গ্রামে , মেয়েরা অবৈধভাবে জিং জিং করলে , তাদের চুল কেটে দেয়া হতো ; এখন সেটা আবার চালু করার দরকার । জিং জিং প্রেম বেড়ে গেছে ! "
non_depressive,মিচা কথা আমি বিশ্বাস করি
non_depressive,ধন্যবাদ মাননীয় সাংবাদিক ভাই
non_depressive,ধন্যবাদ অমিত সাহ সাহেব মহোদয় আমাদের একটু উদ্ধার করুনআপনাদের ভালোবাসি সবসময়
depressive,আমি সময় বোধহয় আমি নিজেকে নিজের অংশ হিসেবে ধরে রাখতে পারি না।
non_depressive,আপনাদের মুখের কথা বিশ্বাস করি ভিডিও প্রুফ
depressive,ডিপ্রেশন জিনিসটা এতটাই খারাপ একটা মানুষ জীবন মৃত্যুর মাঝখানে দাঁড়া করিয়ে দেয়
non_depressive,খুব ফজিলত পুর্ন নিউজ
non_depressive,সুষ্ঠু বিচারের আওতায় আনা হোক।
non_depressive,গতকাল জেনেটিক ইঞ্জিনিয়ারিং এ চরম উন্নতি হয়েছে প্রথম বারের মতো বিজ্ঞানীরা মিলিয়ন বছর আগে মৃত এক প্রাণীর কোষকে জীবিত করতে পেরেছেন আপনাদের কি মনে হয় এই প্রযুক্তি দিয়ে কি হাজার বছর আগে মৃত ব্যক্তিদের জীবিত করা যাবে ? 
depressive,ডিপ্রেশনে আমার জীবনটা শেষ করে দিয়েছে
depressive,শিক্ষার অবস্থা এখন থেকে আরও অবনতি হবে চিকিৎসার দেশে কোনো ডাক্তার হবেনা
non_depressive,আল্লাহ মালিক লোকটাকে সুস্থ করে দেন আমীন
depressive,শেষ হয়েও যেন শেষ হলো না।।
non_depressive,পাওয়ার আগেই অবস্থা পেলে জানি করে আল্লাহই ভাল জানেন।
depressive,জীবন অত্যন্ত নিস্তার এবং অসুখের একটি ব্যাপার। আমি কেউ হতে চাইতেও বাধ্য হইতেছি মনে হচ্ছে।
depressive,বাংলাদেশের উন্নয়নের নমুনা
non_depressive,এতবছর ধরে ক্ষমতায় ভাগ্য ভালো ট্যাংক কামান নিয়ে আসে
depressive,বছর যাবত সমস্যায় ভুগছি কাউকে বললে বিশ্বাস করেনা
depressive,কক্সবাজার পৌরসভা ১নং ওয়ার্ডে ভোটার ৮ হাজার । নৌকা একা পেয়েছে ১২ হাজার ? কয়লা গায়েব হয়ে উড়ে যায় ? গায়েবী ভোটে নৌকার বাক্স ভরে যায় ? 
non_depressive,"পাপ করেছেন ? যদিও আপনি অগণিত পাপ করে থাকেন , তবুও মনে রাখবেন আল্লাহ তা আলার রয়েছে সীমাহীন দয়া । "
non_depressive,ট্রাক চালকের দোষ নাই। ভিডিওতে ক্লিয়ার আল্লাহ তদের পরিবারকে সবর শক্তি দিনআমিন।
depressive,ভাই দব্রমুল্য দাম বারলে সরকারের কিছুই করার থাকেনা তবে সরকারে করনিও হলো সরকারি বেসরকারি চাকরি জিবিদের বেতন বাজারের সাথে মিল রেখে বারানো হোক
depressive,"ভাবতে অবাক লাগে , কি ছিলাম , আর কি হলাম ! কেনইবা হলাম , কিসের আশাতেই বা হলাম ! কার জন্যই বা এমন হলাম ? শুভ সন্ধা , "
depressive,সহমত উন্নয়ন দিয়ে করবো
depressive,কিছু বাবা শুধু জন্ম দিতেই জানে সন্তানদের কখনোই বুঝে
non_depressive,সবাইকে বলেন উন্নয়ন দেখে দেখে জীবন যাপন করতে খাবার খাওয়া লাগবে
depressive,নাটকটা ইয়াশ তটিনীর সবচেয়ে সুন্দর একটা নাটক ছিলো এটার ভালো মুহুর্তগুলো সবাইকে হাঁসিয়েছে কষ্টের মুহুর্তগুলো সবাইকে কাঁদিয়েছে
depressive,মাননীয়া মুখ্যমন্ত্রীর দলের তৈরি বোমাও এখন বাংলার শিল্প সার্টিফিকেট দিয়ে আমি করবো মনে চায় মরে যাই
non_depressive,আমাদের উননয়ন চাকরীর মধ্যে বিরাট তফাত। আশা করি সরকার কিছু করবে।
non_depressive,আলহামদুলিল্লাহ টিকা ছাড়াই ভালো আছি
depressive,আমার জীবন অনেকটা স্বাধীনতার অভাবে ভরা। এখনও আমি কোন পথে যেতে চাই ঠিক করতে পারছি না।
depressive,একজন প্রবাসী হিসেবে ব্যাচেলর দের কস্ট বুঝি
depressive,"মিরপুরে আছি ! অথচ , এখানে টুইটারের কেউ নাই ! তবে , একজনের বাসা নাকি ১০নাম্বারে ! সে তো দূরে দূরেই থাকে তাহার নাম বলা যাবে না নাম বললে আবার চাকুরী থাকবেনা হবু মিঃড্রিম"
non_depressive,এই সিলেট আমাদের ভালোবাসা । এই সিলেট আমাদের আবেগ । এই সিলেট আমাদের গৌরব আর অহংকারের সাথে জড়িত । এই সিলেটের উন্নয়ন এবং সমৃদ্ধি মানে বাংলাদেশের উন্নয়ন আর সমৃদ্ধি । বাংলাদেশের সামগ্রিক সত্তার সাথে সিলেট জড়িয়ে আছে । : 
non_depressive,ভিউয়ের জন্য নিছে নামবেন
non_depressive,ব্যাচেলর নাম মধ্য কয় বাচ্চাদের বাপও আছে আবার ছাত্রছাত্রীদের পাশাপাশি মাদক ব্যবসায়ীরাও আছে
non_depressive,হাসপাতাল গুলোর বিশ্বাস মানুষের মনে উঠে গেলো নাকি
depressive,আমি আমার জীবনে অনেক সময় বুদ্ধিহীনভাবে আশা করি কিন্তু আমি আমার কখনো প্রত্যাশার সাথে মিল পাই না।
depressive,আমি সময় অনুমান করি আমি অন্যের মতো হতে পারছি না।আমি সময় অনুমান করি আমি যেটা প্রয়োজন তাতে আমি সেটা করতে পারবো
non_depressive,পাপে ছাড়েনা বাপেরে
depressive,আমি সময় সম্পর্কে চিন্তা করি এবং আমি সময় মনে করি আমি সম্পর্কটি সম্পন্ন করতে পারি না।
depressive,আমি সময় অনুমান করি আমি অপ্রয়োজনীয় এবং অস্বস্তির।
depressive,মৃত্যু তুচ্ছ তোমার কাছে তুমি একবার ভালোবেসেই দেখ কিভাবে সহস্র বছর বাঁচি
non_depressive,"টেবিল ঘড়ির প্রার্থী , প্রধান এজেন্ট ও কর্মী সমর্থকের পুলিশী হয়রানীর অভিযোগ "
non_depressive,এদের ভ্লগ দেখে কারা ভাই
non_depressive,সাকিবের পিছে লাগার
non_depressive,অন্তত পক্ষে একটা বিষয় ঐচ্ছিক বিষয় হলেও রাখা উচিত
depressive,চাকরীর বাজারে experience চাই হচ্ছে দুর্নীতি
depressive,সুষ্ঠ এবং নির্ভেজাল নির্বাচন দেখতে চান তাইলে বিটিভি চালু করেন আর দক্ষিন অঞ্চলের মুরগীর খামার করে জরিনা বেগমের স্বাবলম্বী হওয়ার গল্প ও দেখতে পাইবেন
depressive,ধিক্কার জানাই এদেশের উন্নয়নের নামে মানুষকে কোনঠাসা করা। একদিকে সিন্ডিকেটের দ্বারা দাম বাড়ছে অন্যদিকে টিসিবির গাড়ির পেছনে মানুষের ভীড়
depressive,এমন সম্পদ বাবা রেখে যায়নি তাই বাবার বেহেশত নসিব কামনা করছিবাবা ভালো থেকো ওপারেসম্পদ থাকলেও এখনো তোমাকে আগের মতো ভালোবাসি বাবা
non_depressive,আপনারা নিউজের জন্য কোনো টপিক পান নাকি
non_depressive,উন্নয়ন জোয়ার বইছে
non_depressive,"নিজের স্বপ্ন গুলো গলাটিপে খুন করে বলে ভাল আছি , ছেলেটার নাম মধ্যবিত্ত । "
non_depressive,আইন হুজুর দের জন্য বাকিরা জান্নাতি৷
depressive,এখন অনেক হাসির কিছু দেখলেও হাসি পায়না ভাল লাগেনা মাজে মধ্যে মনে আত্যহত্যার বেছে নাই কিন্তু পারিনা কারন আমার দিকে তাকিয়ে আছে অনেকের সপ্ন।
depressive,যুগ পাল্টাইছে কিন্তু মানুষের নষ্ট ধেনধারনা পরিবর্তন হয়নি খুব দুঃখ জনক
depressive,হাইরে বাংলাদেশ হাইরে পুলিশ
depressive,ভাবতে অবাক লাগে ছিলাম হলাম কেনইবা হলাম কিসের আশাতেই হলাম কার জন্যই এমন হলাম সার্টিফিকেট দিয়ে আমি করবো মনে চায় মরে যাই
non_depressive,বাংলাদেশের শিক্ষা ব্যবস্থার পরিবর্তন দরকারকর্ম মূখি শিক্ষা থাকলে পড়াশোনা শেষে সবাইকে চাকরি খুঁজতে না।
depressive,প্রায় লক্ষ বাঙালি দেশ ছাড়া হতে চলেছে সামলাতে পারবে পৃথিবী কষ্ট দিবিরে তোরা
non_depressive,সবকিছুর পরে যাতে মানুষটা সুস্থ হয় দোয়া রইল
non_depressive,এমন হবে আমি আগে থেকেই জানতাম তাই। এখনো কোনো টিকা নেই নাই। সামনে আরো বেশি কিছু শুনতে হবে টিকার বিষয়ে।
non_depressive,সরকারের বিষয়ে বোঝা উচিত বেকারত্ব দূরকরন করা
non_depressive,এখন পর্যন্ত আমার দেখা সবগুলো ভিডিওর মধ্যে এটার গ্রাফিক্স এবং এডিটাংটাই সবচেয়ে সুন্দর এটাই সবচেয়ে অসাধারণ
depressive,এখানে আমি থাকতে চাই নাহেকক্সিসেলের গন্ধে তোমার গন্ধ পাই নাআহ্
depressive,শান্ত বুকের তপ্তক্ষুনে শক্তমাটি রক্তলাল মজলুমানের আর্তনাদে আরশে আজিম কম্পমান মানবতা দূর্বিপাকে আবাসভুমি ঘোর শ্মশান
non_depressive,আমরা অপেক্ষায় রইলাম দেখি হয়।
non_depressive,"অন্যায় যখন সীমা ছাড়ায় , প্রতিবাদ তখন করতেই হয় । বাসের চাকায় পিষ্ট হয়ে কচি প্রাণগুলোর অকালমৃত্যুতে যে মন্ত্রী দাঁত কেলিয়ে হাসতে পারে তার কি প্রাপ্য হওয়া উচিৎ ? অপমৃত্যুতে সন্তান হারানো বাবা মায়ের বুকের জ্বালা , হাহাকার যেন সে অনুভব করতে পারে এমন ব্যবস্থা নেয়া হোক । "
depressive,বিবর্ণ হয়ে পরে থাকা মৃতদেহ খানিও লাশ নামের
non_depressive,প্রতিকারটা বলে দিলে ভালো
depressive,হেটার্স বেড়ছে সাথে ব্লক লিস্ট টাও লম্বা হচ্ছে ফ্রি থাকছে সম্মান দিলে সম্মান পাবে লাইক দিলে লাইক পাবে দুইটার মধ্যে কোনো পার্থক্য নাই টুইটার
non_depressive,কুরআন একমাত্র আলোর
depressive,ডিপ্রেশন নামে জিনিসট আমি ভুগছি৷৷
non_depressive,"টানা ৩০ ঘন্টা ঘুমহীন থাকার পর , টানা ১৯ ঘন্টা ঘুম শেষে ডিউটিতে আসলাম তাও শান্তি নেই , চোখমুখে আন্ধার দেখতেছি , আবার ঘুম আসে , আগের রেকর্ড ছিল ১৬ ঘন্টা , নতুন রেকর্ড ১৯ ঘন্টা , মাঝেমধ্যে নিজেকে অসুস্থ মনে হয় , একজন সুস্থ মানুষ কি টানা ১৯ ঘন্টা ঘুমাইতে পারে , "
depressive,তারিখে রোজ সোমবার বেলা দুপুর মিনিট। দেখলাম।স্বতি রেখে গেলাম আবার কোনো একদিন আবার আসবো নাটক দেখার জন্য। নাটক খুব কষ্টর। খুব কান্না করলাম।
depressive,দুদকের তদন্ত প্রতিবেদনঃ গায়েব নয় দাঁত মেজেই লাখ হাজার মেট্রিকটন কয়লা শেষ
depressive,আমি সর্বদা খুব বিরক্ত। কোন কারণে আমি সময় নিরুদ্দিপ্ত মনে হয়।
depressive,আমি রোগে আক্রান্ত ছিলাম
non_depressive,অপরাধীদের ফাঁশি চাই
non_depressive,আসলে বলবো খুব কষ্ট লাগে এদেশের সাধারণ গরিব মানুষ গুলোর জন্য তাই সাধারণ গরিব দরিদ্র মানুষ দের একটু চিন্তা করা
non_depressive,"বিশ্ব টেলিভিশন প্রিমিয়ারে স্টার নেটওয়ার্কের সকল চ্যানেলগুলিতে এবং হটস্টারে মাননীয় প্রধানমন্ত্রী শ্রী নরেন্দ্র মোদীর বাল্যজীবনী অনুপ্রেরণায় একটি ছোট্ট চলচ্চিত্র , আজ রাত ৯টায় প্রদর্শিত হবে । সকলকে চলচ্চিত্রটি দেখার অনুরোধ জানাচ্ছি । "
depressive,রাজধানীর যোগাযোগব্যবস্থার উন্নয়নে এবং যানজট নিরসন ঢাকাকে ঘিরে একটি এলিভেটেড রিং রোড নির্মাণের পরিকল্পনা জানিয়েছেন প্রধানমন্ত্রী শেখ হাসিনা । পরিকল্পনা গুলি দেখে তো আনন্দিত হলেও দুর্নীতি গুলি মানুষকে বিচলিত করে । 
non_depressive,ব্যাচেলর আরেক ব্যাচেলর নিউজ দেখতেছে
non_depressive,সাংবাদিকদের বাংলাদেশের কোনো নিউজ করার কিছু নাই
non_depressive,আল্লাহ পাক তাকে জান্নাতুল ফেরদৌস নসিব করুন আমিন
non_depressive,বাংলাদেশে ট্রাফিক পুলিশ বক্স ছাড়া অন্য কোন বক্স চোখে পড়েনি
non_depressive,এতে অবাক হবার কিছু নেই।
depressive,ভালোবাসার মানুষটি হারিয়ে গেলেই তার প্রতি ভালোবাসা বৃদ্ধি পায়
depressive,পৃথিবীর সবচেয়ে শক্তিশালী জিনিস হলো টাকা। ভালোবাসা তার কাছে কিছুই
non_depressive,আলহামদুলিল্লাহ খুব খুশি হলাম
depressive,কয়দিন থেকে অনেক বেশী অসুস্থ হয়ে পরেছি
depressive,নাটক দেখি বিনোদনের জন্য অবসর সময় কাটানোর জন্য একটু রোমান্টিক মুড থাকার জন্য এখন নাটক দেখে পুল ডিপ্রেশন চলে যাচ্ছি
non_depressive,আসুন আমরা সবাই সবাইকে সাপোর্ট করি
non_depressive,জানি এমনই হবে নাও আরও বেশী ভ্যাকসিন
non_depressive,আমার আম্মা হয়ে ছিলো ভালো হয়ে গেছে
non_depressive,জনগণের ভোট চুরি করে ক্ষমতায় আসা ওই নিয়ত আমাদের নাই আওয়ামী লীগ নেত্রী শেখ হাসিনা এভাবে নৌকার পক্ষে ভোটে ডাকাতি করছেন লজ্জা লাগেনা ছিঃ বাসদ নেত্রী ড মনীষা চক্রবর্তী । 
depressive,এতো সুন্দর একটা বাবা ভাবে মারতে পারলো আল্লাহ তুমি মাকে ধযদারন করার শক্তি দাও আমিন
non_depressive,বাংলাদেশের বক্স অফিস দানবক্স
non_depressive,তারা কারা তাদের সাথে adjust করে চলতে হবে
depressive,"এ সূর্য তো প্রখর তাপ দেয়া কোনো দৃশ্যমান সূর্য নয় , এ যেন এক অস্তমিত যাওয়া কোনো এক অসহায় মানুষ এর নিরব অধঃপতন , বিবেক আর অস্তিত্বের অতিমাত্রায় স্খলন , "
non_depressive,বর্তমানে আমার লাইফের সাথে কথা গুলো মিলে গেলো ℅
non_depressive,সেই কুবাবা তার কুসন্তানের ছবিসহ প্রতিবেদন তৈরি করলে আরো ভালো হতো কঠোর শাস্তি সামাজিকভাবে লজ্জা পাওয়া একান্ত জরুরি
depressive,ঠিকই আছে। দেশে ডাক্তাররা বেশিরভাগ অসাধু ব্যবসায়ে নেমেছে সেদেশে কিভাবে ডাক্তারের ওপর ভরসা থাকে।
depressive,আল্লাহ বৃষ্টিটা একটু থামাও সবার ঘরে নাই
depressive,আমি সময় অনুমান করি আমি অন্যের জন্য পর্যাপ্ত নই।হতাশা দুচিন্তা বেকারত্বের প্রধান কারণ।
depressive,পৃথিবীর সকল প্রেমিকায় চায় শুধুমাত্র তার চোখেই বারবার তার প্রেমিক হতাহত হোক যুগ পাল্টাইছে কিন্তু মানুষের নষ্ট ধেনধারনা পরিবর্তন হয়নি খুব দুঃখ জনক
non_depressive,হালারে ভিক্ষা করতে বসাই দাও কেউ গলায় অনেক জোর চিল্লাইয়া ভিক্ষা চাইতে পারবো
depressive,নতুন প্রজন্ম যারা ইউরোপযুক্তরাষ্ট্রের পথে দিবে তাদের জন্য এটা শিক্ষামূলক সিনেমা।এটা আমাদের সবার দেখা উচিত।বাংলাদেশের মানুষ সাকিব খানে আটকে আছে।
depressive,মানুষ কতটা নিরাপত্তাহীন ভিডিও ফুটেজটি দেখলে বুঝতেই পারতাম
non_depressive,আচ্ছা আপনাদের কাছে কোন নিউজ নেই
non_depressive,নিউজ করার কারনে দাম বেড়ে যায়
depressive,দাজ্জালের ফিতনার যুগে অসম্ভব বলতে কিছুই নেই। মহান আল্লাহ আমাদের সকল দাজ্জালী ফিতনা থেকে রক্ষা করুন। আমিন
non_depressive,পাচার বন্ধ করা আপনাদের কাজ। দাম বাড়ানো সমাধান নয়।।
non_depressive,উন্নয়ন খাবো কিবেতন বাড়ছে শুধু দাম বাড়ছে।কোন উদ্যোগ নেই শুধু চিড়া ভেজানো টাইপ বুলি যাতে চিড়া ভিজছে না।
depressive,আমি আমার সময়ের সাথে অনেক স্বপ্ন হারিয়ে যাচ্ছি তবে যদি আমি অধিক সময় কষ্টে যাচ্ছি তাহলে আমি মনে করতে পারবো আমি আমার সময়ের সাথে সমস্যা হারিয়ে যাচ্ছি
depressive,জীবনের অনেক সময় হারিয়ে যাওয়া স্বপ্নগুলি আমার দুঃখের জলে ডুবে আসে।
depressive,জীবনের প্রতিটি পর্বে আমরা মনে করতে পারি আমাদের অনন্ত দুঃখের প্রাণী।আর কষ্ট দিবিরে তোরা বাঙালি কান্না সারা দেশের
non_depressive,অভিনন্দন এ এইচ এম খায়রুজ্জামান লিটন ভাই নবনির্বাচিত নগর পিতা রাজশাহী সিটি কর্পোরেশন । অভিনন্দন সেরনিয়াবাদ সাদিক ভাই নবনির্বাচিত নগর পিতা বরিশাল সিটি কর্পোরেশন । 
non_depressive,আল্লাহ পাক ছাড় দেন ছেড়ে দেন
non_depressive,আল্লাহ রহমত করুন
depressive,চারিদিকে শুনি উন্নয়ন উন্নয়ন তাহলে জোর করে সিল মারার প্রয়োজন কষ্ট দিবিরে তোরা
non_depressive,একটা নিছিলাম আলহামদুলিল্লাহ ভালো আছি
depressive,বাংলাদেশে বছর ধরে কয়লা চুরি গোপন ছিল
non_depressive,সবগুলো লক্ষণ আমার মধ্যে আছে।
non_depressive,সর্বদা অন্যের খবর নকল করে
non_depressive,বক্সটি কোথায় রাখা ঠিকানাটা বলেন কিছু টাকা দান করে আসি।
depressive,"যখন দেখি বিদেশে বড় কোন মার্কেটে আমাদের দেশি পণ্য বিক্রি হচ্ছে অন্যান্য দেশে পণ্যের পাশে , গর্বে বুকটা ভরে যায় । এই আনন্দ যে কেমন তা একমাত্র প্রবাসীরাই বুঝতে পারবে "
depressive,আমি নিজেকে হারানোর অনুভূতি নিজেকে সবসময় আত্মহত্যার পথে নিয়ে যাচ্ছে।
depressive,দাঁত মাইজা লক্ষ হাজার মেক্টিকটন কয়লা শেষ করছত জন্যে তোর দাত সুন্দর
depressive,ঘন্টা পরিক্ষামাঝে ঘন্টা বিরতি প্রশ্ন ফাঁস নিয়ে হবে রমা ব্যবসা
depressive,বলে লাভ নাই কেউ কছুই পরিবর্তন করবে
non_depressive,"আমার মার্কা নৌকা , আমি জয় বাংলার লোক শেখ হাসিনার নেতৃত্বে এগিয়ে যাচ্ছে বাংলাদেশ । "
depressive,পরীক্ষার চাপেচিন্তায় আমি ডিপ্রেশনে আছি বছর ধরেমাঝে মাঝে ইচ্ছে করে নিজেকে শেষ করে ফেলতে
non_depressive,আলহামদুলিল্লাহ ভালো লাগলো
depressive,মাননীয়া মুখ্যমন্ত্রীর দলের তৈরি বোমাও এখন বাংলার শিল্প রেহাই দেয় শিশুদের
non_depressive,দেশে শুধুু মটরমাইকেল বাসেরও গতিসীমা কমানো দরকার।
non_depressive,সালা  এমন করত আমরা বাস অরা ঘন্টা পরীক্ষা দিবে মাঝে আবার টিটোয়েন্টি খেলবে তবে ইনশাআল্লাহ  পরীক্ষার্থীও পরীক্ষা দিয়ে যেন ভালো হয়
depressive,প্রচুর এলার্জি সমস্যা হচ্ছেরে ভাই।
non_depressive,ভালোবাসি শব্দটাই তো ভালো মানে টাটকা আর বাসি মানে পাচাঁ
depressive,আমরা বোকার স্বর্গে বাস করছি
depressive,নিয়ম ভাঙ্গার মগজ জুড়ে এখন শুধুই তেপান্তরের নির্বাসনে হারিয়ে গেছে রুপক
depressive,ভালোবাসা অবিরাম কিন্তু মনে একটা দুঃখ রয়েই গেল তোমার সঙ্গে কথা বলতে পারলাম না সত্যি তোমাকে ভালোবাসি তোমার বড় আমি জুড়ে জুড়ে শুধু তোমারই ছবি 
depressive,আমার মনে বর্তমান অবস্থার থেকে বাস্তব সত্যটাই দেনমোহরের জন্য।
non_depressive,হুম রতনে রতন চিনে
non_depressive,অসাধারণ হয়েছে নাটকটা খুব ভালো লাগলো
depressive,পীরের মুখে দাড়ি নাই মাথায় টুপি নাই তিনি নাকি আবার জাকের পার্টির হারামজাদা
non_depressive,উপজাতিদের জন্য আল্লাহর কাছে দোয়া করলাম আল্লাহ তাদেরকে জেনো ধ্বংস করে দেন
depressive,মাননীয়া মুখ্যমন্ত্রীর দলের তৈরি বোমাও এখন বাংলার শিল্প । রেহাই দেয় না শিশুদের । 
non_depressive,পরন্ত বিকেলে গভীর মনযোগ এবং অতী আগ্রহ নিয়ে নাটক দেখে আমি মুগ্ধ ভালোবাসা আমৃত্য অটুট থাকুক
depressive,চেষ্টা করেও আমি আত্মহত্যা ভাবছি কারণ জীবন একটি অসংখ্য অবনতির সারি।
non_depressive,আলহামদুলিল্লাহ্‌ আমি মুক্তি পাইছি।
depressive,জীবনের আনন্দের খোঁজ এখন অনেক দূরে আমরা কেন ভুলে গেছি একটি সাধারণ শান্তি এবং সন্ত্রাসবিহীনতা
non_depressive,এইরকম তেল দিলে তেলের দাম বারবেই
depressive,জীবন এতটা অশ্রুতিকর এখানে কিছুই ছাড়া সাঁতার নেই।
non_depressive,"আসুন নাস্তা করি , কোনাবাড়ী মৌচাক বাঁশমতি রেস্টুরেন্টের "
non_depressive,এদের সবাই আইনের মাধ্যমে ফাঁসি দেওয়া হউক অতি তারা তারি যাতে কোনো মানুষ এমন কাজ করতে সাহস পায়
depressive,"রাজনাথ সিং সংসদে বললেন এই নাকি ফাইনাল নয় । এই লক্ষ লোক কে আবার নাকি সুযোগ দেওয়া হবে নাগরিত্ব প্রমাণ করার । এটা কি আইওয়াশ নয় ? এরা আর কি প্রমাণ দেবেন ? পাসপোর্ট , আধার ভোটার কার্ড সব ই তো বাতিল করে দিয়েছে । আবার অনেক পুরুষের নাম আছে অথচ তাদের পরিবারের নাম নেই । এরা কি করবে ? "
depressive,ভাবতেই অবাক লাগে দুনিয়ার সুখ শান্তি সবাইকে ছেড়ে চলে যেতে হবে
depressive,চিন্তা বাড়িয়ে দিল
non_depressive,নামাজ পড়লে খারাপ লাগবে
depressive,বাঙালি তোদের ছেড়ে দেবে ভেবেছিস ? বাংলাপক্ষ জয়বাংলা 
non_depressive,সাংবাদিক ভাইকে ধন্যবাদ গুরুত্বপূর্ণ নিউজ জানানোর জন্য।
non_depressive,সবার ছেড়া উচিত সরকার এগূলো বইতে দিবে কেন দেশ কোটি মানূষের
non_depressive,আগেও বলেছি যার কাজ তারই করা উচিৎ।
non_depressive,এদের এমন কঠিন শাস্তি প্রদান করা হোক দেখে পুরো পৃথিবী দেখে
non_depressive,বাংলাদেশ পুষ্ট অফিস আছে কিন্তু বক্স অফিস কোন জায়গায় থাকে আমার জানামতে নেই।
non_depressive,"সুসময়ে অনেকেই বন্ধু বটে হয় , অসময়ে হায় হায় কেউ কারও নয় ! "
non_depressive,মানুষ বেহায়া রেষ্টুরেন্টে বসে খেলে এমন লোকী ভাব কমে যাবে
depressive,পোলাপানের মেরুদন্ড ব্যাথা হয়ে যাবে। পরীক্ষার পাশাপাশি পরীক্ষা কেন্দ্রে চিকিৎসার ব্যবস্থা রাখতে হবে।
non_depressive,টাকা দিয়ে শাহরুখ খানের সাথে একটা ডিনার প্রোগ্রাম আয়োজন করে সেই ভিডিও নেটে ছাড়লে টাকা উঠে যেতো
depressive,জ্ঞানের ফেরিওয়ালা ! সালাম তোমায় । অভাগা এইদেশে জ্ঞান আহরণের সুযোগটুকুও নেই তোমার 
non_depressive,প্রত্যেকটা কথাই ঠিক বলছেন ভাই
non_depressive,সবাই চাকরি করলে চাকরি দিবে
non_depressive,শুদু বলছিলাম বিয়া করমু বাকিটা সব ইতিহাস 
depressive,ডিপ্রেশন সুন্দর ভাবে তুলে ধরার জন্য অসংখ্য ধন্যবাদ আপু নিউজ রিপোর্ট অনেক ভাল্লাগছে
depressive,মানুষ আসবে মিশবে আবারো অতিথি পাখির মতো চলে যাবে ধন্যবাদ
non_depressive,সাব্বাস আহা শান্তির মানুষ
non_depressive,কাজী ইবরাহিম আগেই বলেছিল।আমরা বুঝতে পারি নাই
non_depressive,গ্রামবাসীকে অসংখ্য ধন্যবাদ
depressive,এগুলা প্রশাসন দেখবে জোর যার ক্ষমতা তার
depressive,সকালে উঠিয়া আমি মনে মনে চিল্লাই এতো বড় হইছি আমার নাই কিল্লাই গুদ মন্নিং
depressive,হলে বাঙালী বিদ্বেষী হতে হবে বেছে বেছে মণিপুর আসামে বাঙালী দের তাড়ানো হচ্ছে তাতে আপনার কোন প্রতিক্রিয়া নেই 
depressive,যা তোমার কাছে আছে তার যত্ন নাও । আর যা তোমার কাছে নাই তার জন্য আফসোস করো না । 
depressive,গরমে মানুষ মরে যায়কতো মানুষ কষ্ট আছে সেই গুলো নিউজ নানিউজ যত্তসব আজাইরা মানুষদের নিয়ে
depressive,বাঙালি তোদের ছেড়ে দেবে ভেবেছিস বাংলাপক্ষ জয়বাংলাএ কান্না সারা দেশের
non_depressive,অভিযান আলিপুরদুয়ার জেলায় সুন্দরভাবে সফল করার জন্য জটেশ্বর কলেজ শাখার বৈঠক ও কলেজ শাখা গঠন 
non_depressive,যদি মন কাদে তুমি চলে এসো । চলে এসো কোন এক সন্ধ্যা বেলায় । 
depressive,বাসের তলায় পিষছে মানুষ হাসছে নরপিশাচ তিন তিনটা লাশ পরেছে কির পোলা লাশ চাস
depressive,দুপুর  তার সাথে শেষ দেখা মাস জীবনটা অন্য রকম ছিলো
non_depressive,ইয়াশ রোহানের সুন্দর অভিনয় একদিন অনেক অভিনেতা হবে
non_depressive,সিনেমা নামের সাথে যায় না। তাই অবস্থা। মানুষ এগুলো এখন খায় না।
depressive,সাহসী মেয়ে নেহা যাদব এলাহাবাদে অমিত শাহ র কনভয় আটকে মহিলাদের ওপর অত্যাচারের প্রতিবাদ করল কালো পতাকা দেখিয়ে । তারপর নির্মম পুলিশ তাকে কি করল ভিডিও টা দেখুন এই হোল আমাদের দেশের সার্বিক পরিস্থিতি প্রতিবাদ করলেই : 
depressive,"এই বাড়ির উঠান ডিঙিয়ে , আর তুমি যেওনা অনিন্দিতা । মিনতি করেও যেন পারিনা সরাতে , তুমি যাওয়ার বেলার পরে , তোমার ছায়া কিছুতেই আমি হঠাতে ! এই বাড়ির উঠান ডিঙিয়ে , আর তুমি যেওনা অনিন্দিতা "
depressive,সময় টিবি ধন্যবাদ ডিপ্রেশন নিয়ে একটি প্রতিবেদন তুলে ধরার জন্য।
depressive,দাত মাইজা লক্ষ হাজার মেক্টিকটন কয়লা শেষ করছত জন্যে তোর দাত সুন্দর
non_depressive,নামাজ পরলে ঠিক হয়ে। যায়। ডিপেশন কিছু অাল্লাহ শান্তি দেয়️
depressive,ভয়াবহ অবস্থা আল্লাহ সহায় হোন
depressive,হায়রে সোনার বাংলাদেশ।হায়রে দেশের আইন
depressive,আমি অনেকদিন ধরেই বলে আসছি যে বিজেপি আর সংঘী রা প্রবল ভাবে বাংলা ও বাঙালি বিদ্দেষী । কিন্তু এরা ভেবে দেখেছে এই লক্ষ বাঙালির সঙ্গে আমরাও যদি কেন্দ্র সরকারের বিরুদ্ধে যাই তাহলে সামলাতে পারবে তো ? এর বিরুদ্ধে এ রাজ্যের বিজেপি নেতারা চুপ কেন ? ভক্তদের মানসিকতা দেখুন 
non_depressive,আল্লাহুম্মা ইন্নী আউযু বিকা মিনাল ছাত্রলীগ
non_depressive,সরকারের উচিৎ দব্যমূল্যের দাম আরোও অনেক বারানো।তাহলে বাংলাদেশের জনগণ তারাতাড়ি কমবে তবেই নির্বাচনে কারচুপি করতে পারবে
depressive,দাত মাইজা ১ লক্ষ ৪২ হাজার মেক্টিকটন কয়লা শেষ করছত এই জন্যে তোর দাত এত সুন্দর 
non_depressive,কাগজের নৌকা কেউ বানিয়েছে তা চুপ চাপ ভাসিয়েছে জ্বলে রেলগাড়ি ঝমাঝম কেউ বেশি কেউ কম নিজস্ব কথাটুকু বলে পাগলা ঘোড়া ছুটে ছুটে যায় দিনটা কাটে শুধু ব্যাস্ততায় ! 
depressive,ভাবতেই অবাক লাগে ! দুনিয়ার সব সুখ শান্তি সবাইকে ছেড়ে চলে যেতে হবে 
non_depressive,আপনার ভিডিও ভাই অনেক খানি ইম্প্রুভ হইয়া যাচ্ছেআজকের ভিডিওটা একটু আসলেই ভালো এডিটিং ছিল।অনেক ভাল্লাগছে ভাই
non_depressive,এতদিন পরে পুরনো খবর প্রকাশ করাটা আরটিভির মানায়
depressive,চিল করতেছি বিশ্বাস আছে কারেন্ট আসবেনা
depressive,জীবনের পথে অসহায় ভ্রমণ এখনো থামে নি।আর কষ্ট দিবিরে তোরা বাঙালি
non_depressive,আমরা মুসলমানেরা মহান আল্লাহর দরবারে আশায় হাত তুলে বসে আছি কখন তার ন্যায়বিচার নাজিল করেন।
non_depressive,একজন ভালো মানুষ কখনো মুসলমান হতে পারে এবং একজন মুসলমান কখনো ভালো মানুষ হতে পারে
non_depressive,দিন যদি দেখেন উনি উনার প্রত্যাশিত পেয়ে গেলতখন করবেন
non_depressive,আললাহ তুমি এদের হেফাজত করুন
depressive,মনে একটি অনিশ্চিততা অনুভব করছে হচ্ছে আমি বুঝতে পারছি না।
non_depressive,এদের ধরে উচিত সঠিক শাস্তি এবং ফাঁসি দেওয়া
depressive,আর বাস চালাবেন না মিমের বাবা : 
non_depressive,ভাই এটা আমার প্রিয় গান খুব
non_depressive,তুরা ঢাকায়া তুদের ফর্দা নাই কিছু নাই তুদের
depressive,মনে হয় জীবনের কষ্টের সমুদ্রে নিজেকে হারিয়ে ফেলেছি যেখানে মৃত্যুর মাঝেও কোনো আশা ছিল না।
depressive,অথচ মন্ত্রীদের নির্লজ্জ কথাবার্তা বন্ধ না।
non_depressive,যখন দুইদেশের সংখ্যা ছিল সাত কোটি এখন বাংলাদেশ ষোলো কোটি পাকিস্তান চব্বিশ কোটি। বাংলাদেশ আগালো কিভাবে।
non_depressive,"যার সম্পদ যতো বেশি , তার চিন্তা ততো বেশি , তার ঘুম ততো কম , ইহা এক প্রকার অশান্তি আলহামদুলিল্লাহ , আমি ভালো ভাবে ঘুমাতে পারি"
non_depressive,"হজরত জাবির রা বলেন , আমরা হজের ইহরাম বেঁধে হজরত রাসূলুল্লাহ সা এর সঙ্গে বের হলাম । তিনি আমাদেরকে আদেশ করলেন যেন আমরা প্রতিটি উট ও গরুতে সাতজন করে শরিক হয়ে কোরবানি করি । সহিহ মুসলিম : ১ ৪২৪"
non_depressive,খুব ফজিলত পুর্ন নিউজ
non_depressive,বাকি দুজনকে জনতার হাতে ছেড়ে দেয়ার জোর দাবি জানাচ্ছি
depressive,আমি সময় অনুমান করি আমি যেটা প্রয়োজন তাতে আমি সেটা করতে পারবো না।হতাশা দুচিন্তা বেকারত্বের প্রধান কারণ।
non_depressive,আমিত বছর ধরে বিষন্নতায় আছি
depressive,তুমি সেই কবিতা যা প্রতি দিন ভাবি লিখতে পারিনা তুমি সেই ছবি ! যা কল্পনা করি আঁকতে পারি না তুমি সেই ভালবাসা ! যা প্রতিদিন চাই কিন্তূ তা কখনো ই পাই না 
non_depressive,প্রথমে মনে করছিলাম তাহসানের এক্স মিথিলা
depressive,আপু আমি সৌদি প্রবাসী আমি রোগের রোগী
depressive,আমি সময় অনুভব করি আমি আমার জীবনের প্রতিটি কাজে অক্ষম।
non_depressive,টাকা খরচ করে ফাইজার দেওয়ার জন্য নারায়ণগঞ্জ সদর গেলাম আলহামদুলিল্লাহ এখনো সুস্থ আছে
non_depressive,জিবনে সঠিক সিদ্ধান্ত নিয়েছি পরাশোনা করি নাই
non_depressive,প্রশাসনের সঠিক বিচার থাকলে কেউ সাহস করে খারাপ কাজ জীবনে করত যাইহোক টাকা আছে যার প্রশাসন পকেটে আছে তার। টেনশন কিসের।
non_depressive,কর্মস্থলের প্রতিযোগীকে সবসময় শ্রদ্ধা করুন । শক্তিশালী প্রতিযোগী আপনার মেধার সর্বোত্তম শুভ সকাল 
depressive,"সেদিন এক মধ্য বয়স্ক পাগলীকে দেখেছিলাম রাস্তায় । ছেঁড়া শাড়ি হাঁটু পর্যন্ত তোলা । মাঝরাস্তায় দাড়িয়ে কাকে জানি আঙুল তুলে দেখাচ্ছে আর হাসছে । আমি তাকিয়ে দেখলাম নির্দিষ্ট কারও প্রতি সে আঙুল তুলেনি । দেখাতে হয় তাই দেখাচ্ছে । আজকে বারবার মনে হচ্ছে সেই আঙুল কি আমাকে , আপনাকে , আমাদেরকে"
depressive,আমার মনে একটি অজানা আছে এটি আমাকে পুরোপুরি লেজ করে দিচ্ছে।
depressive,নিউজ দুর্ভিক্ষ বাংলাদেশ
depressive,আমারও এটা আগে কোন কাজ করে আনন্দ পেতাম এখন তার চেয়েও ভালো কাজ করে আনন্দ পাই খুব খারাপ লাগে সবসময়
depressive,আমাদের স্বপ্ন আবার আজকের অস্তিত্বের বিপরীতে পড়ে পড়ে।আর কষ্ট দিবিরে তোরা বাঙালি
non_depressive,ইমরান খানের মতো তাকে সরানোর সময় এসেছে।
non_depressive,"হাউস অব লর্ডসের সদস্য অ্যালেক্স কার্লাইল বলেছেন , সাবেক প্রধানমন্ত্রী ও বিএনপি চেয়ারপারসন বেগম খালেদা জিয়া এবং বিএনপি র ভারপ্রাপ্ত চেয়ারম্যান তারেক রহমানের বিরুদ্ধে দায়ের করা সকল মামলায় ভিত্তিহীন এবং রাজনৈতিক : "
depressive,বাংলা মুভির রোমান্টি সুর রু রু রু রু রু রু রু রুরুরু রু রু রুরুরুরুরু আর ইস্টার জলসার রাগারাগির সুর দুমতানা না না না দুমতানা না না না দুমতানা না না না 
non_depressive,"ইনামুল আর চাব্বিরের ব্যাটিং দেখে যতো বিরক্তি বোধ করেছি তার চেয়ে বেশি আনন্দ পাইছি রিয়াদের দুইটা ছক্কার মাইর দেখে , "
depressive,জীবনের অজানা দিক গুলোতে হারিয়ে যাওয়া অনুভুতি আমাকে সবসময় প্রেশার দেয়। অনেক দিন ধরে আমি অশান্তির মধ্যে ভুগছি।
depressive,এখন কোন হসপিটালের আসে জানান
depressive,জীবনের অতীতে আমি নিজের মনের অদৃশ্য বন্ধনে আবিষ্ট হয়ে গেছি যেটি ফিরিয়ে পেতে অসম্ভব মনে হয়।
depressive,এদের যন্ত্রণাই ইউটুবে দুকি
non_depressive,কারিগরি শিক্ষার বিকল্প নাই। জাপান সিঙ্গাপুর উন্নত হয়েছে কারিগরি শিক্ষার মাধ্যমে। বেকারত্ব দূর হবে কারিগরি শিক্ষার মাধ্যমে।
depressive,আমি ডিপ্রেশন থেকে সুইসাইড করতে গেছিলাএখন চিকিৎসা চলতেছে। আগের থেকে অনেকটা ভালো আছি আলহামদুলিল্লাহ
depressive,আমার বয়স বছর এখন আমার বার বার মাঝে মাঝে হার্ট অ্যাটাক মতো ঝামেলা হচ্ছে প্রায়। কিছুই বুঝলাম আমি ফাইজারের টিকা নিয়েছিলাম।
non_depressive,ট্রাক চালকের দোষ নাই। ভিডিওতে ক্লিয়ার আল্লাহ তদের পরিবারকে সবর শক্তি দিনআমিন।
depressive,ভাবতেই অবাক লাগে দুনিয়ার সুখ শান্তি সবাইকে ছেড়ে চলে যেতে হবে
non_depressive,আল্লাহ সবাইকে হেফাজত করুন
depressive,বার চোখ ভিজে গেলো। সত্যি অসাধারন কথা গুলো।।
non_depressive,এদের সবাইকে ফাঁসি দেয়া হোক
depressive,উন্নয়ন একমাত্র প্রবাসীদের অবদান সরকারের কাছে একটাই আবেদন প্রবাসীদেরকে সর্বোচ্চ সম্মান দেওয়া হোক
non_depressive,জুটি অনেক সুন্দর লাগে
non_depressive,মেয়েটার কোনো দুষ নাই আমার যতটা মনে হলো কথা শুনে।
depressive,অভিযুক্ত প্রধান আসামী নিজে স্বীকারে করেছে মাংস রান্না করে খেয়েছে সেটা উল্লেখ করেন
non_depressive,এগুলো নিউজ করা লাগে লিখবো বুঝতে পারছি
non_depressive,আইনের আওতায় আনা হোক
depressive,নামের সম্পর্কের চেয়ে প্রতিটা বেনামি সম্পর্ক অনেক অনেকবেশি স্পর্শকাতর হয় খুব জোরে ধাক্কা মারতে পারে পাঁজরভাঙ্গা বুকে কপি
non_depressive,"সব থেকে বাজে সময় টা হল , মাঝ পথে বাইক এর তেল ফুরায় যাওয়া । কপাল ভাল , গোপালগঞ্জ শহরের কাছা কাছি এসে তেল ফুরালো । "
non_depressive,ভারত মাতার আওয়ামী লীগ
depressive,পৃথিবীর কারো কিছু করার নেই একমাত্র আল্লাহ ছাড়া
non_depressive,বাংলাদেশের আইন কোথায় টাকার কাছে বিক্রি ক্ষমতার কাছে বিক্রি ওকে গ্রেফতার করে শাস্তি দেওয়া হোক তাহলে আমরা বুঝবো বাংলাদেশে আইন আছে
depressive,তিন সিটি করপোরেশন নির্বাচনে ব্যাপক অনিয়মে গভীর উদ্বেগ প্রকাশ সরকার ও সরকারের আজ্ঞাবহ নির্বাচন কমিশন তিনটি সিটি করপোরেশনের নির্বাচনকে ভোট ডাকাতি ও প্রহসনের নির্বাচনে পরিণত করেছে : ? 
depressive,মোদি হাসপাতালেও মোদি সার্টিফিকেট দিয়ে আমি করবো মনে চায় মরে যাই
non_depressive,কোন নাই একজনরে নেতা বানাই দিলাম। হায়রে মিডিয়া
non_depressive,এদের দুইজনের অভিনয় জাস্ট অসাধারণ
non_depressive,আমি শপথ করতেছি আমি আমার জীবদ্দশায় কোনদিন সিনেমা হলে গিয়ে কোন ছবি দেখিব অন্য কাউকে কখনো কোনদিন সিনেমা হলে গিয়ে ছবি দেখিতে উৎসাহিত করিব
non_depressive,তটিনী ইয়াস জুটি এমনি অনেক অনেক ভালো লাগে কিন্তু নাটক ভালো লাগছে বুঝাতে পারবো
non_depressive,তীব্র নিন্দা জানাচ্ছি
non_depressive,খুব সুন্দর শেষ কিছুদিন
non_depressive,হজ্জ হলো জান্নাতে প্রবেশ এবং আল্লাহর সন্তুষ্টি অর্জনের অন্যতম কারণ । নবী সাল্লাল্লাহু আলাইহি ওয়াসাল্লাম বলেছেন : মাকবুল হজের প্রতিদান একমাত্র জান্নাত । বুখারী ও মুসলিম । ইসলাম কিংডম হজ হজ্ব ইবাদত ইসলাম হাজী মুমিন মক্কা মুসলিম বদলি হজ উমরা ওমরা
depressive,আসলে নির্বাচন সুষ্ঠু সুন্দর হয়েছে ভোটারদের কষ্ট করে ভোটকেন্দ্রে যেতে হয় কান্না সারা দেশের
non_depressive,চাকরি পেলে অটো চালান কাজ সম্মান নাই বলেই বেকার
non_depressive,বাংলাদেশী সিনেমার আবার বক্স অফিস কোথায়
depressive,বিশ্বাসের মা আর শান্তির বাপ দুজনেই হাত ধরাধরি করে পালায় গেছে । 
non_depressive,মূল সমস্যা হলো অর্থ কিছু
depressive,জীবনের আনন্দের খোঁজ এখন অনেক দূরে আমরা কেন ভুলে গেছি একটি সাধারণ শান্তি এবং সন্ত্রাসবিহীনতা
non_depressive,ডোজ নেয়ার কোন ইচ্ছেই ছিলো কিন্তু নেয়ার যখন শুনলাম ইসলামে ছোয়াছে রোগ বলে কিছুনাই আল্লাহর ইচ্ছাতেই তখন টিকা নেই নাই
non_depressive,নিজের ছেলে মেয়ে বিদেশে পড়তে পাঠিয়ে আমাদের দেশের শিক্ষা খাতকে এভাবে ধংস করবেন না।
non_depressive,আমরা সাধারণ মানুষ ইচ্ছে থাকা সত্বেও নিচি টিকা
non_depressive,"জার সাথে মায়ের দোয়া থাকে তাকে কেউ হারাতে পারে না সেই জত বড় শক্তিশালী হোক না কেন ! মায়ের ভালো বাসায় জিতিয়ে দিয়েছে আরিফুল হক চোধুরীকে অভিনন্দন তোমাকে , আসল পিরের দোয়া দেখুন সিলেট বাসি এখন বুজবেন আসল নকল পির এখনো সময় আছে সঠিক পিরকে চিনে মূল্যায়ন করুন "
non_depressive,চাচাতো বোনের গায়ে হলুদে অনেক মজা করলাম
non_depressive,মুনাফিকদের কাছে ফযর ও ইশার সালাতের চাইতে কঠিন আর কিছুই নেই । রাসূল সাল্লাল্লাহু আলাইহি ওয়াসাল্লাম । হাদীস বুখারি । 
non_depressive,আলহামদুলিল্লাহ ভালো আছি
depressive,পরামর্শর বিনিময়ে টনি ব্লেয়ারকে ১ কোটি ১৮ লাখ ডলার দিয়েছে সৌদি আরব ! শয়তান কি কখন নামাজের দাওয়াত দিবে ? টনি ব্লেয়ার কি মুসলমানদেরকে ভালো পরামর্শ দিবে ! 
depressive,ভারতের আসাম থেকে ৪০ লাখ অবৈধ বিদেশি এখন কোথায় যাবে ? : 
non_depressive,অনলাইনে ছারলেও ভালো টাকা পাওয়া যেত
depressive,সত্যই তো মাত্র দুজন কে বাস চাপা দিছে ! কিছু বলার নাই আজ সিরিয়াসলি 
depressive,ভালোবাসার মানুষটি হারিয়ে গেলেই তার প্রতি ভালোবাসা বৃদ্ধি পায়
non_depressive,বাস দুস তাই বাইক থেমে ছিল তাই বাইক দুশ বাইক নিশিদ্দ করে দেন তবে সমস্যা হবেনা
depressive,পৃথিবীর সবচেয়ে সম্পদ হলো বাবা যার নেই বুঝে তার মূল্য কতো
depressive,কিসের এতো ভয় বলো যেখানে ভালোবাসা শূণ্যতার উপর দাঁড়িয়ে সেখানে তোমাকে হারানোর ভয় বোকামী শুভ সকাল
depressive,আমার হারানো স্বপ্নগুলি কতই আমাকে কষ্ট দেয় এখন তারা শুধু মনে পড়ে যেতে দেয়
depressive,আমাদের একই অবস্থা
non_depressive,এদের কঠিন শাস্তি দেওয়া হওক
non_depressive,শিরোনামঃ সাংবাদিকের বউকে পুরোটা ঢুকিয়ে দিলো যুবক।
depressive,রাস্তাঘাটে প্রচণ্ড ভয় করে । বিশ্বাস করুন আতঙ্কে থাকি প্রতিটা সেকেন্ড । আমাকে পিষে দেয়ার জন্য কখন কোন গাড়ী কোথা দিয়ে ধেয়ে আসছে কে জানে আল্লাহ হেফাজত করো । আল্লাহ হেফাজন করো । আল্লাহ হেফাজত করো 
depressive,সহপাঠী হত্যার বিচারের দাবীতে কুরমিটোলায় রাস্তা অবরোধকারী ছাত্রছাত্রীরা উন্নয়ন ও স্বাধীনতা বিরোধী । তারা রাজাকারের বাচ্চা মানবাতার বেশ্যা
depressive,আমার মনে হয় আমি কখনোই নিজের সাথে সন্তুষ্ট হবো না।
depressive,আসলে নির্বাচন সুষ্ঠু সুন্দর হয়েছে ভোটারদের কষ্ট করে ভোটকেন্দ্রে যেতে হয়
depressive,আমার বয়স বছর এখন আমার বার বার মাঝে মাঝে হার্ট অ্যাটাক মতো ঝামেলা হচ্ছে প্রায়। কিছুই বুঝলাম আমি ফাইজারের টিকা নিয়েছিলাম।
non_depressive,অসাধারণ একটা নাটক।
depressive,কারণ আমরা একলাফে চাকরি পাওয়ার সপ্ন দেখি ছোটখাট চাকরিগুল এড়িয়ে যাই ফলে মার্কেট আমাদের উপর ভরসা করতে পারে না।
depressive,কিছু অনিষ্ট মনে হচ্ছে আমি কেউ কেউ সঙ্গে যোগাযোগ করতে চাই না।হতাশা দুচিন্তা বেকারত্বের প্রধান কারণ।
non_depressive,"এ সূর্য তো প্রখর তাপ দেয়া কোনো দৃশ্যমান সূর্য নয় , এ যেন এক অস্তমিত যাওয়া কোনো এক অসহায় মানুষ এর নিরব অধঃপতন , বিবেক আর অস্তিত্বের অতিমাত্রায় স্খলন , "
non_depressive,ধন্যবাদ আপনাদের নিউজ দেখে আবেগ আপ্লূত হয়ে গেছি
non_depressive,"অপেক্ষা করুন বন্ধু মোদি কিছুদিনের মধ্যে বাংলাদেশী পরিচয় দিয়ে আসাম থেকে ১৫ , ২০ লাখ আসামের মুসলমান বাংলাদেশে উপহার পাঠাচ্ছে ! "
depressive,বাংলা দেশ উন্নয়ন দেশ মানুষ খেয়ে মরে
depressive,মানসিক শান্তি কোথায় পাওয়া যায়।
depressive,"বিভিন্ন রাজ্যে বাঙালি মার খাচ্ছে , আসামে চলছে বাঙালি খেদাও । এই নিয়ে একটি প্রতিবাদ ও আমরা দেখি না । যারা আজকে বিজেপিকে বাঙালি বিরোধী বলছে তাঁরা কি খুব ভুল বলছে ? এরপরে বাংলায় কোন মুখে বিজেপি ভোট চাইবে ? "
non_depressive,"শেষ পর্যন্ত বিজ য় হল আমাদের সিলেটের ধানের শীষ , আশা ও ধীর বিশ্বাস ছিল সিলেটের আরিফ ভাইয়ের উপর ও ধানের উপর , আন্তরিক ভাবে অভীনন্দন আপনাকে , আমরা অনেক খুশি আপনাকে আবার মেয়র হিসেবে পেয়ে "
non_depressive,জাতীয় বিশ্ববিদ্যালয়ে  সালে ভর্তিকৃত শিক্ষার্থী বছরের কোর্স শেষ করতে  সালে রেগুলার পাশের পরেও। তাহলেই বুঝেন কর্তৃপক্ষ কতটা সচেতন
depressive,বিয়ে জানার জন্য বিজ্ঞানী বিয়ে করেছিল এখন সেই বিজ্ঞানী ভুলে গেছে বিজ্ঞান
non_depressive,হামদু লিল্লাহ। এইভাবে মানুষ সিনেমা বর্জন করলে দেশ থেকে দাজ্জাল একদিন ধবংস হয়ে যাবে।
depressive,হৃদয়ের গভীর স্থানে একেবারে অগ্নিকে ভাসতে পারি না।
depressive,আল্লাহ এদের হেদায়েত করুন জুমার দিন মসজিদেও এসব প্যান্ট পরে আসতে এদের লজ্জা করেনা
non_depressive,এটা সম্ভব বাংলাদেশের মাটিতে আমার প্রশ্ন তাহলে টিচার এবং ছাত্র ছাত্রী সারা বছরে ঘুম পেরেছে ইস্কুলে গুড মানোনিয় শিক্ষা মন্ত্রী
depressive,যে সমস্ত সম্মানি বাঙালীগন গতকালকে বাংলাদেশের জয়ে খা কির পুতের মতো লুংগি তুইল্লা চিল্লাইছেন আর আজকা ? দেশপ্রেমের মারে বাপ কইয়া ছাড়তাছেন । তাদেরকে বলতে চাই আপনার মতো সাপোর্টার দরকার নাই আমরা এখনো হারি নাই । সিরিজ ১ ১ সমতা হারলেও বাংলাদেশ জিতলেও বাংলাদেশ ভালোবাসা অবিরাম 
non_depressive,উন্নয়ন উন্নয়ন উন্নয়ন উন্নয়ন
depressive,যুগ পাল্টাইছে কিন্তু মানুষের নষ্ট ধেনধারনা পরিবর্তন হয়নি খুব দুঃখ জনক নিয়ে দিয়ে ভালো প্রমানের চেষ্টা করলো আমরা অভিনন্দিত হলাম বাহ
non_depressive,আসসালামুয়ালাইকুম কেমন আছেন
depressive,নতুন করে দেবে।কিন্তু বাবার সৃতি ভেঙে ফেললো।
non_depressive,আল্লাহ তাকে তুমি সুস্থতা দান করেন
non_depressive,"কিছু কিছু মেয়ে চাঁদের মত এদের নিজস্ব কোন আলো নেই , মেকআপ এর আলোয় এরা আলোকিত হয় ! "
non_depressive,Fake Rain মিলে নাই কিছু। শুধু অভিনয় ভাল হয়েছে। গ্রামীণফোন এটার Sponsor এসিআই Sponsor গল্পটি সুন্দর। দুই জনের অভিনয় খুব ভালো হয়েছে।
non_depressive,অবৈধ টাকা যাদের আছে এবং খরচ করার জায়গা নেই তারা ঠিকই যাবে মালিক পক্ষ এটা ঠিকই জানে
depressive,লজ্জাবতী গাছ লজ্জাবতী নারী দুটাই বিলুপ্ত
depressive,বৃষ্টি হয়ে লাভ যদি কাছে একটা থাকে
non_depressive,আইন হুজুর দের জন্য বাকিরা জান্নাতি৷
non_depressive,গরম নিয়ে বেশি নিউজ করার কোন মনে হয় না আরও অনেক গুরুত্বপুর্ন নিউজ আছে এখন গরম এটা সবাই জানে
depressive,বালিকার জন্য গেছিলাম ফ্রান্সের বিখ্যাত ভালোবাসার সেতুতে তালা ঝুলাইতে ভাগ্যের নির্মম পরিহাস সেখানে তালা ঝুলানোই নিষেধ করে দিছে
depressive,আগে বারতো তবে এখন কেনো বারে এটা সরকার দেখবে না।তেলের দাম বারর সাতেসাতে জিনিসেরি দাম বারল এটা
depressive,ভালোবাসা সময় রূপ দিয়ে হয়না এগুলো তারই প্রমাণ এসিড দগ্ধ মেয়েটি
depressive,"আমার একদিন প্রচুর টাকা হবে , কয়েকশ প্রেম কিনবো দু , চারটে প্রেমিকা বন্ধুদের গিফট করবো শুভ রাত্রি ওসমান গনি "
depressive,কখনো নাটক দেখে কমেন্ট করিনি কিন্তু নাটকটি দেখে কমেন্ট করে পারলাম অসাধারণ একটি নাটক কখন চোখের কোণ দিয়ে পানি পড়ে গেল বুঝতে পারলাম
non_depressive,কর্মকাণ্ড বাঙালী বাংলাদেশেই সম্ভব
depressive,এটাও নিউজ আসল রুচির দুরভিক্ষ নিউজ চ্যানেলের।
depressive,আরও ক্রিকেটে করুন বেকারত্ব দূর করে
depressive,কিন্তু আমরা পুরাতন কারিকুলাম পড়ছি তাহলে পরীক্ষা কিভাবে নতুন কারিকুলামে দিব
non_depressive,সারাদেশে সেম গঠনা হচ্ছে
depressive,মশার কষ্ট
depressive,মাননীয়া মুখ্যমন্ত্রীর দলের তৈরি বোমাও এখন বাংলার শিল্প সার্টিফিকেট দিয়ে আমি করবো মনে চায় মরে যাই
non_depressive,উন্নয়ন উন্নয়ন উন্নয়ন
depressive,আমৃত্যু মানুষকে ঠুকে ঠুকে শেষ করে দেয়ার জন্য যথেষ্ট ডিপ্রেশন
non_depressive,আলহামদুলিল্লাহ টিকা ছাড়াই ভালো আছি
depressive,"বিবর্ণ হয়ে পরে থাকা , মৃতদেহ খানিও লাশ নামের । তার গুপ্ত নিঃশ্বাসে ; কতো সুপ্ত প্রেমের কথা ঝড়ে গেছে শায়ান্নে । "
non_depressive,হাফসাতুন্নেসা মেডিকেল টার্মিনোলজির উচ্চারণ রিপোর্ট করার আগে জেনে নেবেন। অথবা একজন চিকিৎসক কাছ থেকে। কঠিন কিছু না।
non_depressive,নামাজ আদায় করুন আল্লাহ কাছে সাহায্য চান অবশ্যই সুফল পাব ইনশাআল্লাহ
non_depressive,আল্লাহ সমস্ত আজব চিকিৎসা থেকে আমাদের সবাইকে হেফাজত করুন আমিন
depressive,বড় লোকেরা আরও বড় লোক গরিবরা আরও গরিব হচ্ছে
depressive,আমি সময় অনুভব করি আমি অবশ্যই অন্যের হতে হবে।হতাশা দুচিন্তা বেকারত্বের প্রধান কারণ।
non_depressive,অসাধারণ একটি নাটক উপহার দেওয়ার জন্য পরিচালককে অনেক ধন্যবাদ
non_depressive,ঘটনার সঙ্গে জড়িত ব্যক্তিদের যেন আইনের আইনের সর্বোচ্চ সাজা প্রদান করা হয় এটাই আমাদের একমাত্র চাওয়া
depressive,আমি এমন একটা যায়গাই আসছি ডিপ্রেশন আমাকে শেষ করে দিতেছে আমার কাছে কেনো জানি মনে মৃত্যুটা৷ আসুক পারছি ভালো লাগে ডিপ্রেশন।
depressive,চারিদিকে শুনি উন্নয়ন উন্নয়ন তাহলে জোর করে সিল মারার প্রয়োজন কান্না সারা দেশের
non_depressive,"আগামী কাল ৩০ তারিখ সিলেটের সিটি নির্বাচন সকলের দোয়া ও সহযোগীতা কামনা , আল্লাহ যে যোবায়ের ভাইকে সিলেটের খাদেম বানিয়ে দেন আমিন । "
depressive,তাকে পাওয়ার আকাশ পরিমান ইচ্ছে ছিলসে আমার হয়নি তাই হয়ত ভালবাসা আজীবন রয়ে যাবে
non_depressive,চট্টগ্রামের রাউজান রাজাকার সালাউদ্দিন কাদেরর ভাই গিয়াসউদ্দিন কাদেরর ছেলের ফারনাজ আলম।
depressive,"পরিবারের মেধাবী সন্তানকে সেরা স্কুলে পাঠাই , আর অমনোযোগী সন্তানকে পাঠাই মাদ্রাসায় ! তারুণ্য যৌবনে নিজের সৌন্দর্য্য প্রকাশ করি , আনন্দ উল্লাসে কাটাই ; আর বৃদ্ধ বয়সে পর্দা করি , ইবাদতে মশগুল হই ! আল্লাহ আমাদের কাছে সেরাটাই চান , যেমনটা ইব্রাহিম আ এর কাছে চেয়েছিলেন । অথচ আমরা কি দিচ্ছি ! "
depressive,এমন কষ্টের নাটক ঈদের সময় দেয় কেমনে মানে খুশি। নাটক দেখে কষ্ট পেলাম।
depressive,"কিছু করার নাই , আওমীলীগের পুরান অভ্যাস চারতে পারে না , বাবা মেয়ে করছে এখন যদি নেতারা না করে দলে বদনাম হবে কয়লা যদি বাতাসের সাথে উরে যাইতে পারে ভোট তেমন গঠনা না"
non_depressive,বর্তমানে আমার লাইফের সাথে কথা গুলো মিলে গেলো ℅
non_depressive,"সৃষ্টিকর্তা আমাদের ইচ্ছে পূরণ করলে আমরা খুব খুশি হই কিন্তু তারচেয়ে দ্বিগুণ খুশি হওয়া উচিৎ যদি ইচ্ছে পূরণ না হয় ! কারণ প্রথমটি ছিলো আমাদের ইচ্ছা , দ্বিতীয়টি সৃষ্টিকর্তার ইচ্ছা ! "
depressive,চুরির সাথে মনে হচ্ছে তাদের যৌবনেও হাত দিয়েছে বুঝিএদের কঠিন বিচার করা হোক।
depressive,বাঙালি তোদের ছেড়ে দেবে ভেবেছিস বাংলাপক্ষ জয়বাংলা
depressive,আমি সময় অনুমান করি কেউ আমাকে ভালোবাসে এবং আমি হারিয়ে যাচ্ছি।হতাশা দুচিন্তা বেকারত্বের প্রধান কারণ।
non_depressive,নিজের দ্বিতীয় ছবিতেই প্রমাণ করে দিলেন সিনেমা মাধ্যমটি তাঁর জবরদস্ত দখলে । ছবিতে প্রজাপতির বাহারি রং আছে । সেই রং দেখার জন্য অবশ্যই আপনাকে একবার হলমুখো হতে হবে । ! : 
non_depressive,ভাই মাত্র ঢাবি থেকে কনসার্ট দেখে আসলামকপাল ভালো গেট খোলে দিছে
depressive,"মেয়ে তুমি নিজে ইন্টার ফেল , বিয়ের জন্য পাত্র খুঁজছো ডাক্তার ইঞ্জিনিয়ার তোমার ভাব দেখে মনে হচ্ছে তুমি টিনের ঘরে টাইলস লাগাইবা"
depressive,গরীবের বাদশা র সাথে কিংবদন্তি মাহফুজুর বহমান । টিএসসি চুমাচুমির ঘটনার তীব্র প্রতিবাদ জানিয়ে গান গাচ্ছেন ওস্তাদ মাহফুজুর বহমান পরোটা বাবা 
non_depressive,পড়াশোনা শেষ এটা কেমন হলো লেখাপড়ার কোন শেষ আছে বিদ্যা অর্জনের কোন শেষ আছে
non_depressive,টাকা আমাদের কাছে দিলেও কয়টা গাছ লাগাইতাম
depressive,কিছু করার নাই সরকারি চাকরি ছাড়া বিয়া হবে
non_depressive,হবু বর বিয়ের পর আমি যখন শাড়ী পরবো তখন কিন্তু আমার শাড়ীর কুচি আর আঁচল ধরে দিতে হবে 
non_depressive,নিউজ মিডিয়া তাখলে এরা করতো মাত্র আল্লাহ ভালো জানেন অনেক ধন্যবাদ সাংবাদিক ভাই দের আপনাদের জন্নে কিছু মানুষ রক্ষা পায়
non_depressive,নতুন নাটক নাকি কবে আপলোড হবে
depressive,আমরাতো বিলাসি জীবন যাপন করতে চায় দুবেলা দুমুঠো খেয়ে পরে বেচে থাকতে চায় কিন্তুু হচ্ছে বেচে থাকা মুশকিল সুখে আছি।
non_depressive,বাংলাদেশ ইসলাম পূর্ব বর্বর লাহাব জাহেলদের অনুসারীদের আশকারা দিচ্ছে সুতরাং এমন ঘটনায় অবাক হওয়ার কিছু নেই।
depressive,ইয়াস ভাইয়া আপু আপনাদের অভিনয়ে আমার একটা স্মৃতি মনে পড়ে গেলো
depressive,ডিপ্রেশনে মাঝে মাঝে চায় দুনিয়া থেকে বিদায় নিয়ে যাই
depressive,আমি সময় অনুমান করি আমি অত্যন্ত অস্থির।আমি সময় অনুমান করি আমি যেটা প্রয়োজন তাতে আমি সেটা করতে পারবো
non_depressive,আল্লাহর উপর ভরসা রাখুন নামাজ পরুন কিছু ঠিক হয়ে যাবে ইনশাআল্লাহ সর্বশেষ
non_depressive,এটা নিয়েও নিউজ করতে হবে।
depressive,আমার বেচে থাকলে। আমি কবেই চলে যেতাম
depressive,যখন জনগণ খায় পাকানোর দরকার ছিল ভালো বাবুর্চি দরকার হলে চুলায় পানি বসায়
depressive,জুম্মা মোবারক । নামাজের পর একটা সেল্পি । সবাই লাইক কমান্ড কলেন 
non_depressive,প্রত্যেক মানুষই নিজেকে জীবনের কোনো না কোনো সময় নিঃসঙ্গ মনে করে । ভিক্টর হুগো 
depressive,খুব দ্রুত গতিতে বাইক চালানো ছেলেটা খুব সাবধানে হূইল চেয়ার চালায় পরোটা বাবা
non_depressive,তিরিং বিড়িং সাইকেল চালাই।
non_depressive,একমাত্র সৎ ব্যক্তিরাই অন্যকে কঠোরভাবে তিরস্কার করতে পারে । জর্জ ম্যারাডিথ । 
depressive,অথচ এইগুলা নিয়ে আমাদের সমাজের মানুষ হাসি ঠাট্টা করে। বেশির ভাগ ক্ষেত্রে দেখা যায় সমাজের মানুষের জন্যই মানুষ আত্যহত্যা বেছে নেই
depressive,দেশে কোনো লাভ প্রজেক্টের সিনেমা হবেওনা
non_depressive,ভুড়ি ভোজ করতেছে আর বাম হাত দিয়ে পানি খাইতেছে এই ভন্ডকে চিনতে পারছেন এই শয়তান ইসলামী ফাউন্ডেশনের চেয়ারম্যান শামীম আফজাল মূর্খ ভন্ড এই শয়তান পাবলিক টয়লেট পরিচালক হওয়ার যোগ্য নয় অথচ তাকে ইসলামী ফাউন্ডেশনের মহাপরিচালক বানানো হলো 
non_depressive,সবাই চাকরি করলে চাকরি দিবে
non_depressive,ইয়াসের নিখুঁত অভিনয় আসলে কেরে নেয়
non_depressive,সবথেকে বড় যুদ্ধ হলো নিজের মনের সাথে যুদ্ধ আবেগ
non_depressive,"কেউ আপনার সাথে সদাচারণ করলে তার জন্য দো আ আল্লাহ আপনাকে উত্তম বিনিময় দান করুন । জাযা কাল্লা হু খাইরান তিরমিযী , হাদিস নং ২০৩৫ । আরও দেখুন , সহীহুল জামে ৬২৪৪ ; সহীহুত তিরমিযী , ২ ২০০ । "
depressive,বাংলাদেশের সুন্দর রাস্তা ঘাট করেছে তার উপর দিয়ে হাটলে খুধা লাগবেনা তাই কোন পন্যের দাম বাড়লেও কিছু যায় আসেনা
depressive,"হুরেরেরেরেরেরেরেরেরেরেরে অবশেষে সিলেট , বরিশাল ও রাজশাহীতে বিপুল ভোটে আওয়ামী সমর্থীত জালিয়তির মেয়র প্রার্থীরা বিজয়ী হয়ে গেছে ঝৈ বাংলা সার্কাস সামলা "
non_depressive,কোনো টিকা দেই নাই আল্লাহ তালা ভালো রেখেছেন আলহামদুলিল্লাহ
depressive,"ঘুম নেই কেন , খুঁতায় হারিয়ে গেল । মনের অগুরে । "
depressive,আম্মু বলে আজকে বার আমি বলি দিলবার দিলবার সার্টিফিকেট দিয়ে আমি করবো মনে চায় মরে যাই
non_depressive,আমি এখনো একটি ডোজ নেই নাই আলহামদুলিল্লাহ ভালো আছি
depressive,"আজব দেশকা গজব কাহিনী রাস্তার মাজখানে কারেন্টের খাম্বা ইঞ্জিনিয়ারকে নোবেল দেওয়া হোক চট্টগ্রাম শহরেও অনেক জায়গায় ছিলো , তা এখন পরিবর্তন করতেছে "
non_depressive,রহান ভাই নাটক আমার মোতো কার ভালো লাগে
non_depressive,শিক্ষার্থীদের চাপা দেওয়া বাসটি নৌমন্ত্রীর শ্যালকের 
non_depressive,শেষ ম্যাচে ওয়েস্ট ইন্ডিজকে জয়ের জন্য ৩০২ রানের টার্গেট দিয়েছে শক্তিশালী বাংলাদেশ দল । চমৎকার খেলেছে দামাল ছেলেরা শুভকামনা টাইগার 
non_depressive,ওদের জন্য এদেশে আলাদা নিয়ম।
depressive,ভুড়ি ভোজ করতেছে আর বাম হাত দিয়ে পানি খাইতেছে এই ভন্ডকে চিনতে পারছেন এই শয়তান ইসলামী ফাউন্ডেশনের চেয়ারম্যান শামীম আফজাল মূর্খ ভন্ড এই শয়তান পাবলিক টয়লেট পরিচালক হওয়ার যোগ্য নয় অথচ তাকে ইসলামী ফাউন্ডেশনের মহাপরিচালক বানানো হলো 
non_depressive,রাজকুমারের সাথে ডেড বডি মুক্তি দিলে ডেড বডির দাফন সম্পন্ন হতো।
depressive,সবাই দেখে বাড়ির পাশের মানুষ ভালো আছে মনে বাট বাড়ির পাশের মানুষ কেমন আছে বাড়ির পাশের মানুষ যানে
depressive,দাত মাইজা লক্ষ হাজার মেক্টিকটন কয়লা শেষ করছত জন্যে তোর দাত সুন্দর
depressive,জুম্মা মোবারক নামাজের একটা সেল্পি সবাই লাইক কমান্ড কলেন
non_depressive,পাকিস্তানের শাহবাগ শরীফ একদম সঠিক কথা বলছেন ইনশাআল্লাহ বাংলাদেশের উন্নয়ন আস্তে আস্তে আরো বেড়ে যাবে।
non_depressive,বাংলাদেশের শিক্ষা ব্যবস্থাকে ঢেলে সাজানো উচিৎ। এছাড়া কারিগরি শিক্ষাকে প্রাধান্য দিতে হবে এবং সাবজেক্ট অনুযায়ী ক্যারিয়ার গড়া উচিৎ।
non_depressive,আমি আল্লাহর উপর ভরসা রেখেছিলাম তাই Covid অথবা করোনা ভাইরাসের টিকা নেই
depressive,হাড্ডি কখনো গোস্ত হয় না উপজাতি কখনো দোস্ত হয়
non_depressive,সবারই বুকের খাঁচায় কিছু কষ্ট থাকে নির্বাসিত আমৃত্যু রাখে জাগায় কখনোই হয় না প্রকাশিত ! 
depressive,অবশ্যই আমার জীবনের কোন গুরুত্বপূর্ণ কাজ আছে না। আমি শূন্যের মধ্যে পড়ে গিয়েছি।
non_depressive,কোন রাকিব হাসান ওইযে টয়লেটে ভিতরে ভিডিও বানায় অইটা
non_depressive,বক্স অফিসটা কোথায় অবস্থিত
depressive,"বেশিরভাগ রাজনীতিবিদ জনগণ বিচ্ছিন্ন , অথচ এই রাজনীতি নাকি জনগণের জন্য ! তাঁরা ফুরালে মেয়াদি ক্ষণ জনগণের দ্বারে নামে , করে প্রতিশ্রুতির আলিঙ্গন ভোট , ভোটারের দামে ! তারপর ঠেলেঠুলে জনগণ ক্ষমতা মসনদে উঠায় , সেই ক্ষমতায় আচ্ছন্ন ক্ষণ তাঁরা নীচে না তাকায় ! "
depressive,সিন্ডিকেট কিছুর মধ্যে সাধারণ মানুষের কষ্টের দার দারেনা সরকার দুই একটা ছোট খাটো জরিমানা শুধু wash
non_depressive,জীবনটা আসলে কোনো কিছু পাওয়ার এবং থাকার জন্যে নয় বরং এটা হল বিলিয়ে দেয়ার জন্যে ! 
non_depressive,আল্লাহ তুমি আমাদের সবাইকে মাফ করে দাও
non_depressive,সময় এসেও সংস্কার টিকে আছে দেখেই অবাক
non_depressive,রাজধানীর যোগাযোগব্যবস্থার উন্নয়নে এবং যানজট নিরসন ঢাকাকে ঘিরে একটি এলিভেটেড রিং রোড নির্মাণের পরিকল্পনা জানিয়েছেন প্রধানমন্ত্রী শেখ হাসিনা । পরিকল্পনা গুলি দেখে তো আনন্দিত হলেও দুর্নীতি গুলি মানুষকে বিচলিত করে । 
depressive,সরকার চোখে এসব পড়ে নিউজ উনি চাইলে দলে ভালো কিছু করার নির্দেশ দিতে পারেন
non_depressive,দুই বাসচালক ও দুই সহকারী গ্রেপ্তার : 
depressive,হেটার্স বেড়ছে সাথে ব্লক লিস্ট টাও লম্বা হচ্ছে ফ্রি থাকছে সম্মান দিলে সম্মান পাবে লাইক দিলে লাইক পাবে দুইটার মধ্যে কোনো পার্থক্য নাই টুইটার
non_depressive,কেউ উন্নত দেউলিয়া কেউ বোঝায় দেউলিয়া
depressive,নাটকটা দেখে মনে হলো। আল্লাহ যদি দিতৃীয় বার সুযোগ দিতো। আমি মানুষটাকে চাইতাম। যেটা আমার আল্লাহ ছাড়া কেউ যানে না।
non_depressive,আগুনে জ্বলসে যাওয়া শরীরে ভয় নেই ভিতরে আছে কোমল অক্ষত হৃদপিণ্ড । 
non_depressive,আলহামদুলিল্লাহ মাত্র ভিডিও আপলোড করে হাজার সাবস্ক্রাইব হলো।আপনাদেরকে অসংখ্য ধন্যবাদ
depressive,বিষন্নতা হলে প্রিয় মিউজিক শুনুন। কিছু বিষন্নতা কমে এবং নিজের পরিষ্কার করুন গুলো বৈজ্ঞানিক প্রমাণিত
non_depressive,প্রথম টিকা নিয়ে এরপর নিইনি৷ আলহামদুলিল্লাহ সুস্থ আছি। জানতাম এসবকিছুই একটা তামাশা ছাড়া কিছু না।
non_depressive,আমার অর্ধেক জীবন যাচ্ছে মিডিয়া সাংবাদিকদের গালি দিতে দিতে
depressive,স্বার্থক জন্ম মা গো জন্মেছি এই দেশে গাড়ীর চাপায় মানুষ মারে মন্ত্রী সাহেব হাসে 
non_depressive,ধন্যবাদ বাংলাদেশের ছাত্র ভাই দের।
non_depressive,আগে জানলে আমিও কিছু টাকা রেখে আসতাম বক্সে
non_depressive,খোদা আপনে আমাদেরকে হেফাজতে রাখেন
non_depressive,এতো দিন পরে কোন নিউজ দেখালো
depressive,ডুবে যাচ্ছে বাংলাদেশ টেনে তুলতে দরকার বিবেকবান কিছু মানুষ । 
non_depressive,আল্লাহ তাকে জান্নাতুল ফেরদৌস নসিব করুন আমিন
depressive,অসাধারণ বললেও হয়ে যায় চোখ ভিজে ছুয়ে যাওয়া অনুভূতি বোঝাতে চাইলেও বোঝাতে অপারগ
non_depressive,"কাল কিয়ামতের ময়দানে সর্ব প্রথম নামাযের হিসাব নেওয়া হবে , যে ব্যক্তির নামায ঠিক পাওয়া যাবে সে ব্যক্তির বাকি সকল আমল সঠিক বলে গণ্য করা হবে বিশ্বনবী হযরত মোহাম্মদ সা : "
non_depressive,লজ্জার কিছু নাই ভাই বাংলাদেশ হচ্ছে তলা বিহিন জুড়ি জাইগাই ভেজাল
depressive,ঘুষ ছাড়া চাকরি পাবে কিভাবে
depressive,সিপিএমের অতি শিক্ষিত হার্মাদরা এটাও জানে বিষ্ণুমাতা মহালক্ষ্মীর আরেকটা নাম শহিদ শহীদ নিয়ে পারল এবার এটা নিয়ে পড়েছে
non_depressive,মহান আল্লাহ তাআলা শীঘ্রই সবার কষ্ট দূর করেন
non_depressive,তোমার কঠিন শাস্তি হউক।
depressive,বালিকার জন্য গেছিলাম ফ্রান্সের বিখ্যাত ভালোবাসার সেতুতে তালা ঝুলাইতে ভাগ্যের নির্মম পরিহাস সেখানে তালা ঝুলানোই নিষেধ করে দিছে
depressive,", শান্ত বুকের তপ্তক্ষুনে শক্তমাটি রক্তলাল , মজলুমানের আর্তনাদে , আরশে আজিম কম্পমান ! মানবতা আজ দূর্বিপাকে , আবাসভুমি ঘোর শ্মশান ! "
non_depressive,এইসব মানুষদের বিচারের আওতায় আনা উচিত
depressive,"ইরা আম্মু , বাংলা লেখা এতো কঠিন কেনো ? আমি আমাদের দেশ অনেক কষ্টে স্বাধীনতা পেয়েছে তো তাই । ইরা তাহলে চলো আমরা ইংরেজির দেশে চলে যাই । আমি নিশ্চুপ"
non_depressive,আলহামদুলিল্লাহ ভালো আছি টিকা নেয়ার পরো মহান আল্লাহ সবাইকে সুস্থ রাখবেন ইংশা আল্লাহ
non_depressive,এমন নির্মম ঘটনা ঘটেছে আমাদের সাথেও গাইবান্ধায় এদেশে এগুলার কোনো বিচার হয়না
depressive,মূল্যবোধের অবক্ষয় রোধে শিক্ষা ব্যর্থ কেন মুহাম্মদ রেজাউল করিম
depressive,"বাসের তলায় পিষছে মানুষ , হাসছে নরপিশাচ ! তিন তিনটা লাশ পরেছে খা কির পোলা আর কত লাশ চাস ? বিচার চাই পপাই"
depressive,নাটকটা ইয়াশ তটিনীর সবচেয়ে সুন্দর একটা নাটক ছিলো এটার ভালো মুহুর্তগুলো সবাইকে হাঁসিয়েছে কষ্টের মুহুর্তগুলো সবাইকে কাঁদিয়েছে
non_depressive,"আলাউদ্দিন রোড , নাজিরাবাজার"
depressive,তোমাকে নয়ন ভরে দেখলেও ফুরোবে দিনতবুও থেকে থেকে যেও শেষ কিছুদিন। ইতিতোমার
non_depressive,বিচারে আওতায় আনা উচিত
depressive,একটা চোখ ঢেকে রাখা আরেক চোখে স্পর্ধা পুড়েই গেলো এবার বুঝি ভালোবাসার পর্দা
non_depressive,ছেলের বাবার বিচার করা ওছিত
depressive,যার সাথে মনের মিল নেই
non_depressive,বন্ধুর অভিনয় করে বন্ধুকে এমন ভাবে মারলতাকে উপযুক্ত শাস্তি দেওয়া হোক
depressive,বেকারত্বের পেছনে দেশের শিক্ষাব্যবস্থা দায়ী
depressive,আমার মনে হয় আমি অবাক অবস্থানে রয়েছি নিরাপদ নয়।অনেক দিন ধরে আমি অশান্তির মধ্যে ভুগছি।
non_depressive,এক চিমটি হাসি প্রয়োজন
depressive,নাগরিকের তালিকা অশান্ত হয়ে উঠতে পারে আসাম
non_depressive,ওরা মোট জনসংখ্যার  না। সেখানে বলাটা অনেক বেশি
depressive,মামা তার ভাগিনা বউকে পেটায়
depressive,একদিন সব ঠিক হয়ে যাবে কবে আসবে সেই একদিন ? ওপাশ থেকে নীরবতা ছাড়া কিছুই শুনিনা । কারণ সেই একদিন কখনো আসবেনা । একদিন কখনো আসেনা 
non_depressive,এটা একটা অত্যন্ত প্রাচীন চিকিৎসা পদ্ধতি। চাপে রাখা একটা নরমাল পদ্ধতি। বর্তমান সময়ে যেমন প্লাস্টার করা হয় এটাও তেমন একটা পদ্ধতি।
non_depressive,নিউজে মিউজিক কেন দিছে। ফালতু্
non_depressive,এই পৃথিবীতে সবচেয়ে সুন্দর ও সৌভাগ্যময় মূহুর্ত গুলোর একটি হল সিজদাহ 
depressive,আমার মতো কেও আছো গান পতি রাত শুনতে
depressive,সিলেটে পুলিশ ও মেজিস্ট্রেটের উপস্থিতিতে কেন্দ্র দখল করে নেয় ছাত্রলীগের জঙ্গীরা । এই সময় মেয়র প্রার্থী আরিফুল হক সেখানে উপস্থিত হলে তার উপর ছাত্রলীগের জঙ্গীরা হামলা চালায় । পুলিশ এই সময় ভিডিও করতে বাঁধা দেয় । পুলিশের : 
non_depressive,এদের কঠিন শাস্তি দাবি জানাচ্ছি
depressive,ধর্মকে পুঁজি করে রাজনীতি
depressive,মাঝে মাঝে নিজেকে খুব অসহায় মনে হয় একা একা লাগে মনে হয় পৃথিবীতে আমার কেউ নেই
depressive,টিভি এতো নিম্ম মানের নিউজ করবে আশা করি নাই।
non_depressive,সত্যিকারের সাংবাদিকতা যাকে বলে।
depressive,আয় বিজেপি দেখে দেখবি জ্বলবি
depressive,বর্তমান দেশের পরিস্থিত বাদী বিবাদীর টানা হেঁচড়ায় আইনজীবীদের চুষে খাওয়ার ধান্দা বেড়েছে
depressive,আমি রাজ্যে দুঃখ নাই সুখ খুজতে গেলে হারিয়ে যাই কষ্টের শহরে
non_depressive,পাকিস্তান থেকে কেটা শোনে
depressive,আমি বেশিদিন বাচবো ভাই
depressive,টাকা থাকলে শান্তিতে মরাও যায় ভাই। এটাই সত্যি আমার মনের ভিতর একটি অবিরাম বিরক্তি রয়েছে
non_depressive,নিউজ কারা লাগে আপনাগো
depressive,ওমা এটা শুনে বুকে ব্যথা করে উঠলো
non_depressive,ভারতে কোটি বাংলাদেশী মুসলিম অনুপ্রবেশকারী দের ফেরত পাঠানো হবে
non_depressive,মাস নিউজ করলেন দরকার ছিল ভাই
depressive,ওইদিকে নিউজ দেখেই বিষন্নতায় পড়ে যাওয়া আমি
depressive,হাড্ডি গোস্ত উপজাতি দোস্ত
depressive,তোর সবই বেপরোয়া বিষে মিশে যাবে শূন্য বুকে হাওয়া তোকে ফিরে পাবে সার্টিফিকেট দিয়ে আমি করবো মনে চায় মরে যাই
depressive,দুই দেশেরই অবস্থা খারাপ
depressive,আমি জানি আমার জীবনের সমস্যার সামনে অবস্থা হলে আমি কীভাবে সম্মুখীন হতে পারবো না।
depressive,আপু আমি সৌদি প্রবাসী আমি রোগের রোগী
non_depressive,ছবির নাম আজই প্রথম শুনলাম
non_depressive,সাংবাদিকদের নিউজের এতই অভাব
depressive,আসলে নির্বাচন সুষ্ঠু সুন্দর হয়েছে ভোটারদের কষ্ট করে ভোটকেন্দ্রে যেতে হয় না 
depressive,ডিপ্রেশনে আক্রান্ত একজন ব্যাক্তিই জানে জীবন্তলাশ কাকে বলে
non_depressive,বাংলাদেশের টাকা দিয়ে ভারতের ঘাটতি পুরণ হচ্ছে
depressive,সালে গবেষণা শুরুর অবশেষে পানির অস্তিত্বের ব্যাপারে অনেকটাই নিশ্চিত বিজ্ঞানীরা এবার তবে প্রাণের অস্তিত্ব মিলবে
depressive,আমার জীবন অনেকটা স্বাধীনতার অভাবে ভরা। এখনও আমি কোন পথে যেতে চাই ঠিক করতে পারছি না।
depressive,আমি জানি আমার জীবনের সমস্যার সামনে অবস্থা হলে আমি কীভাবে সম্মুখীন হতে পারবো না।অনেক দিন ধরে আমি অশান্তির মধ্যে ভুগছি।
depressive,আমি সময় অনুমান করি আমি কিছুই নিয়ে করতে পারি না।
non_depressive,জেনে জেনে কথা বলবেন এখানে রাকিবের ফেমেলির কেও ছিল এখানে অন্তরার বোনেরা ছিলা তাই এখানে টিম রাকিব হোসেনের দোষ নেই
depressive,নিকোটিনের ধোয়ায় সময় কাটে রাতে । রাতটা আমার জন্য দিন আর দিনটা রাত । 
depressive,গুলোর ফাঁসি চাই আমরা
depressive,দেশে ডাক্তার আছে আছে কসাই। হলে দেশের মানুষ কেন ভারতে যেতে হয়।
non_depressive,চড়ুইপাখি 
non_depressive,আল্লাহ্ বাছাইছে ভাগ্যিস ডোজ নিছিলাম।
depressive,আমি আমার নিজের মধ্যে একটি অদৃশ্য অনুভূতি অনুভব করতে পারছি আমাকে অনিশ্চয় করে রাখে।
depressive,যারা এতদিন বিজ্ঞাপন দিছেন ! আওয়ামীলীগ আর বিএনপি কিন্তু আপনাদের এই পার্সেন্টের হিসাব ছাড়িয়ে সিলেট সিটি নির্বাচনে জামাতিরা জয়ের বেপারে আশাবাদী এখন প্রশ্ন হলো জামাত কোন পার্সেন্টের উপর ভর করে জয়ী হবে ? বিজ্ঞাপন ওয়ালারা কই গেলেন ? নাকি
non_depressive,গুলিবিদ্ধ ফাহাদ আহমদকে হাসপাতালে দেখতে মেয়র প্রার্থী এড এহসানুল মাহবুব জুবায়ের । 
non_depressive,কারিগরি শিক্ষাপ্রতিষ্ঠান বেশি বেশি করতে হবে।
depressive,টিউমার নিয়া লাইফ ত্যানা ত্যানা হয়ে গেল।
non_depressive,রাজধানীর বিমানবন্দর সড়কে বাসের ধাক্কায় শিক্ষার্থী নিহত হওয়ার ঘটনার পর পরই উত্তেজিত জনতা বেশ কয়েকটি গাড়ি ভাঙচুর করেছে : 
depressive,"এজেন্টদের বের করে দেওয়া হচ্ছে , অভিযোগ সরোয়ারের : "
depressive,আমাদের জীবন একটি অনন্ত দুঃখের বাস্তবতা। সুখের গল্পের আওয়াজ একসাথে সাহস করা অকারণ এবং কষ্টকর।
depressive,ঢেউলিয়া হয়ে গেলোনি আবার
depressive,আমার ধারণা সত্য হলোআমার হার্ট সময় জ্বালা করে।অনেক ডাক্তার দেখালাম রোগ ধরতে পারছে না।
depressive,উন্নয়ন কখনো সাধারন মানুষের খুব উপকার নাএসবের লাভ ব্যবসায়ী ধনী মানুষজনই পায়
non_depressive,জীবনের শ্রেষ্ট শিক্ষক
depressive,বাস চাপায় ৬ জন ছাত্রের মর্মান্তিক মৃত্যুর পরও নির্লজ্জের হাসি শাজাহান খানের মুখে 
depressive,আহারে আমার বাংলাদেশ। সামান্য একটা বিষয় নিয়ে নিউজ হটনিউজ বানিয়ে ফেললেন।
non_depressive,তোমাকে মনে পড়বে যখনিই জ্যোস্না হাসে তোমাকে মনে পড়বে যখনিই আকাশ ভেঙ্গে বর্ষা কাঁদে পাগল
non_depressive,আল্লাহ আমাকে বাঁচিয়েছেন আমি একটি টিকা নিয়েছিলাম
depressive,বাংলাদেশের শিক্ষা বেবস্থা জঘন্য। কারিগরি শিক্ষাপ্রতিষ্ঠান আরও জোরদার করতে হবে।
non_depressive,অভিযোগ পত্র দাখিল করতে রিটার্নিং কর্মকর্তার অফিসে এডভোকেট জুবায়েরের । 
non_depressive,চট্রগ্রামকক্সবাজার রোডে বাসগুলো খুব বেশি জোরে চালায় ওদের ইচ্ছেমত খুব খারাপ ভাবে বাস গুলো চালায়দেখে মনে বিমান চালায় রোডে
depressive,শান্ত বুকের তপ্তক্ষুনে শক্তমাটি রক্তলাল মজলুমানের আর্তনাদে আরশে আজিম কম্পমান মানবতা দূর্বিপাকে আবাসভুমি ঘোর শ্মশান
depressive,প্রিয় মানুষটা কথা ভাবছি আল্লাহ যেনো এমন দিন আনে
non_depressive,কর্মসংস্থান ব্যাংক কাজ কেউ বলতে পারেন BBC অনুরোধ করছি সমস্যাটা নিয়ে আরো কয়েকটা প্রতিবেদন করার জন্য।
depressive,রিয়েল আইডি তার জন্য কিছু বলতে পারি একটা ফেইক আইডি থাকলে মনের ভাষা প্রকাশ করতে পারতাম
non_depressive,"প্রাচীন সভ্যতা গড়ে উঠত সমুদ্রতীরে নদীতীরে , আধুনিক যুগে বসতি গড়ে উঠে আধুনিক সড়ক অথবা রেল যোগাযোগ কে কেন্দ্র করে , কিন্তু এখন একুশ শতকের অর্থনৈতিক কর্মকান্ড সম্পূর্ণ নির্ভর করে যে দিক দিয়ে ফাইবার অপটিক কেবল গিয়েছে সেটা কে কেন্দ্র করে ! "
depressive,আজ কাল মেয়েদের দেহ পাওয়া যায় মন পাওয়া যায় না 
non_depressive,অস্থির এটা নাটক জীবনের প্রথম কোনো নাটক দেখে ইউটিউবে কমেন্ট করলাম
depressive,বাঙালি তোদের ছেড়ে দেবে ভেবেছিস বাংলাপক্ষ জয়বাংলা
depressive,আমার মনোযোগ ধরে রাখা কঠিন হয়ে গেছে
non_depressive,আমি তিনটা চারটা নিয়েছিমহান রাব্বুল আলামিনের দয়া সুস্থ আছি
depressive,কয়টা লক্ষণের কথা বললেন সবকয়টা লক্ষণ আমার মধ্যে আছে মানে আমিও ডিপ্রেশন রোগে আক্রান্ত
non_depressive,কাজ গুলো যারা করিতেছেন। তারা আমাদের সমাজের সুশিক্ষিত লোক। তাদের হতে বাতিল করে। প্রবাসি ভাইদের নিয়োগ দেওয়া হক।
depressive,এটা আগে বুজতে পারলেত অনেকেই বুঝতে পারে
depressive,কেউ আমিন বলে যাবেন চোরে চোরে মামাতো ভাই হজের ছুটিতে যাচ্ছেন বড়পুকুরিয়ার কয়লার খাদকরা
depressive,হঠাৎ বদলে যাওয়া মানুষগুলোর অতীত খুঁজতে গেলে বুঝতে পারবে কতটা অবহেলায় ভরা ছিল অতীতটা
non_depressive,চেষ্টা করে দেখুক ডাক্তার পারে এতে ক্ষতির
depressive,কামলা দিয়ে বাসায় এলাম এখন রান্না করতে হবে প্রবাসজীবন
non_depressive,সময় টিভি অনেক ধন্যবাদ এরকম একটা এপিসোড বানানোর জন্য সত্যিই এপিসোড অনেক সুন্দর এপিসোডটা মানুষের অনেক কাজে আসবে
depressive,শাসক সকল ক্ষমতার উৎস
non_depressive,চাষিরাতো টাকা পায় কম। টাকার লাউ বাজারে । রাস্তা ঘাটের চাদাবাজি বন্ধ করতে হবে
depressive,কেউ আমাকে ভালোবাসে
depressive,কান্না শুধু তাদের সহপাঠী পরিবার আত্মীয় স্বজনের নয় কান্না সারা দেশের কান্না সারা দেশের
non_depressive,বিএনপি মহাসচিব মির্জা ফখরুল ইসলাম আলমগীর দাবি করেছেন ১৯৯১ সালের নির্বাচনে বিএনপি একাই সরকার গঠন করেছিল । ইতিহাস কি বলছে আসুন জেনে নেই ৯১ সালের নির্বাচনের ফলাফল কি ছিল । বিএনপি ১৪০ আওয়ামী লীগ ৮৮ জাতীয় : 
non_depressive,নামের সাথে পুলিশ থাকলে প্রাণীর মৃত্যুতে খারাপ লাগার অনুভূতিটা আসে কেনো
depressive,নাটকটি সত্যি অসাধারণ।। দেখে চোখ দিয়ে চলে এলো
non_depressive,আমি বর্তমানে বিষন্নতায় ভুগছি।
depressive,কান্না সারা দেশের রুবেল হোসেন সার্টিফিকেট দিয়ে আমি করবো মনে চায় মরে যাই
non_depressive,নতুন পরিচালকের নতুন এক প্রচেষ্টা উড়নচন্ডী মুক্তি পাচ্ছে ৩ রা আগস্ট কেউ দেখতে ভুলবেন না 
depressive,"বড়পুকুরিয়ার কয়লা দূর্নীতির সাথে যে সব শুয়োর জড়িত , তাদের দ্রুতবিচার ট্রাইবুনালে ননআপিলেবল সাজা দেয়া এখন সময়ের দাবী । "
non_depressive,আলহামদুলিল্লাহ সুস্থ আছি
depressive,জীবনের অজানা সময়ে আমি আরও কঠিন সময় পাচ্ছি।অনেক দিন ধরে আমি অশান্তির মধ্যে ভুগছি।
non_depressive,এতো দিন পরে জনগণ একটা কামের কাম করলো
depressive,অপরাধীদের জনসম্মুখে ফাশি দেয়া হোক
depressive,"রোদ কি বৃষ্টির সাতে পারতেচেনা ? পারবে কেবা করি দেশের প্রধানমুত্রী ম্যায়ে মানুষ , তাই যতোক্ষন চাবে বৃষ্টি হবে কেউ আমার কতা না বুঝলে আমি দায়ী লয় "
depressive,টিকা দেওয়ার এলার্জি চরম ভাবে আক্রান্ত হয়েছি আমাদের গ্রামের অনেকের সমস্যা।
non_depressive,বেশি বেশি গাছ কাটুন পরিকল্পনাহীন ভাবে নগরায়ন করুন
non_depressive,"সিলেটে এক কেন্দ্রে উত্তেজনা , ৪৫ মিনিট ভোট বন্ধ : "
non_depressive,ভাই বলে লাভ নেই এরা সময় নিউজ মতো হয়েছে। হিরু আলম পরিমনি অপু নিউজ
depressive,আমি বেক্তিগত ভাবে খুবআপসেট আমার বেতনকম আমি খুবই হতাস পরিবারকে আমি এইবলে বুজদেই আঙ্গুরফলটক
depressive,আমার কথাএতো কিছু বলার দরকার নেই।সরকারকে বলছি।তাড়াতাড়ী দেশে মানুষে সামনেওদেরকে কেটেকেটে টুকরা করা হক।আমি ফাহারিনা বলছি ।সৌদি আরব থেকে।
non_depressive,হুমায়ুন আহমেদ টেকনিক
non_depressive,বিশ্বের কোথায় আছে এমন নিয়ম
depressive,বালিকার জন্য গেছিলাম ফ্রান্সের বিখ্যাত ভালোবাসার সেতুতে তালা ঝুলাইতে ভাগ্যের নির্মম পরিহাস সেখানে তালা ঝুলানোই নিষেধ করে দিছে
depressive,সৌদি নিয়োগকর্তাদের অত্যাচার কবে বন্ধ হবে ? : 
depressive,আমার মনের অনেক অনুভূতির ভিতরে অনেক দুঃখের সম্ভাবনা আছে
non_depressive,ইতিহাস অন্ধকার ছবির সফল নায়ক মারুফ
non_depressive,খবরের সত্যতা  তুই টিকা নেওয়ার পরে অনেক মানুষের সমস্যা দেখা দিয়েছে
depressive,চুপ কোথায় দার্জিলিং খ্যাদানো দিলিপটা মেড়োদের সঙ্গে গাঁটছড়া বেঁধে এবার বাংলা থেকে বাঙালী খ্যাদাতে চায়
non_depressive,আলহামদুলিল্লাহ মানুষ কিছুটা হলেও ফেন্তা থেকে বেরিয়ে এসেছে।
non_depressive,বাপের টাকা আছে খরচ করতে সমস্যা
depressive,সমাজের মানু্ষ গুলোকে মনের কথা বললে এইটা নিয়ে খুটা দেয় কার কাছে মনের কথা শেয়ার করবো সেই উল্টা আরো লাইফটা শেষ করে
non_depressive,ত্রিপুরাতে প্রতিশ্রুতি মতো কোনও কাজ করছে না বিজেপি সরকার । আদিবাসী ও গ্রামের মানুষদের রোজগারের প্রকল্প রেগার কোনও কাজ হচ্ছে না । অনাহার শুরু হয়েছে রাজ্যে । তাই ত্রিপুরায় মানুষ ইতিমধ্যেই প্রশ্ন তুলতে শুরু করেছেন । : মানিক সরকার : 
depressive,নিউজের এতই দুর্ভিক্ষ হয়ে পড়ছে টোকাইরা রাস্তায় মারামারি করেআর সেই খবর আমাদের পত্রিকা থেকে জানতে হয়।
non_depressive,এইটা ভুয়া আরটিভি নাকিএই নিউজ করতে হবে
depressive,আমি থেকে চাই বাংলাদেশের ফিল্ম ইন্ডাস্ট্রি ধ্বংস হোক
depressive,"৩৩টা লাশ প্রয়োজন বিচার পাওয়ার জন্য । কারণ দাদাদের দেশ ভারতে ৩৩ জন মরেছিলো । লাশ লাগবে লাশ , মাত্র ৩৩টা লাশ ! হেসে হেসে লাশ হতে চাই আমরা । তবুও এদেশে বিচার হোক ! শব্দ"
non_depressive,উন্নয়ন উন্নয়ন উন্নয়ন
non_depressive,"হুজুররা ওয়াজ করেঃ টাকা পয়সা , বাড়ি গাড়ি কিছুই সঙ্গে যাবে না ! অথচ হুজুররা দেখি টাকা ছাড়া মাহফিলেই আসেন না ! "
non_depressive,যাদের কলমের জোর আমাদের শহরকে রাঙিয়ে তুলেছে এক আলাদা আলোয় : 
non_depressive,আল্লাহ তুমি তাকে জান্নাতুল ফেরদৌস নসিব করুন আমিন
non_depressive,আগুনে জ্বলসে যাওয়া শরীরে ভয় নেই ভিতরে আছে কোমল অক্ষত হৃদপিণ্ড । 
non_depressive,এসি আবিষ্কার করছিলেন যিনি আমি তিনার আত্মার শান্তি কামনা করছি ! 
non_depressive,ওনাকে আইনের আওতায় নিয়ে কঠিন শাস্তি দিতে হবে
non_depressive,অনেক অপেক্ষা করেছি ভিডিওটার জন্য। ধন্যবাদ স্যার
non_depressive,অপরাধীদের সর্বোচ্চ শাস্তি চাই
depressive,"খালি জায়গাটাতে নিজের ছবি বসিয়ে নিতেই পারেন ! এরপর হয়তো আপনি ই খুন হতে চলেছেন ! আর হে একটা কথা বলি যে দেশে মানুষ হত্যার বিচার হয় না সেখানে এক্সিডেন্ট করে মারা গেলেইবা কী মানুষ রূপি পশুগুলার হাতে যখন দেশ , তখন আর কিইবা করার আছে "
non_depressive,এইটা নাকি নায়ক জোর করে হালচাষ করা যায় নায়ক হওয়া যায় না।
depressive,আজকাল কেন জানি সুখ আমাকে ছুয়ে যায় না।দুঃখ নামক যন্ত্রনাটাই বার বার হৃদয় টাকে স্পর্স করে।।
non_depressive,পশ্চিমবঙ্গ ভারতীয় জনতা পার্টি হাওড়া গ্রামীণ জেলার মন্ডল সভাপতি দের সাথে সাংগঠনিক বৈঠক উলুবেড়িয়া 
depressive,আমার কোনো বন্ধু নেই। তাই বিষন্নতায় আক্রান্ত।
depressive,দৃর্ঘ বছর ধরেই ডিপ্রেশনে আছি।কবে মুক্তি পাব সেটা আল্লাহ পাকই ভাল জানেন।
non_depressive,ভালই হোলো নতুন বুদ্ধিটা পুলিশ ভাই অন্য চোরদের সুন্দর ভাবে বুঝিয়ে দিলো।
depressive,বৃষ্টি হবে নীল হবে নিশ্চয় হবে সিপু একটু পড়ে নামবে হয়তো আহা
depressive,দেশে এইগুলা চলবো
depressive,তুমি বুঝতে পারনি এটা তোমার ব্যর্থতা আমি তো আমার মনের কথাটা তোমায় বলেছিলাম 
depressive,শান্ত বুকের তপ্তক্ষুনে শক্তমাটি রক্তলাল মজলুমানের আর্তনাদে আরশে আজিম কম্পমান মানবতা দূর্বিপাকে আবাসভুমি ঘোর শ্মশান
depressive,আমাদের ম্যাসের ভাই ছিলো খুব মিস করি
non_depressive,সর্বদা অন্যের খবর নকল করে
depressive,মিছ করি একটা মানুষকে সময়
depressive,আমি সময় অনুমান করি আমি যেটা প্রয়োজন তাতে আমি সেটা করতে পারবো না।
non_depressive,হুমায়ূন আহমেদের নাটকে দেখেছিলাম মাটি চিকিৎসা
depressive,ঠিক খেয়ে বাচলে উন্নয়ন দিয়ে হবে
depressive,ভুলে গেলেই ভুলা যায়
depressive,কলিজা পুরে যাক মনটা শান্তি থাক চ্যাকা খোরদের শুভ রাত্রি ওসমান গনি 
depressive,এদের এতো টাকা তবু অসুস্থ হলে সরকারের কাছে টাকা চায়।
depressive,হচ্ছে উন্নয়ের আসল রূপ।
non_depressive,প্রশ্ন ফাঁস বেকারত্বের প্রধান কারণ।
non_depressive,ডাঃ চিকিৎসা থেকে চিকিৎসা অনেক ভালো
depressive,তোমার কাছে আছে তার যত্ন নাও তোমার কাছে নাই তার জন্য আফসোস করো ।এত সার্টিফিকেট দিয়ে আমি করবো মনে চায় মরে যাই
non_depressive,আল্লাহ ওদের সবাইকে জান্নাতবাসী করুন
depressive,আমি এখানে থাকতে চাইনা।হেক্সিসোলের গন্ধে তোমার গন্ধ পাইনা অসাধারণ রোমান্টিক কথা।
non_depressive,আমার দেখা একটি সেরা নাটক নাটকটির প্রতিটি মূহুর্ত ছিল কষ্টের
depressive,আপু আমি সৌদি প্রবাসী আমি রোগের রোগী
non_depressive,আল্লাহ ছাড় দেন ছেড়ে দেন
depressive,অতীতের অনেক কিছু হারিয়েছি যেটা ফিরিয়ে পেতে অসম্ভব মনে হচ্ছে।
non_depressive,"যে ভাগ্যে থাকে , সে হৃদয়ে জায়গা পায় না ; আর যে হৃদয়ে থাকে সে খুব কম মানুষের ভাগ্যেই থাকে ! "
non_depressive,আসসালামু আলাইকুম মাশাল্লাহ সুবহানাল্লাহ আলহামদুলিল্লাহ আন্তরিক মোবারক বাদ জানাই আমিন। সন্তানের বিষন্নতায়। আমরা দুজন স্বামীস্ত্রী মৃত্যুর পথযাত্রী।
depressive,মনের অদৃশ্য ব্যাঘাত আমার চেষ্টা করে আমাকে হতাশা করে দেয়।
depressive,দেশের আইন প্রশাসন বিক্রি হয়ে যায় দেশে জনগণের মতামত চাওয়ার কোনো মূল্য থাকেনা দেশে এরকম চলবেই।
non_depressive,"যারা মিথ্যা ও ছল চাতুরীর অভ্যেসের চর্চা করে , তাদের থেকে দূরে থাকতে পছন্দ করি । "
depressive,আমি জানি আমার জীবনের ব্যস্ত অনুভব কেউ বোঝতে পারবে না।অনেক দিন ধরে আমি অশান্তির মধ্যে ভুগছি।
depressive,বর্তমান দেশের পরিস্থিত বাদী বিবাদীর টানা হেঁচড়ায় আইনজীবীদের চুষে খাওয়ার ধান্দা বেড়েছে
non_depressive,কাজী ইব্রাহিম রাহিমাহুল্লাহ টিকার কুফল নিয়ে আলোচনা করেছিলেন তখন তাকে অনেকে আক্রমন করে কথা বলেছিল। তাই বাস্তবে রুপ নিচ্ছে।
depressive,আহারে কোন নিউজ পাইলি
non_depressive,আল্লাহ সবাইকে হেফাজত করুন আমিন
non_depressive,বাংলাদেশের সংখ্যালঘুরা নির্যাতিত নাবাংলাদেশের সকল ধর্মের মানুষ সুখে আছে মিলেমিশে বসবাস করছে মাঝে খানে কিছু এজেন্ট অশান্তি করার জন্য কাজ করছে
depressive,চোখের পানির জন্য নাটক দেখতেই পারি নাইভাই আমার দেখা সেরা নাটক যদি আমার প্রিয় মানুষ আমাকে এভাবে ভালোবাসতো
depressive,আয় ভাই উঠে আয় ফাইভ জি চালু হয়ে গেছে 
depressive,চোখ বন্ধ করতে লাগে যদি তোমাকে দেখি কথাটা
depressive,মৃত্যু নিদারুণ সত্য আমরা ভুলে বসে আছি
depressive,টেস্টে বাজে খেলায় খেলোয়াড়দের অশ্লীল ভাবে গালি দেয়া ছেলে মেয়ে গুলার মূখে এখন প্রসংশা ফুল ফুটে অদ্ভুত
non_depressive,আমি দীর্ঘদিন এমন একটি আবেগপ্রবন নাটক দেখলাম। অসাধারণ অভিনয় করেছেন
non_depressive,তার সুখের ঘরণী হয়ে তুমি আজ ভাবছো কি আমার কথা ? 
depressive,"আমারে কেউ রাতটা ফিরাই দাও , আমি ঘুমাতে চাই পুরো রাত ! খেলাও দেখলাম , কষ্টও পাইলাম ! এ কেমন বিচার আল্লাহ্ ? আর কত কষ্ট দিবিরে তোরা ? "
depressive,মেঘ যখন জমেছে বৃষ্টি নামবেই সত্যিই জীবনের স্বাদ যখন পেয়েছি মৃত্যু বরণ করতেই হবে।
depressive,এখনই যদি এইসব ধনীর দুলালদের বিচার হয় তাহলে ভবিষ্যতে বাংলাদেশ ভয়াবহ জায়গায় যাইতে আছে মনে ভাববেন আমরা এসব ধনীর দুলালদের বিচার চাই
non_depressive,চুপ কোথায় ? দার্জিলিং খ্যাদানো দিলিপটা মেড়োদের সঙ্গে গাঁটছড়া বেঁধে এবার বাংলা থেকে বাঙালী খ্যাদাতে চায় । এর প্রতিকার আর প্রতিরোধ করতে হবে । : ? 
depressive,আসলে আমাদের দেশে যেকোনো অপরাধগুলো সঠিকভাবে বিচার হয়নি বলে দিনেদিন অপরাধ করে যাচ্ছে আল্লাহ তায়ালা আমাদের সবাইকে বিপদমুক্ত রাখুন
depressive,স্বার্থক জন্ম জন্মেছি দেশে গাড়ীর চাপায় মানুষ মারে মন্ত্রী সাহেব হাসে কষ্ট দিবিরে তোরা
non_depressive,দেশের শিক্ষা ব্যবস্থায় আনা উচিত ইংরেজি ভাষায় যাতে সবাই কথা বলতে পারে তার উপর জোর দেওয়া।
depressive,আমার জীবনে অনেক সময় সমস্যা হারানোর মুখে মুখে আমি একা আমার বিপদে পড়ে থাকি।
depressive,যদি এটা সত্যি সাধ্যের মধ্যে সবটুকু সুখ তাহলে তোমাকে ভুলতে পারাটাই আমার সাধ্য রাজকন্যা চোখ বন্ধ করতে যদি তোমাকে দেখি
depressive,ছোট্ট পৃথিবীতে আমি দুইটা দেশকে বেশি ঘৃণা করি
depressive,আমি সময় অনুমান করি আমি কোন কারণে অসন্তুষ্ট।আমি সময় অনুমান করি আমি যেটা প্রয়োজন তাতে আমি সেটা করতে পারবো
non_depressive,প্রয়োজনে শিক্ষামন্ত্রীর পদ্যতেগের জন্য রাস্তায় নামব ইনশাল্লাহ
depressive,গাড়ি ভাড়া পকেটে নাইঅথচ দেশে উন্নত রাস্তা হচ্ছে।
depressive,"আমরাতো স্বপ্ন হত্যাকারী , আমরা স্বপ্ন বাঁচাবো কি করে ! আর কতদিন এভাবে স্বপ্নগুলোকে অঙ্কুরেই বিনষ্ট হতে দেখবে জাতি । এক সময় তো স্বপ্ন দেখার লোকগুলোও চাপা পড়ে যাবে পাহাড়সম চাটুকারীদের দ্বারা । "
depressive,"এদের কাছে কোন জিনিস না নিয়ে যাবেন্নাহ , কেননা তারা ভাল জিনিস নিয়েই বসে অন্যদের মত ফরমালিন মিসিয়ে নয় কেহ টাকা কামাই করে বিক্রি করে আর কেহ জীবন বাচার জন্য করে "
non_depressive,মুখটা পুতে তাহলে একবারে ভালো হয়ে যাবে।
non_depressive,মিস্টার মারুফ যখন বাংলাদেশ ছিলো তখন নায়েক ছিলো আমেরিকা যাওয়ার প্রবাশী হয়ে গেছে নায়েক
non_depressive,আলহামদুলিল্লাহ্‌ নামাজ পড়ার মাধ্যমে ডিপ্রেশন থেকে বেরিয়ে আসতে পেরেছি।
non_depressive,এসবের জন্য বিশ্ব স্বাস্থ্য সংস্থা সরকার দ্বায়ী।
non_depressive,স্মার্ট বাংলাদেশ বইলা কথা
depressive,তুমি বুঝতে পারনি এটা তোমার ব্যর্থতা আমি আমার মনের কথাটা তোমায় বলেছিলামএত সার্টিফিকেট দিয়ে আমি করবো মনে চায় মরে যাই
depressive,আশার পেছনে মরীচিকার মতো প্রতিনিয়তই ছুটে চলেছি মৃত্যু পর্যন্ত চলতে থাকবে তার অসীম আকাঙ্ক্ষার সার্টিফিকেট দিয়ে আমি করবো মনে চায় মরে যাই
non_depressive,বাস ভাংচুর করে আগুন দিয়ে কি হবে ? বাসের মালিক তো এগুলোর ইনস্যুরেন্স করে রাখছেন । ড্রাইভার মালিকের কিছুই হবে না । দরকার ছিল বাসের মালিক ও ড্রাইভারের বাড়ি পুড়িয়ে দেয়া । তাহলে কিছু বুঝতে যে সন্তান হারিয়েছে তার কত যন্ত্রণা
non_depressive,ওরে কঠিন শাস্তি দেওয়া উচিৎ
depressive,ভাবতে অবাক লাগে ছিলাম হলাম কেনইবা হলাম কিসের আশাতেই হলাম কার জন্যই এমন হলাম সার্টিফিকেট দিয়ে আমি করবো মনে চায় মরে যাই
depressive,পৃথিবীতে কারো আপন হওয়াটা খুব সহজ কিন্তু কাউকে আপন করে পাওয়াটা খুব কঠিন একটা পৃথিবী আকটা আকাশ
non_depressive,এদের বস্তি কন্টেন্ট দেখে কারা ভাই
non_depressive,এক্সিডেন্ট আমি নিজে দেখেছি এখানে ডাইভারের দোস নেই আল্লাহ করেছেন তিনি ভালো যানেন দোয়া করি সবাই যেন জান্নাত বাসি হয়।
depressive,প্রেমের অপেক্ষায় আমার অনেক স্বপ্ন হারিয়ে যায় কিন্তু প্রেম আসতে পারে না।
depressive,গরীবের অলিভার জিরুদ ! দুইজনে লিজেন্ডারি ফর্মে ছিল কিন্তু দল ঠিকিইই চ্যাম্পিয়ন হয়েছিল ! আমাকে মারবেননা আমি ছোট পরোটা বাবা 
depressive,অন্যায়ে দেশ ভরে গেছে
depressive,এটা আমাদের প্রধানমন্ত্রীরা বুঝতে পারে ট্যাকনিক্যালি শিক্ষা প্রতিষ্ঠান বাড়িয়ে প্রতি জেলায় জেলায় নতুন নতুন ভার্সিটি স্থাপন করছে।
non_depressive,স্মার্ট লোক নিয়োগ দেওয়া উচিত। অযোগ্যদের চাকুরী থেকে অব্যহতি দেয়া হোক।
non_depressive,আমি শুধু একটা দিয়েছি। সেটাও বাধ্য হয়ে। আল্লাহ সবাইকে সুস্থ রাখুন
depressive,দুঃখ রাখব কোথাই রাখার জাইগা নাই
non_depressive,আলহামদুলিল্লাহ আমি একটাও টিকা গ্রহন করি নাই
non_depressive,সিলেটে হাড্ডাহাড্ডি লড়াইয়ে বিজয়ী আ লীগের কামরান : 
non_depressive,এটাকে থেকে লাথি মেরে বেরকরে দিয়ে শাস্তির আওতায় আনা হোক
non_depressive,বিদেশি ঋণে অর্থপাচারে দেউলিয়া বাংলাদেশ। এসব তথ্য ঢাকার জন্য এমন প্রচারণা।
depressive,দুবাই আসলাম আমার ট্রলি ব্যাগ ধরার অবস্থা ছিলো ভেঙে চুরমার
depressive,বড় পুকুরিয়া কলাখনির শ্রমিকেরা দাঁত মেজে ১ টনের বেশি কয়লা শেষ করে ফেলেছে 
depressive,বর্তমান দেশের পরিস্থিত বাদী বিবাদীর টানা হেঁচড়ায় আইনজীবীদের চুষে খাওয়ার ধান্দা বেড়েছে
depressive,এরাইতো হৃদয়কে রান্না করে খেয়ে পেলেছেসেই কথা জানানো হয়নি কেন
depressive,যার ভিতরে একবার ডিপ্রেশন প্রবেশ করছে সেই বুঝে রোগের ভয়াবহতা
non_depressive,বাংলাদেশের শিক্ষা ব্যবস্থাকে ঢেলে সাজানো উচিৎ। এছাড়া কারিগরি শিক্ষাকে প্রাধান্য দিতে হবে এবং সাবজেক্ট অনুযায়ী ক্যারিয়ার গড়া উচিৎ।
non_depressive,এরা কারা কোত্থেকে এলো এরা
depressive,দ্রুত সবাইকে ফাঁসি দেওয়া হোক
non_depressive,হটাও ভারত বাঁচাও দেশ গনতান্ত্রিক বাংলাদেশ। স্বৈরাচার নিপাত যাক গণতন্ত্র মুক্তি পাক।
non_depressive,দেশবাসী যদি পরিমানে কিনে অথবা কমপক্ষে তিন থেকে পাঁচ দিন যদি পেঁয়াজ কিনে তাহলে বিক্রেতারা বাদ্য হয়ে দাম কমাবে।
depressive,ভাই দব্রমুল্য দাম বারলে সরকারের কিছুই করার থাকেনা তবে সরকারে করনিও হলো সরকারি বেসরকারি চাকরি জিবিদের বেতন বাজারের সাথে মিল রেখে বারানো হোক
depressive,আমি সময় অনুমান করি আমি অন্যের জন্য পর্যাপ্ত নই।
non_depressive,টাকা ব্যাংকে রাখলেও মাসে অনেক টাকা পাওয়া যেতো
non_depressive,পদপ্রার্থী তাই শর্টগান নিয়ে গেছে যদি পেয়ে যায় তাহলে কামান নিয়ে যেতো
depressive,নাটকটা যতখন দেখেছি শুধু চোখের পানি পরে গেছে পুরো নাটকটাই ওরে মনে পরলো আল্লাহ তুমি ওকে বেহেসতে নসীব
depressive,স্টোজেনিকা দেওয়ার পরে অনেক অসুস্থ ছিলাম যাক আলহামদুলিল্লাহ সুস্থ আছে
non_depressive,গুলিবিদ্ধ ফাহাদ আহমদকে হাসপাতালে দেখতে মেয়র প্রার্থী এড এহসানুল মাহবুব জুবায়ের । 
non_depressive,ভালো বিষয় তুলে ধরেছেন
depressive,"শালার খবর দেখবার লইছি খালি মারামারি , কোপাকুপি , খুন , ধর্ষন , চুরি অপহরণ আর ভাল লাগে না । গেলাম বিটিভিতে আহা কি শান্তি না মারামারি না কাটাকাটি খালি বাতাবু লেবু , পাট ক্ষেত দিনাজপুরের লিচু রাজশাহীতে সেইরাম আম হইছে ছাগল পালন করে জরিনা এখন সাবলম্বী "
non_depressive,তার বিরুদ্ধে আয়না লোক ব্যবস্থা নেয়া হোক যার জমিন তাকে ফিরিয়ে দেয়া হোক ওকে আইনের ব্যবস্থা নেওয়া তোর বিরুদ্ধে
depressive,ফিল্মের পেছনে এতো টাকা ব্যয় করতে পারেন অথচ কতো মানুষ খেয়ে আছে তাদের পেছনে খরচ করতে পারেনা তারা।
depressive,আমি জানি সময়ের সঙ্গে সবকিছু পরিবর্তন কিন্তু আমার দুঃখের সঙ্গে সময় সহ্য করা যায়নি
depressive,আমার মনে হয় আমি কখনোই নিজের সাথে সন্তুষ্ট হবো না।
depressive,হায় আফসোস সম্পত্তির জায়গায় সম্পত্তি রয়েই গেলো কিন্তু বাপ দাদা আমরা কেওই থাকবেনাহ
non_depressive,শিক্ষকদের জন্য একটা ফুল ভিডিও চাই।
depressive,ড্রাইভারের অপরাধের দায়দায়িত্ব নেবেন না শাজাহান খান ! তাহলে জনগণ যে দায়িত্ব দিয়েছে তা ঠিক মতো পালন না করতে পারলে পদত্যাগ পত্র জমা দেন মিঃ সাহজাহান খান
non_depressive,এতো উন্নয়নের জোয়ারে কিছুর দাম বেড়ে যাচ্ছে
depressive,নিজের একটি চোখ বিক্রি করে আইফোন কিনে সবাইকে দেখিয়ে বেরাচ্ছেন আমাদের নিমা তিন তিনটা লাশ পরেছে কির পোলা লাশ চাস
depressive,সকালে উঠিয়া আমি মনে মনে চিল্লাই এতো বড় হইছি আমার নাই কিল্লাই গুদ মন্নিং
depressive,লাভ হইলো হৃদয় মেরে শেষে নিজের জীবনটাও দিতে হলো
non_depressive,"বহুদিন পর বিদেশের মাটিতে সিরিজ জয় , তাও মাশরাফির হাত ধরে । কি অসাধারণ অধিনায়কত্ব ছিল তাঁর । অভিনন্দন স্টিভ রোডস , বাংলাদেশের কোচ হিসেবে প্রথম সিরিজ জেতায় । বাংলাদেশ ৩০১ ৬ তামিম ১০৩ রিয়াদ ৬৭ উইন্ডিজ ২৮৩ ৬ পাওয়েল ৭৪ গেইল ৭৩ বাংলাদেশ সিরিজ জিতেছে ২ ১ এ । বাংলাদেশ"
non_depressive,শিক্ষার্থীদের চাপা দেওয়া বাসটি নৌমন্ত্রীর শ্যালকের 
depressive,দেশটা আফ্রিকা হতে বেশী দেরি নাই।
non_depressive,তারপর দোষ মটরসাইকেল এর।
non_depressive,যারা মারা গেছে আল্লাহ তায়ালা যেন তাদের জান্নাতুল ফেরদৌস দান করেন।
depressive,শুভ জন্মদিন দাদা বৌদিরে পাইয়া আমাগো ভুইল্লাগে নাকি বৌদির বোনগুলারে আমাগো হাতে দেওনের ইচ্ছাতে টুইটার ছাঁইড়া দিলা
depressive,সকালে উঠিয়া আমি মনে মনে চিল্লাই এতো বড় হইছি আমার নাই কিল্লাই গুদ মন্নিং
non_depressive,পাচার বন্ধ করতে পারচেন নাএটা বললেই
non_depressive,আমার কাছে মাসের জন্য দিয়ে দিতে তোরে ভাই আমি দিগুন লাভ দিতাম।
non_depressive,বক্স অফিস নাজানা আমার সরল মন।
depressive,লেখাটি পড়ে মনে হচ্ছে দুঃখ বিপদের জটিল জালে আমরা আত্মবিশ্বাস হারিয়েছি। কান্না সারা দেশের
non_depressive,ধন্যবাদ বিবিসি বাংলাকে সত্যের সাথে থাকার জন্য।
depressive,পৃথিবীতে আমি যতদিন জীবিত থাকবো বন্ধু নামের শব্দটাকে সবথেকে বেশি ঘৃণা করব কারণ আমার বন্ধু আমাকে নিঃস্ব করে দিয়েছে আমি আজকে শেষ
non_depressive,"একজন পরিবহন চাঁদাবাজ , আর পরিবহন গুন্ডা যখন মিনিস্টার হয় তখন এর চেয়ে ভাল সার্ভিস আশা করাটা বাড়াবাড়ি ; এখন মিনিস্টার হতে শিক্ষা আর আদর্শ লাগে না ; লাগে পেশী আর ম্যাডামকে খুশি করার চাটুকারী কৌশল । : "
non_depressive,একটা নিছিলাম আলহামদুলিল্লাহ ভালো আছি
depressive,জীবনের অনিশ্চিততায় আমি নিজের হারিয়ে গেছি যেখানে দুঃখের অপেক্ষায় সুখের আশা ছিল।অনেক দিন ধরে আমি অশান্তির মধ্যে ভুগছি।
depressive,এদের কাছে পুলিশ অসোহায় যদি দেশের অবস্থা
depressive,ধন্যবাদ সময় চ্যানেল ডিপ্রেশনে থাকা যন্ত্রনা বুঝে সেটি তুলে ধরার জন্য
non_depressive,মায়ের দোয়াতে নিশ্চিত বিজয়ের পথে সিলেটে আরিফুল হক চৌধুরী : 
depressive,"ভাবতে অবাক লাগে , কি ছিলাম , আর কি হলাম ! কেনইবা হলাম , কিসের আশাতেই বা হলাম ! কার জন্যই বা এমন হলাম ? শুভ সন্ধা , "
non_depressive," নিজেকে অন্যের সামনে খোলা বই হিসেবে উপস্থাপন কোরো না অর্থাৎ নিজেকে অন্য কারও সামনে এমনভাবে তুলে ধরা উচিত নয় , যাতে নিজের ভেতরের সব কিছু অন্য কেউ জেনে যায় । এতে নিজের ভিতটা দুর্বল হয়ে পড়ে । "
depressive,বাংলাদেশ আইন বলতে কিছু আছে আমি বাংলাদেশ ছাড়া বিভিন্ন দেশে দীর্ঘদিন ছিলাম আছি কিন্তু বাংলাদেশের মতো নিরাপদ দেশ আমি একটাও দেখিনি
non_depressive,যদি সুস্থ হয় তাহলে অপর চিকিৎসা হয় কিভাবে
depressive,শহরের নিচের তালার মানুষ সাবধান
non_depressive,আসসালামু ওয়ালাইকুম শুভ সকাল কেমন আছেন সবাই ? 
depressive,কোন ছেলেটা ক্রাশ খেলো লেখলো প্রেমের নাম বোঝে প্রেমের এখন নাই কোন নাই দাম
depressive,ভারতের আসাম থেকে ৪০ লাখ অবৈধ বিদেশি এখন কোথায় যাবে ? : 
depressive,নাটক তার মায়ায় ফেলে দিলো সত্যি খুব ভালো লেগেছে শেষ অনুভব করতে পারবে তারা যারা প্রিয় মানুষ হারিয়েছে
depressive,ডিপেসন এমন জিনিস যার আসে বুঝ আল্লাহ পাক ডিপ্রেশন থেকে সবাইকে হেফাজত করুন
depressive,আমি সময় অনুমান করি আমি অন্যের মতো হতে পারছি না।আমি সময় অনুমান করি আমি যেটা প্রয়োজন তাতে আমি সেটা করতে পারবো
depressive,তার গুপ্ত নিঃশ্বাসে কতো সুপ্ত প্রেমের কথা ঝড়ে গেছে শায়ান্নে
non_depressive,আমিই কি একজন ? যে লজ্জার কারণে কারো সাথে ভিডিও কলে কথা বলতে পারি না । 
non_depressive,এটা নিউজ চ্যানেল মিউজিক ভিডিওর
non_depressive,সৌদি আরবের সকল সম্যার সমাধান কোথায় অথবা কার কাছে পেতে পারি কেও জানলে দয়া করে জানাবেন। অনেক বিপদের মধ্যেই আছি।
depressive,মানুষ মরে গেলে আলহামদুলিল্লাহ বলে।কি আজব মানুষ আমরা
depressive,সময় থাকতে ভালোবাসতে প্রিয় সময় ফুরিয়ে যাওয়ার পরে ভালোবেসে পাবে।ভালোবাসি প্রিয় ভীষণ ভালোবাসি তোমাকে হারাতে চাই কখনও ভালোবেসে থেকে যেও আজীবন।
non_depressive,"এদের কাছে কোন জিনিস না নিয়ে যাবেন্নাহ , কেননা তারা ভাল জিনিস নিয়েই বসে অন্যদের মত ফরমালিন মিসিয়ে নয় কেহ টাকা কামাই করে বিক্রি করে আর কেহ জীবন বাচার জন্য করে "
non_depressive,দূর ফকিন্নির পোলারা এইটা কোন নিউজ
depressive,"একজন পরিবহন চাঁদাবাজ , আর পরিবহন গুন্ডা যখন মিনিস্টার হয় তখন এর চেয়ে ভাল সার্ভিস আশা করাটা বাড়াবাড়ি ; এখন মিনিস্টার হতে শিক্ষা আর আদর্শ লাগে না ; লাগে পেশী আর ম্যাডামকে খুশি করার চাটুকারী কৌশল । : "
non_depressive,কঠিন সাজার ব্যবস্থা করা হোক। এরা সাহস পায় কার পাওয়ারে চলে তদন্ত করা হোক।
depressive,আমার অতীতের কিছু হারিয়ে গেছে অসংখ্য নীরব হয়ে গেছে।
non_depressive,এরা কারা আমি কাউকেই চিনি
non_depressive,তুমি কয় তুমি কয় সেই দিন নাই
depressive,জীবনের অনেক সময় হারিয়ে যাওয়া স্বপ্নগুলি আমার দুঃখের জলে ডুবে আসে।
non_depressive,আল্লাহ হেফাজত করুন
depressive,আমার মনে হয় আমি কখনোই সন্তুষ্ট হবো না।অনেক দিন ধরে আমি অশান্তির মধ্যে ভুগছি।
depressive,জীবনের অতীতে আমি নিজের মনের অদৃশ্য বন্ধনে আবিষ্ট হয়ে গেছি যেটি ফিরিয়ে পেতে অসম্ভব মনে হয়।অনেক দিন ধরে আমি অশান্তির মধ্যে ভুগছি।
depressive,নাটক অনেকটা আমার গল্পের আমি অসুস্থ কিন্তু আজো আমায় ছেড়ে যায়নিযেতেও চাই না।শেষটা আল্লাহর উপর ভরসা
depressive,আমি কারো সাথে দেখা করতে চাই
depressive,সমস্যা নেই মদের লাইসেন্স দেয়া হবে তেলের দাম বাড়লেও মদের দাম থাকবে মানুষ মাতাল হলেও খেতো বাছবে উন্নয়নশীল বাংলাদেশ তেল পায়না খাবে
depressive,নাটকটি দেখে যতি চোখের কনে পানি চলে আসে বুঝতে হবে আপনি নাটকটি দিয়ে দেখেন নাই
depressive,বাংলাদেশে ১৩ বছর ধরে কয়লা চুরি গোপন ছিল : 
depressive,ভয়াবহ অবস্থা আল্লাহ সহায় হোন
non_depressive,সস্তা চ্যানেলের সস্তা নিউজ
non_depressive,"সিলেটে গুলিবিদ্ধ শিবির নেতা ফাহাদকে হাসপাতালে দেখতে মেয়র প্রার্থী এড জুবায়ের প্রচুর রক্তক্ষরণ হয়েছে , ইতোমধ্যে কয়েকব্যাগ ব্লাড দেয়া হয়েছে , বিপি উঠানামা করছে । সবার কাছে ভাইটির জন্য দোয়া চাই , আল্লাহ যেন দ্রুত সুস্থ করে দেন । আমীন । "
depressive,"সিলেট সিটি নির্বাচনে এবার এমন অনেক কিছুই ঘটছে , যা সিলেটের মানুষ আগে কখনো দেখেনি । নির্বাচনকে কেন্দ্র করে ধরপাকড় , তল্লাশি , হুমকি ধমকি , হামলা মামলা এ শহরে এই প্রথম । ৩০ তারিখ সারাদিন ধানেরশীষে ভোটদিন "
non_depressive,"তাড়াহুড়ায় যা সামনে পেয়েছি তাই দিয়েই গিফট বক্সটা সাজিয়েছিলাম , এখন ছবিতে দেখে ভালোলাগছে "
depressive,আমাদের জীবনের সবচেয়ে অসুস্থ অবস্থা হলো মনের অন্ধকারে অবস্থা।এ কান্না সারা দেশের
depressive,কতোদিন প্রাণ আমার হাসে ঠোঁটের কোনে তোমরা দেখো আসলে হাসি
depressive,খবরের মাজে দিলে মেজাটা খারাপ
depressive,এহন রাস্তার ফকির হলে
depressive,তার নাই চরিত্র খুঁজে পবিত্র কষ্ট দিবিরে তোরা
non_depressive,পাচার কারিদের জন্য জনগন দায়ী বলেন জবাব দেন
non_depressive,সরকার চাপে ভেকসিন নিয়ে প্রবলেম হচ্ছে জন্য দায়ী
depressive,মনে হয় জীবনের অশ্রুতিকর অভিজ্ঞতায় আমি নিজের ভুলগুলির সঙ্গে মিশে গিয়েছি ফিরিয়ে পেতে অসম্ভব মনে হয়।অনেক দিন ধরে আমি অশান্তির মধ্যে ভুগছি।
non_depressive,মানুষের জ্ঞানের ব্যাপক পরিবর্তন হয়েছে সাইন্সের মাইরে বাপ
non_depressive,"রাসুল সাঃ বলেছেন , সোমবার ও বৃহষ্পতিবার জান্নাতের সমস্ত দরজা খুলে দেওয়া হয় এবং মুশরিক ব্যতীত সকলকে ক্ষমা করে দেওয়া হয় । কিন্তু ঐ ব্যক্তি ব্যতীত যে তার ভাইয়ের সাথে হিংসা পোষণ করে । ফিরিশতাদের বলা হয় সংশোধন হওয়া পর্যন্ত তাদের অবকাশ দাও । মুসলিম , মিশকাত হাঃনং , ৫০২৯ । "
non_depressive,বাংলা সিনেমার বেশিরভাগই ফ্লপ
depressive,উপন্যাস সাক্ষী আছে যার কাছে প্রথম প্রেম শেখা তার সঙ্গে বাধা
depressive,ভাই চাকরি জিবি কথা ছাড়েন রিকশা শ্রমিকদের কথা ভাবেন
depressive,হুম ভাই প্রেম করতে পারি তাই ডিপ্রেশনে আছি
depressive,মৃত্যু তুচ্ছ তোমার কাছে তুমি একবার ভালোবেসেই দেখ কিভাবে সহস্র বছর বাঁচি
depressive, কারো প্রতি সিরিয়াস হওয়া মানে নিজেকে ডাস্টবিনে পরিণত করা যেখানে লেখা থাকে আমাকে ব্যবহার করুন ! আজব দুনিয়া
non_depressive,উপর দিয়া ডিজিটাল ভিতর দিয়া বাংলা টায় বাংলাদেশ
depressive,আমি আবারও হারানোর ভয়ে হারিয়ে গেছি।
non_depressive,নাটকটা সত্যিই শেষটা সুন্দর ছিল
non_depressive,সমুদ্রের হাতে শর্ট গানা চাই বলে জমি দখিনা
non_depressive,নাটকটা আমার কাছে অনেক ভালো লাগেছে
non_depressive,এরাই এদেশের সোনার ছেলে
non_depressive,বাংলাদেশ যারা ABU DHABI ওমান কাতার সৌদি আরব বাহরাইন কুয়েত ইতালি সিঙ্গাপুর মালয়েশিয়া জর্ডান নেপাল শ্রীলংকা ইন্ডিয়া ইরাক বিশ্বের দেশেই আছেন
depressive,আমি জানি আমি কখনোই আত্মহত্যা পথে যাবো না।অনেক দিন ধরে আমি অশান্তির মধ্যে ভুগছি।
non_depressive,ঈদে আমি প্রিয় দুইজনের নাটকের অপেক্ষায় ছিলাম
non_depressive,তথ্য প্রযুক্তি পড়ুয়াদের দিয়ে রাজ্য সরকার বিভিন্ন ধরনের অ্যাপ তৈরি করাবে : 
depressive,আমার কাছে শুধু মনে আমার জন্য দুনিয়া আমার শুধু সুইসাইড চিন্তা মাথায় ঘোরে।
depressive,এদের যন্ত্রণাই ইউটুবে দুকি
non_depressive,কবরে যাওয়ার প্রস্তুতি দেওয়া হচ্ছে রোগী টাকে
depressive,প্রতিদিন আমি আরও দুঃখে ডুবে যাচ্ছি। সবার মাঝে আমি নিজেকে হারিয়ে ফেলার মধ্যে অবজ্ঞা করছি।অনেক দিন ধরে আমি অশান্তির মধ্যে ভুগছি।
non_depressive,"মানুষকে ভাল এবং মন্দ উভয় প্রকার কাজ করার শক্তি দেয়া হয়েছে । জীবন তার জন্য পরীক্ষার সময় বা অবকাশ মাত্র । সে ভাল মানুষ না খারাপ মানুষ , এ পৃথিবীতে কাজের মাধ্যমে সে যাতে তার প্রকাশ ঘটাতে পারে সেজন্য আল্লাহ প্রত্যেককে কাজের সুযোগ দিয়েছেন । "
non_depressive,"প্রচুর ধোয়া জাতিও ইঞ্জিনের ঘ্রান আর দেয়াল ঘরের রঙের ঘ্রান আমার খুব ভাল লাগে মাঝে মাঝে মনে হয় , ধোয়া এবং রঙ খেয়ে পেলি ফরমালিন গবেষক । "
depressive,"মদ বিক্রেতাকে কারো কাছে যেতে হয় না , কিন্তু দুধ বিক্রেতাকে বাজারে যেতে হয় , আমরা সর্বদা দুধ বিক্রেতাকে বলি দুধে পানি মেশাওনি তো , অথচ মদে মানুষই পানি মিশিয়ে খায় । আজ পর্যন্ত মানুষকে এইটুকো চিনলাম জানোয়ার বললে ক্ষেপে যায় , আর বাঘের বাচ্ছা বললে খুশী হয় অথচ দুটোই পশু । মানুষ বড়ই আজব ! "
non_depressive,কোথায় আপনারা যারা বলেন দেশে সুশাসন সৃষ্টি হয়েছে আপনাদের দৃষ্টি আকর্ষণ করছি
non_depressive,বিশ্বাস করেন রাসেল ভাই চ্যানেল গুলোরএই অধঃপতন দেখে আমার মনে ঈদের আনন্দ চলে আসেtrpএর সাংবাদিকদের নৈতিক বিবর্জিত কাজ।এগুলো নিউজ
depressive,ভুড়ি ভোজ করতেছে আর বাম হাত দিয়ে পানি খাইতেছে এই ভন্ডকে চিনতে পারছেন এই শয়তান ইসলামী ফাউন্ডেশনের চেয়ারম্যান শামীম আফজাল মূর্খ ভন্ড এই শয়তান পাবলিক টয়লেট পরিচালক হওয়ার যোগ্য নয় অথচ তাকে ইসলামী ফাউন্ডেশনের মহাপরিচালক বানানো হলো 
non_depressive,শহরের বিবাহ বিচ্ছেদ চোখে পড়ে তাই গবেষনায় আসে গ্রামের বিয়ে লুকায়ে বিচ্ছেদ লুকায়ে
non_depressive,আমরা কথাই বলি কেন জনগনের ভোটে নির্বাচিত হলে জনগণের প্রতি কোন দায়বদ্ধতা থাকে না। এজন্য ভোটের প্রয়োজন।
non_depressive,আমি always কমেন্ট পড়তে ভালবাসি মানুষের অনুভূতি প্রকাশ করে
depressive,আমি সময় অনুমান করি আমি কোন কারণে অসন্তুষ্ট।কাজের মানসিকতা সম্পন্ন কোন শিক্ষিত সমাজ পাবোনা বেকারত্বের ভুগবে
non_depressive,নাটকটা আমার কাছে অনেক ভালো লাগেছে
non_depressive,রাকিব দেশ থেকে বের করে দেওযা হোক
depressive,সেকেন্ড চোখের পানি ছাড়া নাটক দেখতে পারি নাই
depressive,বালিকা তুমি যতটা দুঃখ কষ্ট পেলে কাঁদো আমি তার চেয়েও বেশি
depressive,লেখাটি পড়ে আমার অত্যন্ত বেদনার ঘোরে পড়েছে। আসুন দেশটাকে গিলে খাই ভাত উপর চাপ কমাই
depressive,মনে রাখা যায় আমি কখনো সত্যিকারের খুশি হয়িতাম।
non_depressive,এসব মাস্তানদের দেশ ছাড়া করার দরকার এসব মাস্তানি এখানে চলবে
non_depressive,সুষ্ঠু বিচার চাই
depressive,আমাদের প্রতিটি শুধু একটি বিপর্যয়ের চিহ্ন।আর কষ্ট দিবিরে তোরা বাঙালি
non_depressive,শাহবাজ রাইট বলেছে
depressive,এখন আমার ভালো থাকা আমার উপর নেই এখন আমার আমি বাঁচে ঘিরে তোমাকেই
non_depressive,ইসলাম উত্তম জীবন ব্যবস্থা
depressive,ওহে বৎস ধরিয়া মৎস বেচিয়া গঞ্জে আকুল কুঞ্জে নাহি খাইয়া খাজা কেন তুমি ভক্ষন করিয়াছো মেয়াদ উত্তীর্ণ গাজা
non_depressive,কখনো জুয়া খেলবে না । পরিশ্রমলব্ধ সম্পদ ভোগ কর ও পরিতৃপ্ত থাকো । পরিশ্রমলব্ধ সম্পদই সত্যিকারের সুখ দিতে পারে । বেদ
non_depressive,আলহামদুলিল্লাহ ঈমানের শক্তি বারিয়ে দাও
non_depressive,খবর আবার টিভিতে দেন আপনারা বাহ বাহ।
depressive,আমার এখন শূন্যে নিমগ্ন একটি হারানো সময়ের সাথে ধৈর্য হারিয়ে গেছে।
non_depressive,খুবই ফজিলত পূর্ণ আলোচনা।
non_depressive,বস্তাপচা গল্পের ভিড়ে এখনো কিছু সুন্দর নাটক নাটকটা ভিতর ছুঁয়ে গেল
depressive,সঠিক ভাবে কোন পাওয়া যায় না। সামান্য কিছু টাকা পেতে ব্যাংকে ধরনা দিয়েও কাজ না।
depressive,পীরের মুখে দাড়ি নাই মাথায় টুপি নাই তিনি নাকি আবার জাকের পার্টির হারামজাদা
non_depressive,সাবলীল অভিনয় অসাধারণ এক্সপ্রেশন তটিনী মানেই স্পেশাল কিছু মনে গল্প বাস্তবে ডুবে ছিলাম এতোক্ষণ টুপি খোলা অভিবাদন ইয়াশতটিনী জুটি।
non_depressive,এখন বাস রাস্তায় চলাচলে বন্ধ করে দেওয়া হোক। তাদের সূত্র অনুসারে
depressive,দেশের অবস্হা ভালো না।
depressive,ঈশ্বর খুবই দুঃখজনক ঘটনা
depressive,করা যায় কেউ আসবে আমার জীবনে আমি করবো প্রশ্নগুলি সর্বদা মনে থাকে।
non_depressive,"হুরেরেরেরেরেরেরেরেরেরেরে অবশেষে সিলেট , বরিশাল ও রাজশাহীতে বিপুল ভোটে আওয়ামী সমর্থীত জালিয়তির মেয়র প্রার্থীরা বিজয়ী হয়ে গেছে ঝৈ বাংলা সার্কাস সামলা "
depressive,"১৯৯৯ সালে ১৮৫ ধারায় প্রস্তাবে বুদ্ধদেব ভট্টাচার্য বলেছিলেন , ভাষাতত্ত্ব ও ইতিহাসের উপরে দাঁড়িয়ে রাজ্যের নাম বাংলা করতে চাই । অনেক বিশিষ্ট জনও এটা চেয়েছিলেন । ইঙ্গ বঙ্গ কলিঙ্গের চেয়ে বাংলাই ভাল ! : "
non_depressive,মাদ্রাসা ছাপ রোগীর জন্য মাদ্রাসা ছাপ চিকিৎসক
depressive,আবার বিজেপি কর্মী খুন ছিঃর উন্নয়ন বাহিনীর হাতে । মন্দির বাজার এলাকার বাসিন্দা শক্তিপদ সর্দারকে কুপিয়ে মারা হল কিন্তু পুলিশ প্রশাসন চুপ । দ্বিচারিতার কোন পর্যায়ে চলে গেলে একটা সরকার এতটা নির্মম হতে পারে ? আমি ওনার পরিবারকে গভীর সমবেদনা জানাই । : 
depressive,এ কান্না আজ সারা দেশের : রুবেল হোসেন : 
non_depressive,আলহামদুলিল্লাহ নিয়ে
depressive,দুবাই আসলাম আমার ট্রলি ব্যাগ ধরার অবস্থা ছিলো ভেঙে চুরমার
non_depressive,টাকা আমাদের কাছে দিলেও কয়টা গাছ লাগাইতাম
non_depressive,ইয়াশ রোহান তটিনীর নাটক কার কার ভালো লাগে
non_depressive,রাজীব মিমের পরিবারকে ৫ লাখ করে টাকা দিতে নির্দেশ : 
depressive,হলে লাভ হলো অপরাধী অপরাধ করে পার পেয়ে যাবে
depressive,হতাশ হবেন কেউ। আল্লাহ সবার পাশে আাছে। তার কাছে চান। তিনি দিয়ে দেবেন।
depressive,কেন মেঘ আসে হ্নদয় আকাশে তোমারে দেখিতে দেয় মাঝে মাঝে দেখা পাই চিরদিন কেন পাই না।
depressive,অনেক কিছু সম্পর্কে অজানা হওয়া অনেক বেশি কষ্টদায়ক যেন হৃদয়ের মুখে একটা ঘুম পড়ে যায়।
non_depressive,কলেজের শিক্ষকদের একবারে বহিষ্কার করার জন্য আহবান করছি
depressive,"টুইটারের তিন ওলা বিবি চিনে নিন এই তিন ওলা বিবি কে ১ । টুইটারের যক্ষ্মা রোগী ২ । টুইটারের ধনুষ্টংকার রোগী ৩ । টুইটারে বসন্ত রোগী । এদের মধ্যে হলো টুইটারের দেওয়ানবাগী পীর , আর বাকী দুজন হলো ঐ দেওয়ানবাগীর পীরের মুরিদ"
depressive,আমার শরীরের এসব পার্শ্ব প্রতিক্রিয়া দেখা গেছে
non_depressive,আলহামদুলিল্লাহ বরিশাল এগিয়ে আছে
depressive,বিজেপি হঠাও দেশ বাঁচাও রাজ্য সভায় বিরোধীতা তৃণমূল কংগ্রেসের রাজনৈতিক উদ্দেশ্যই বাদ ৪০ লাখ : রাজ্যসভায় তৃণমূলের নিশানায় কেন্দ্র : 
non_depressive,শর্টগান লাইসেন্স থাকলে মানুষের বুকে ঠেকিয়ে হুমকি দেওয়া কোন আইনে আছে
non_depressive,বর্তমানে অটো রিক্সার মতো সাংবাদিক বেশি হওয়ার কারণে অটোওয়ালারা যাত্রী পাচ্ছে না।
depressive,বিপদের মধ্যে আমি সময় একটি অন্ধকারে বিশ্রাম পাই যেখানে কোনও প্রকাশ নেই।
non_depressive,আলহামদুলিল্লাহ আমি একটা টিকা নেই৷ নাই
non_depressive,এটা সম্পূর্ণরূপ ফেক নিউজ।
depressive,"এ কান্না শুধু তাদের সহপাঠী , পরিবার , আত্মীয় স্বজনের নয় ! এ কান্না আজ সারা দেশের , প্রত্যেক মানুষের । "
non_depressive,ইন্না লিল্লাহি ওয়াইননা ইলাইছি রজিউন
depressive,রাস্তায় ফেলে গেলেও ছেলেটা বাঁচতে পারত
depressive,বিজেপি কে অক্সিজেন দিচ্ছেন অধীর : শুভেন্দু অধিকারী : 
non_depressive,নিউজের এতই অভাব পড়ছে শেষ মেষ এইসব নিয়াও নিউজ বানানো লাগে
depressive,করবে দেশে কোন হাসপাতালে ভালো চিকিৎসা নেই কারন সরকারি হাসপাতালে রোগী রেখে ডাক্তার ফোনে ব্যসত থাকে
depressive,মৃত্যুর যন্ত্রণা মেনে নেওয়া যায় কিন্তু জীবন্ত মানুষ চলে যায় সেই যন্ত্রণা মনে নেওয়া যায় আমার রাজ কুমারি আমার ছেড়ে চলে গেছে
non_depressive,"১৫ কেন্দ্রে জাল ভোট , বিএনপির দাবি ৪১ : "
non_depressive,"রাসূল সা বলেছেন , যে আল্লাহর নিকট কিছু চায়না আল্লাহ তাহার প্রতি অসন্তুষ্ট থাকেন । "
depressive,গুলো আছে আমার মাঝে বেড়িয়ে আসতে চেয়ে পারতেছি
non_depressive,মোটর সাইকেল জন্য এক্সিডেন্ট হইছে
non_depressive,বাংলাদেশের বক্স অফিস দানবক্স
non_depressive,অপরাধীদের কঠিন থেকে কঠিন শাস্তি প্রধান করা হোক
non_depressive,ক্ষমতা শুধুই ক্ষমতা।
depressive,পেটে ভাত থাকলে আমি উন্নয়ন দিয়ে করবো hardly true
depressive,আপনারে দেখে আপনার কথা শুনে আমি আপনার জন্য আমার নিয়ন্ত্রণ হারিয়ে ফেলছি।
non_depressive,"আমার সন্তুষ্টি লাভের জন্য যারা পরস্পরের মধ্যে মহব্বত রাখে , একে অপরের সঙ্গে বসে , একে অপরের সাথে সাক্ষাৎ এবং একে অপরের জন্য খরচ করে , তাদের জন্য আমার মহব্বত ও ভালবাসা ওয়াজিব হয়ে যায় । আহমাদ ২১৫২৫ , ২১৬২৬ , মুওয়াত্তা মালিক ১৭৭৯ "
non_depressive,আল্লাহ তায়ালা হেফাজত করুক
depressive,"গ্রামে , মেয়েরা অবৈধভাবে জিং জিং করলে , তাদের চুল কেটে দেয়া হতো ; এখন সেটা আবার চালু করার দরকার । জিং জিং প্রেম বেড়ে গেছে ! "
depressive,রাজশাহী সিটি কর্পোরেশন নির্বাচেনে ভোট কেন্দ্রে বিএনপি প্রার্থী মোসাদ্দেক হোসেন বুলবুলের সন্ত্রাসী কর্মকান্ড দেখুন 
non_depressive,একদিনে পযাপ্ত আমদানি
non_depressive,গর্জে ওঠো বাঙালি বাংলাপক্ষ জয়বাংলা 
depressive,"কে ভেবেছিল প্রাণগুলো এভাবে ঝড়ে যাবে রাস্তায় ? ধিক্কার ওসব বাস ড্রাইবারদের । ওদের ছেলেমেয়েগুলো এভাবে মারা গেলে বুঝবে , এ ঝড়ে যাওয়া কত টা কষ্টের"
depressive,সরকারি হাসপাতালে কোনো চিকিৎসা দেয় প্রাইভেট হসপিটালে চিকিৎসা করাতে অনেক টাকা লাগে
depressive,চুরির সাথে মনে হচ্ছে তাদের যৌবনেও হাত দিয়েছে বুঝিএদের কঠিন বিচার করা হোক।
depressive,শোক একটা কেটে ওঠতে ওঠতেই আরো দুটো লাশ পেলাম আমরা বাঙালি দূর্ভাগা জাতি মাতমেই মাস কাটে বছর ঘুরে
non_depressive,ভুমি আইনের বিধি মালা এজন্য জারী করা হচ্ছেনা
non_depressive,অসাধারণ মনের ভাষা প্রকাশ করার মতো
depressive,মনের কষ্ট কাউকে বলতে পারাটা হলো ডিপ্রেশনের মূল কারণ। মনের কথাগুলো বলার লোক পাই তাই ডিপ্রেশনে থাকি।
depressive,দেনা করে অথবা সংকটাপন্ন অবস্থায়পরে সংসার চালিয়ে নিতে হচ্ছে।
non_depressive,আলহামদুলিল্লাহ ইসলাম পঁচার করুন আল্লাহ ডাকুন নামাজপডুন
non_depressive,আসলে এরা কারা আমি চিনতে পারছি
non_depressive,আপনারা স্কুল কলেজে শিক্ষা দিচ্ছেন তার এটা
non_depressive,বাহ্ বাহ্ বাহ্ বাহ্ চমৎকার।। সোনার বাংলায় কিছুই সম্ভব।।
depressive,টিকা দেওয়ার এলার্জি চরম ভাবে আক্রান্ত হয়েছি আমাদের গ্রামের অনেকের সমস্যা।
depressive,ডিপ্রেশনে মাঝে মাঝে চায় দুনিয়া থেকে বিদায় নিয়ে যাই
depressive,নিজের একটি চোখ বিক্রি করে আইফোন কিনে সবাইকে দেখিয়ে বেরাচ্ছেন আমাদের নিমা পরোটা বাবা সার্টিফিকেট দিয়ে আমি করবো মনে চায় মরে যাই
non_depressive,আলহামদুলিল্লাহ সংসার ছোট্ট বেবিকে নিয়েও তুলতে পেরেছি একা বাচ্চা মানুষ করা তাই পড়ার সময় পাইনি ফাকে ফাকে পড়ে এমন রেজাল্ট আলহামদুলিল্লাহ
non_depressive,ফয়সাল মাহমুদ ভাল বলছো।
non_depressive,আবহাওয়া অফিস করবে সবকিছুর মালিক আল্লাহ আসুন সবাই মিলে তওবা করে আল্লাহর কাছে নামাজ পড়ে দোয়া করি আল্লাহ রহমত করবে বিযটি দিবে
depressive,"প্রাচীন সভ্যতা গড়ে উঠত সমুদ্রতীরে নদীতীরে , আধুনিক যুগে বসতি গড়ে উঠে আধুনিক সড়ক অথবা রেল যোগাযোগ কে কেন্দ্র করে , কিন্তু এখন একুশ শতকের অর্থনৈতিক কর্মকান্ড সম্পূর্ণ নির্ভর করে যে দিক দিয়ে ফাইবার অপটিক কেবল গিয়েছে সেটা কে কেন্দ্র করে ! "
depressive,"দুঃখ্যে দিলে কষ্ট দিলে , মনটা দিলেনা ভাল বেসে দুরে গেলে কাছে এলে না"
depressive,কাজের মানসিকতা সম্পন্ন কোন শিক্ষিত সমাজ পাবোনা বেকারত্বের ভুগবে
non_depressive,পাচার কমাতে তেলের দাম বাড়ানো চুরির ভয়ে নিজের সম্পদ অন্য দিয়ে দেওয়া সমান কথা তাই এসব ছাগলামি জনগনের সাথে করলেই ভালো
depressive,জীবনের সবচেয়ে দুঃখজনক দিনগুলি আমার জন্য সবসময় অবিচ্ছেদ্য।
depressive,ঘন্টা পরিক্ষামাঝে ঘন্টা বিরতি প্রশ্ন ফাঁস নিয়ে হবে রমা ব্যবসা
depressive,আমার তিনটা ভাই মাস্টার্স করে এখন বেকার হয়ে হতাশা হয়ে আছে। যানিনা তাদের কপালে অপেক্ষা করছে।
depressive,সত্যি কারের ভালোবাসা মানুষকে জীবন্ত লাশ বানিয়ে দেয়
non_depressive,গুরুত্বপূর্ণ সংবাদ বছরে দুইবার করা উচিত সেই সাথে সমাধানের ব্যবস্থা করা
non_depressive,সেই কুবাবা তার কুসন্তানের ছবিসহ প্রতিবেদন তৈরি করলে আরো ভালো হতো কঠোর শাস্তি সামাজিকভাবে লজ্জা পাওয়া একান্ত জরুরি
non_depressive,ধর্মের সবেচেয়ে সুন্দর সরল
non_depressive,চট্রগ্রামকক্সবাজার রোডে বাসগুলো খুব বেশি জোরে চালায় ওদের ইচ্ছেমত খুব খারাপ ভাবে বাস গুলো চালায়দেখে মনে বিমান চালায় রোডে
depressive,বস্তির অল্পতে বেশি উঠলে কি।
non_depressive,এতদিন পরে নিউজ
non_depressive,"বালিকা , যতই জিন্স আর টি শার্ট পড়ো না কেন বাঙ্গালী ছেলেদের দুর্বলতা মানেই শাড়ি আর স্কুল ড্রেস দেবদাস"
non_depressive,যেমন খুশি তেমন চলো পদ্ধতিতেই চলছে অনেকটা। নিয়ন্ত্রণে আনা লাগাম টানার কোনো অবস্থা নেই।
depressive,বর্তমানে হারে টিকটকার বাড়ছে ওটা টিকটক ছিলো নাকি সত্যি সত্যি মারা মারি ছিলো পুলিশের বুঝা দায় হয়ে গেছে
non_depressive,একজনকে ভালোবাসুন ঠকার কোন চিন্তা নাই তিনি হচ্ছেন হযরত মুহাম্মদ সা : 
depressive,বেতন বাড়ালে কর্মচারীরা সংসার চালাবে কীভাবে।
non_depressive,অবাক হলাম ডিজিটাল বাংলাদেশের অবস্থা
non_depressive,দ্রব্যমূল্যের দাম বলে কোন কিছু নেই। তাই শুধু দ্রব্যমূল্য অথবা দ্রব্যের দাম বলতে হবে। বিবিসির কাছ থেকে ধরনের ভুল কাম্য নয়।
non_depressive,আমিও ফ্লোরে থাকি কিছুদিন শহরে যাবো আল্লাহ ভালো জানেন হবে
non_depressive,যেমন তেমন ড্রাইভার লাইসেন্স দেওয়া হয় টাকার বিনিময়ে।এই দেশ ঠিক হবে কিভাবে।
non_depressive,মুভিটা অনেক সুন্দর আপনারা দেখতে পারেন আমি কিন্তু দেখেনি
depressive,"মহাভারতে সঞ্জয় যেভাবে যুদ্ধক্ষেত্র থেকে বহুদূরে অবস্থান করেও ধৃতরাষ্ট্রকে যুদ্ধের বর্ণনা দিয়েছেন , তা থেকেই বোঝা যায় সেই যুগেও ইন্টারনেট ছিল , স্যাটেলাইট ছিল । না হলে চোখ দিয়ে তিনি অতদূর দেখতে পেতেন কী করে ! ত্রিপুরার মুখ্যমন্ত্রী বিপ্লব কুমার দেব । উৎস : বিবিসি"
non_depressive,এদেরকে ধরে এমন শাস্তি দেওয়া দরকার যাতে শাস্তি দেখে মানুষ অপরাধ করতে বার চিন্তা করে
depressive,গতো আঠারো তারিখে আমরা একটা লাগেজ নষ্ট করেছে শাহজালাল বিমানবন্দরে
non_depressive,সিলেট আ লীগ বলেছিল তারা নাকি ঐক্যবদ্ধ ! সিলেটবাসীকে বলবো ক্লিন ইমেজের প্রার্থী জুবায়ের ভাইকে টেবিল ঘড়ি প্রতিকে ভোট দিন । : 
depressive,জানিনা কোন পাপের শাস্তি হিসেবে পোষ্ট গুলো চুখের সামনে আসে
depressive,নিয়ে দিয়ে ভালো প্রমানের চেষ্টা করলো আমরা অভিনন্দিত হলাম বাহ সার্টিফিকেট দিয়ে আমি করবো মনে চায় মরে যাই
non_depressive,ইসলামের মধ্যে আছে শান্তি ইসলাম বলে দেনমোহর বরকত বেশি
depressive,আমি জীবনের কিছু হারিয়ে দিন দিন ডিপ্রেশন ডুবে যাচ্ছি তাই আজকে কয়দিন যাবোত মরতে চাইতে কিন্তু মারতে পারতেছি
depressive,আমি সময় স্বপ্ন দেখি আমি হারিয়ে যাচ্ছি এবং আমি কোনও সমাধান খুঁজতে পারি না।
non_depressive,সড়ক দুর্ঘটনা নিয়ে চালকদের যা বললেন রুবেল : 
depressive,আমি সময় অনুমান করি আমি নিজের সাথে সন্তুষ্ট নই।আমি সময় অনুমান করি আমি যেটা প্রয়োজন তাতে আমি সেটা করতে পারবো
depressive,আমার জীবনের কঠিন সময়ের অবসান হবে কবে যানি
non_depressive,ভারত থেকে বেকার নিয়ে এসে চাকরি দেন
depressive,Mordana টিকা দেওয়ার ফলে আমার শরীরে অস্বাভাবিক ব্যাথা ঢুকে গেছে।এখন মিনিটও ব্যাথা ছাড়া থাকতে পারিনা
depressive,জীবনের প্রতিটি পর্বে আমরা মনে করতে পারি আমাদের অনন্ত দুঃখের প্রাণী।আর কষ্ট দিবিরে তোরা বাঙালি কান্না সারা দেশের
non_depressive,মন্দিরবাজারের ধনুরহাট অঞ্চলের শক্তিপদ সরকার একজন ক্রিমিনাল ছিলো সাম্প্রতিক মন্দিরবাজার থানার বোমাবাজি সংক্রান্ত ৫২ ১৮ নং মামলার অভিযুক্ত সে পূর্বে ২০০৪ সালে মন্দিরবাজার থানার পুলিশের হাতে সে হয় অপরাধমূলক কোনো গোষ্ঠীদ্বন্দ্বের জেরেই তার মৃত্যু হয়েছে 
non_depressive,তারিখ দেখলাম নাটক অনেক ভালো লাগলো এবং কমেন্ট করে গেলাম
non_depressive,বিস্তারিত অন্যকোন নিউজে পাইনিআল্লাহ পরিবারকে ধৈর্য ধরার তৌফিক দেন
non_depressive,দূর্নীতিবাজদের হারামের টাকার ফলাফল।
depressive,বাংলাদেশর সিনেমা গজত শেসের পথে।
non_depressive,শিক্ষকরা ঘুমিয়ে ঘুমিয়ে বেতন পেলে এমনতো হবেই
depressive,ধর্মের বাধা আছে বলেই আজো বেঁচে আছে হাজারো জীবন্ত লাশ
depressive,একজন মেয়েকে বিনা বেতনে বছর বাসায় কাজ করিয়ে মেয়েটার বিয়ের সময় হাজার টাকা দেয়া হয়ছে
depressive,লেখাটি পড়ে মনে হচ্ছে জীবনের সমস্যা দুঃখের অনেক সম্ভাবনা আছে কিন্তু সমাধানের নেই। কান্না সারা দেশের
non_depressive,ইস্যুটা সামনে আনার জন্য ধন্যবাদ
depressive,মানুষটার জন্য কাঁদতে কাঁদতে এখন চোখে পানি আসেনা
non_depressive,সিলেট আ লীগ বলেছিল তারা নাকি ঐক্যবদ্ধ ! সিলেটবাসীকে বলবো ক্লিন ইমেজের প্রার্থী জুবায়ের ভাইকে টেবিল ঘড়ি প্রতিকে ভোট দিন । : 
non_depressive,সমষ্যা থেকে উত্তরনেের মাত্র সঠিক রাস্তা পাঁচ ওয়াক্ত নামাজ জামাতের সহিত আদায় করা।
depressive,আচ্ছে দিন এসেছে গরু মাতা হলে বলদতো পিতা আর মেয়েরা দেশের বোঝা তাই লাঙন টানাটাই এদের কাজ কি দেশ আমাদের যেখানে মেয়েরা প্রাপ্য সন্মানটুকুও পায়না 
depressive,ফসলের দাম নেই । কিষান মান্ডি গুলো চালু নেই । শূন্যপদে নিয়োগ নেই । শিল্পে বিনিয়োগ নেই । চাকরি নেই । বাংলা তে আসলে গণতন্ত্র নেই । ধিক্কার 
depressive,দিল্লিতে অনাহারে মৃত্যু বেআব্রু অাচ্ছে দিন তিন শিশুকন্যার দানা খাবার জোটেনি দিন
depressive,প্রভাত এখনো দাঁত ব্রাশ করেননি
depressive,গায়েব নয় দাঁত মেজেই লাখ হাজার মেট্রিকটন কয়লা শেষ
non_depressive,এসি রুমে বসে বেতন নিতে পারলে। গরমে বের হওয়ার দরকার কি।
non_depressive,ঠিকানা পাঠিয়ে রাখেন যোগাযোগ করে দেখি কিছু করতে পারিকিনা আপনাদের জন্য।
non_depressive,লোকটাকে হিরো বানিয়েছে বাপকে জেলে দেওয়ার দরকার
depressive,দিল্লিতে অনাহারে মৃত্যু বেআব্রু অাচ্ছে দিন তিন শিশুকন্যার দানা খাবার জোটেনি দিন
non_depressive,মুভিটা অনেক সুন্দর আপনারা দেখতে পারেন আমি কিন্তু দেখেনি
non_depressive,পদ্মাপাড়ে একাকার মেঘলার দেশ আর প্রেম ? কেমন করে ? দেখুন মাটি : : 
depressive,"আমি নির্লজ্জ বেহায়া , গাঞ্জাখোর মানুষ দেখিনি , দেখেছি বলদ নামের হাসান মাহমুদকে । নিকৃষ্ট পথভ্রষ্ট্র লেখিকা তাসলিমা নাসরিন যেমন কখনও সন্তান প্রসব করতে পারবে না , হাসান মাহমুদও কখনো মিথ্যা গাজাঁখোরী ছাড়তে পারবে না "
non_depressive,জানিনা কেন নাটক দেখে ছুঁয়ে যায় দুজনের অভিনয় মারাত্মক স্টরি গুলো খুব ভালো ভালোবাসার মানুষ পাশে থাকলে সবকিছু করা যায় আবার তাকে ছেড়ে যাওয়া যায় না।
depressive,পেরেমে পেরেমে সময়কাল চলে যাচ্ছে
non_depressive,প্রশাসন করবে টাকার কাছে আইন অসহায়
non_depressive,মহান আমাদের পরিপূর্ণ সুস্থ্য রাখুুন। আমিন
depressive,"চৌকিদার , ঠেকেদার , ভাগীদার নয় সংবিধান সমঝদার একজন প্রধানমন্ত্রী প্রয়োজন "
depressive,উচ্চ শিক্ষা অর্জন করাটাও ক্ষেত্র বিশেষে অভিশাপ।
depressive,জীবনের মৃত্যুর পথে আমি অবশ্যই ভুগছি।
depressive,পরিচালকের এখন অবস্থা জাতি জানতে চায়
non_depressive,যথাপযুক্ত সময়ে কথা গুলো তুলে ধরার জন্য বিবিসি সাংবাদিক ভাইকে ধন্যবাদ।।।
non_depressive,লাইসেন্স পেলো ভাবে। তার লাইসেন্স বাতিল হবে
depressive,সেদিন পাড়ার টং এ লোকটা বলেছিল আরে ভাই আগে লাইসেন্স বানায়া লন । ড্রাইভিং পরে আমি শিখায়া দিমু নি । মামু
non_depressive,সময় টিভির সকল ভাই বোনদের আল্লাহতালা সকল বিপদ আপদ থেকে হেফাজত করুন আমিন।
non_depressive,এটাও সম্ভব আল্লাহ মাফ করো
non_depressive,"মানুষকে ভাল এবং মন্দ উভয় প্রকার কাজ করার শক্তি দেয়া হয়েছে । জীবন তার জন্য পরীক্ষার সময় বা অবকাশ মাত্র । সে ভাল মানুষ না খারাপ মানুষ , এ পৃথিবীতে কাজের মাধ্যমে সে যাতে তার প্রকাশ ঘটাতে পারে সেজন্য আল্লাহ প্রত্যেককে কাজের সুযোগ দিয়েছেন । "
non_depressive,"যখন নিঝুম রাতে , সবকিছু চুপ , নিষ্প্রাণ নগরীতে ঝিঁঝিরাও ঘুম আমি চাঁদের আলো হয়ে , তোমার কালো ঘরে জেগে রই সারা নিশি এতটা ভালোবাসি"
depressive,আমি সময় অনুমান করি আমি অন্যের জন্য পর্যাপ্ত নই।আমি সময় অনুমান করি আমি যেটা প্রয়োজন তাতে আমি সেটা করতে পারবো
depressive,"সৌন্দর্যায়নের নামে সেক্টর ফাইভে হকার উচ্ছেদের ঘোষণার পরেই পথের পাশের দোকানদাররা বিক্ষোভে সোচ্চার হয়েছেন । কিন্তু বামফ্রন্ট সরকারের সময়কালে তৈরি শিল্প তালু কের রাস্তার অবস্থাই ভয়াবহ । উচ্ছেদ অভিযানের ঘোষণা ঘিরে আতঙ্ক , অনিশ্চয়তায় দিন কাটাচ্ছে বহু মানুষ । "
non_depressive,অসাধারণ নাটক খুব ইমোশনাল
depressive,সিন্ডিকেট কিছুর মধ্যে সাধারণ মানুষের কষ্টের দার দারেনা সরকার দুই একটা ছোট খাটো জরিমানা শুধু wash
non_depressive,এখন দেখি সেই ভাইরাল কিডনি নাটকের সাথে মিলে গেল আমি  সালে পাস করসি যুগে পাসের সমান
non_depressive,বলার ভাষা কখন শুরু থেকে শেষ হয়ে গেল বুঝলাম তাদের দুজনের অভিনয় অসাধারণ
non_depressive,এটাকে থেকে লাথি মেরে বেরকরে দিয়ে শাস্তির আওতায় আনা হোক
depressive,যেখানেই যাই তোমার স্মৃতিগুলো ভীষণ মিস করবো।ভালো থেকো আমার হওয়া সংসার
depressive,চোখ বন্ধ করতে লাগে যদি তোমাকে দেখি কথাটা
non_depressive,অপরাধীর ফাঁসি চাই
non_depressive,বাংলাদেশে যেন একটা  কোটির সিনেমা বানিয়েছিল
depressive,অসমাপ্ত ডায়েরিটা বড় কর্কশ কন্ঠে প্রতি রাতেই আর্তনাদ করে উঠে বলে শেষ করো অসম্পূর্ণ যন্ত্রনা
depressive,নিজের বাবাকে যদি এভাবে মারতো তাহলে এমনিই চুপ থাকতো
non_depressive,সেই কুবাবা তার কুসন্তানের ছবিসহ প্রতিবেদন তৈরি করলে আরো ভালো হতো কঠোর শাস্তি সামাজিকভাবে লজ্জা পাওয়া একান্ত জরুরি
non_depressive,সময় আল্লাহর ভরসা করি
depressive,হতাশা দুচিন্তা বেকারত্বের প্রধান কারণ।
non_depressive,আপনার মতো শিক্ষক থাকলে একদিনও স্কুল মিস দিতাম ভাইয়া ।Lots love
non_depressive,হেলপারের মাথা কেটে রাস্তায় পড়ছে
non_depressive,পুরান হয়ে গেছে নিউজ৷ এতোদিনে খবরে
depressive,বাসের তলায় পিষছে মানুষ হাসছে নরপিশাচ তিন তিনটা লাশ পরেছে কির পোলা লাশ চাস
non_depressive,আলহামদুলিল্লাহ একটাও নেইনি টিকা।
depressive,অতীতের ক্ষতির নাগালে আমার মনে একটা আগ্নাসন দাগ ছিল।
non_depressive,দুনিয়াতে সবাই স্বার্থপর কিন্তু অাজকাল অামরা এতোটাই স্বার্থপর হয়েছি যে কেউ যদি অামাদের ভুল ধরিয়ে দেয় অামরাও তার দোষ ভুল খুজতে উঠে পড়ে লেগে যাই দোষ না পাওয়া পর্যন্ত শান্তি পাই না তবুও নিজের ভুল শুধরাই না ওসমান গনি 
depressive,নিজের জামাইকে এত্ত ভালোবাসমু যেন পাশের বাড়ির ভাইয়া গুলো আফসোস করে বলে আমি যদি তার জামাই হতে পারতাম
depressive,আমার এ ঘর ভাঙিয়াছে যে আমি বাধি তার ঘর আপন করিতে কাঁদিয়া বেড়াই যে মোরে করিলো পর যে মোরে করিলো পথের বিবাগি পথে পথে আমি ফিরি তাহার লাগি 
depressive,আমি সময় অনুমান করি আমি অন্যের মতো হতে পারছি না।আমি সময় অনুমান করি আমি যেটা প্রয়োজন তাতে আমি সেটা করতে পারবো
depressive,সাকিব ক্যাচ মিস করে ছক্কা বানায়া দিলো রুবেল নাম্বার উইকেট পাওয়া থেকে বঞ্চিত
non_depressive,বেবিচক আপনি টিনের চশমা লাগিয়ে বসে থাকেন।কর্মীদের কিছু সাসপেন্স করে দিলে টিক হয়ে যাবে।
non_depressive,আলহামদুলিল্লাহ্‌ নামাজ পড়ার মাধ্যমে ডিপ্রেশন থেকে বেরিয়ে আসতে পেরেছি।
depressive,আমি সময় অনুমান করি আমি নিজের সাথে অসন্তুষ্ট।আমি সময় অনুমান করি আমি যেটা প্রয়োজন তাতে আমি সেটা করতে পারবো
non_depressive,সরকার দেশ ঠিক মতো পাহারা দিতে পারছে
non_depressive,আওয়ামী লীগের লাইসেন্স করা মাস্তান নয়তো সটগ্যান নিয়ে প্রকাশ্যে মাস্তানি করার সাহস পায়
depressive,আহারে আমার সোনার বাংলাদেশ সোনার সরকার সোনার আওয়ামিলীগ সোনার দেশ দেশটা নাকি সাধিন হয়েছিলো আমাদের রক্তের বিনিময়ে
non_depressive,ছেলেদের উচিত দেনমোহর বিয়ের সাথে সাথেই বৌকে দিয়ে দেয়া ছেলেরা করে আমাদের ধর্মে বলা আছে
non_depressive,বেশিদিন ক্ষমতায় তাহলে এভাবেই হয় বাংলাদেশ সরাসরি এদের
non_depressive,পৃথিবীতে টাকার এতো দাম টাকার প্রতি মানুষের এতো লোভ যার টাকা আছে পৃথিবীতে তার মৃল্য আছে 
depressive,এগুলো নিয়ে সরকারের কোনো সমস্যা নেই তবে আমি ভয়ে আছি Sri Lanka মতই হয়ে যায় বাংলাদেশের সোজা কথায় দেউলিয়া
non_depressive,ভাই তোরা সাধারন মানুষদেরকে ভয় দেখাইয়া তোরা ইন্ডিয়া বর্ডারে কাছে
depressive,ভাবতে অবাক লাগে ছিলাম হলাম কেনইবা হলাম কিসের আশাতেই হলাম কার জন্যই এমন হলাম সার্টিফিকেট দিয়ে আমি করবো মনে চায় মরে যাই
depressive,আমি সময় অনুমান করি আমি অন্যের জন্য অপরিচিত।আমি সময় অনুমান করি আমি যেটা প্রয়োজন তাতে আমি সেটা করতে পারবো
non_depressive,সালাই জানে নাবাংলাদেশের রিন  কোটি ডলারের উপর
non_depressive,এরা চিড়িয়াখানা থেকে ছাড়া পেলো কিভাবে।
depressive,কোথাও নেই মানবতা কোথাও নেই বিচার সবখানেতে ঝুলে আছে আজগুবি ফিচার
depressive,"সিলেটে কোতোয়ালী পূর্ব থানা ছাত্রশিবিরের সভাপতি ফাহাদ আহমদ ভাইকে কেন্দ্রের ভিতর ধরে নিয়ে পায়ে বন্দুক ঠেকিয়ে গুলি করেছে আওয়ামী পুলিশ ! ইয়া আল্লাহ ভাইটিকে তুমি হেফাজত করো , আমীন । ওরা আওয়ামী সন্ত্রাসী , ওদের প্রতিরোধের বিকল্প নাই । "
depressive,উন্নয়ন শুধু সরকারের আমলাদের হয়েছেহয়েছে মন্ত্রীদের। কিন্ত সাধারণ মানুষ উন্নয়ন হয়না।
non_depressive,আমাদের মাননীয় প্রধানমন্ত্রী শেখ হাসিনা আপনি ভিডিওটা মনোযোগ দিয়ে দেখবেন আপনার কাছে একটা অনুরোধ রইল
depressive,"নিয়ম ভাঙ্গার মগজ জুড়ে এখন শুধুই ছক , তেপান্তরের নির্বাসনে হারিয়ে গেছে রুপক । "
non_depressive,"আমার ফোনে লাউড দেওয়া ছাড়া কথা শুনা যায় না । এমন সময় এমন যায়গায় লাউড দিয়া ফেলসি , আর লাউড দিসি তো দিসি , কোন মানুষের ফোন কল রিসিভ কইরা যে লাউড দিসি আল্লাহ ! সারাজীবন মানুষ কে গাইল দিয়া আসছি বিধায় আজ এই অবস্থা হইলো হেহেহে ইট মারলে পাটকেল খাওয়া যাকে বলে আরকি"
depressive,জনগণের বেড়ে।বড় উন্নয়ন করে লাভ।কারণ জনগণ যদি বেঁচে থাকে লেন রাস্তাপদ্মা সেতুম্রেট্টরেল এগুলো নিছক বিলাসিতা ছাড়া কিছুই না।
depressive,আমি নিজেও স্বীকার হয়েছি
depressive,আমার কিছুই ভালো লাগেনা শুধু একা থাকতে ভালো লাগে কোথাও দূরে হারিয়ে যেতে মনচায়
non_depressive,নাম চেঞ্জ করর রেড কার্ড রাখলে বেটার হবে মনে হচ্ছ্র
non_depressive,তাহলে বাংলাদেশ ভারত তুলনা করছেন তাহলে টাকার মান কেনো সমান উওর দিয়ে জান
depressive,হেটার্স বেড়ছে সাথে ব্লক লিস্ট টাও লম্বা হচ্ছে ফ্রি থাকছে সম্মান দিলে সম্মান পাবে লাইক দিলে লাইক পাবে দুইটার মধ্যে কোনো পার্থক্য নাই টুইটার
non_depressive,আমার কাছে সবই পরিকল্পিত মনে হয়।
depressive,ভারতের আসাম থেকে লাখ অবৈধ বিদেশি এখন কোথায় যাবে কান্না সারা দেশের অস্বস্তি
non_depressive,ভাগ্যিস বাংলাদেশে জন্মেছি নাহলে বিনোদন মিস করতাম
non_depressive,আসল খবর কেও জানে
depressive,আশার পেছনে মরীচিকার মতো প্রতিনিয়তই ছুটে চলেছি । মৃত্যু পর্যন্ত চলতে থাকবে তার এই অসীম আকাঙ্ক্ষার । 
depressive,কিছু মানুষকে দেখলেই ঘাড় থেকে মাথা আলাদা করে দিতে ইচ্ছা করে
non_depressive,একটা সমস্যা নাই। পাইজার একটা দিছি। সিনোভিকস টা দিলাম। সমস্যা
non_depressive,আমাদের সরকার এসব দেখেনাকেনো পদক্ষেপ নিচ্ছেনা সরকার
depressive,চোখ বন্ধ করতে লাগে যদি তোমাকে দেখি কথাটা
non_depressive,সকল বেপর্দা নারীর ফেসবুক টুইটার ইনস্টাগ্রাম আইডি গুলো যদি বন্ধ করে দেওয়া হতো তাহলে অনেক ভালো হতে
non_depressive," নিশ্চয়ই আল্লাহ তোমাদের নির্দেশ দিচ্ছেন , তোমরা আমানতসমূহ তাদের যথার্থ মালিকের কাছে সোপর্দ করে দেবে । সুরা নিসাঃ৫৮ ভোট একটি আমানত , আপনার এই আমানত যেন আল্লাহর নির্দেশ মোতাবেক যথার্থ যোগ্য ব্যক্তির হাতে সোপর্দ করেন "
depressive,জনগণ খেয়ে মরবে কিন্তু ঠিকমত পুষ্টি হবে জনগণের জীবন থেকে সুখ শান্তি উধাও হয়ে গেছে এটাই ঠিক বক্তৃতা বিশ্লেষণ শুনে পেট ভরবে
depressive,আমি সময় অনুমান করি আমি অন্যের জন্য অপরিচিত।আমি সময় অনুমান করি আমি যেটা প্রয়োজন তাতে আমি সেটা করতে পারবো
non_depressive,ফাইজার একটি এসট্রেজেকা দুটি ডোজ দিয়েও আলহামদুলিল্লাহ ভালো আছি
depressive,বাঙালি তোদের ছেড়ে দেবে ভেবেছিস বাংলাপক্ষ জয়বাংলা
depressive,বলবো ভাই বাক স্বাধীনতা নাই
non_depressive,সিরিয়াস কেউ নিয়েন হতে পারে এটাও একটা তাদের ব্লগ ভিউ বাড়ানোর জন্য করতেছে
non_depressive,আলহামদুলিল্লাহ আমি একটাও দেইনি
non_depressive,অভিনন্দন এলাকাবাসীকে কাজ করার জন্য
non_depressive,চোর আরেক চোরকে এর। সাপোর্ট
depressive,আমার জীবনে অন্ধকার বিরক্তি অস্বস্তিআমি আবারও হারানোর ভয়ে হারিয়ে গেছি।এত অস্বস্তি
non_depressive,আসুন আমরা সবাই সবাইকে সাপোর্ট করি
non_depressive,নিউস করার কিছু পাচ্ছে আহারে।
depressive,যাকে ছাড়া একসময় নিজের অস্তিত্ব কল্পনা করা যেতনা এখন তাকে ছাড়ায় বেচে অাছি বাস্তবতা এতো নিষ্ঠুর কেন
non_depressive,তাদের যেন সর্বোচ্চ শাস্তি দেওয়া হয়
non_depressive,কথায় অসাধারণ। গল্প এবং অভিনয়
depressive,বাংলাটা ঠিক করে দেখুন নাহলে বিসর্জন হয়ে যাবে মমতাকে কটাক্ষ দিলীপ ঘোষের কান্না সারা দেশের
depressive,"অধিকারচ্যুত আজ , কিন্তু অনেক প্রশ্নবিদ্ধ ! অন্তহীনার তরে , ছিল গোটা ক য়েক প্রশ্ন ? আন্ধারের অন্ধকারে তুমি নাকি দেখতে পাওনা আলো ! তবে আবার পাও কিভাবে টের , বেলা শেষে হয়ে ধূসর সন্ধ্যা থেকে , গাঢ়তার নিকাশ রাত্রি , সন্ধ্যা ডিঙিয়ে এলো ? "
non_depressive,সবাই আল্লাহর শুক্রিয়া আদায় করে বলি আলহামদুলিল্লাহ।
non_depressive,বাংলাদেশে বক্স অফিসটা কোথায় অবস্থিত
non_depressive,সময় টিভি অসংখ্য ধন্যবাদ। চমৎকার একটা এপিসোড দেওয়ার জন্য। এখান থেকে অনেকেই সঠিক সিদ্ধান্ত গ্রহণ করতে পারবে ইনশাআল্লাহ।
non_depressive,আমার খুব ব্যাথা এখন করব গর্তে মাটি চাপা দিয়ে রাখব
non_depressive,তটিনি ইয়াশ অসাধারণ করেছে
non_depressive,সালারাতো ধর্ম ব্যবসায়ী ব্যবসায়ী
depressive,আপনার নাকি ? একটু ছাতা ধরতে ও বেচারা নিজ দলের কাউকে পাইলোনা এই চর্বি ওয়ালা কর্মীরা করবে আবার আন্দোলন করবে বা কেমনে বিদেশে কেউ দেশে বসে বসে শুধু অনলাইন গরম করে তবে গুজব রটানোর আন্দোলনে আপনারা সেরা এটা মানতে আপত্তি নেই 
depressive,ধীক্কার জানাই বাংলা খেয়ে হিন্দির প্রচার
non_depressive,আল্লাহ সবাই ভয়াবহ রোগ থেকে রক্ষা করুক আমিন
non_depressive,মুভির গল্প সুন্দর।মুভিও সুন্দর।
non_depressive," , দুঃখ বেদনা বিপর্যস্ততার মধ্যেও , যার বন্ধুর বন্ধুত্বে ফাটল ধরেনা সেই সাদেক । রাবেয়া বসরী রহঃ "
non_depressive,বাংলাদেশ আবার কাকে নিরজাতন করল কারো জানা থাকলে আকটু বলিয়েন আমিও জানতে চাই
depressive,পরিস্থিতি দেখে মনে হচ্ছে উচ্চশিক্ষিত হওয়াটাও একটা অন্যায়
depressive,আমি জানি আমি একা আমার সমস্যা নিয়ে সম্মুখীন হতে পারবো না।
depressive,ভালোবাসার মানুষটি হারিয়ে গেলেই তার প্রতি ভালোবাসা বৃদ্ধি পায়
depressive,অনেক কিছু সম্পর্কে অজানা হওয়া অনেক বেশি কষ্টদায়ক যেন হৃদয়ের মুখে একটা ঘুম পড়ে যায়।
depressive,বিচার হবেনা শতভাগ নিশ্চিত আছি
depressive,এদের জন্য বাংলাদেশের সাংবাদিকরা দুবেলা খেয়ে পড়ে বেঁচে আছে। এদের নিউজ ছাড়া দেশে কোন নিউজ নাই
depressive,প্রত্যেকটা মানুষের অসম্ভব কিছু গুণ থাকে আমারও আছে । অনেকগুলা আছে । তবে সর্বশ্রেষ্ঠ যে গুণটা রয়েছে তা হলো দ্রুত ভুলে যাওয়া । আমি খুব দ্রুত ভুলে যাবার এক অসম্ভব ক্ষমতা রাখি । 
non_depressive,পিটানোটা মনে হয় শুটিং ছিল কারণে।
depressive,প্রিয় মানুষটা কথা ভাবছি আল্লাহ যেনো এমন দিন আনে
non_depressive,দেশের সরকার বন্ধু রাষ্ট্র আপনাকে দুয়ে দিতেছে
non_depressive,আলহামদুলিল্লাহ টিকা ছাড়াই ভালো আছি
depressive,ডাক্টাররা যেই হারে কসাইকেও ছাড়িয়ে যাচ্ছে সেই হারে সাধারণ জনগণ কুসংস্কারের আশ্রয় নেওয়া ছাড়া কোনো উপায় পেয়ে এইসব করতে অনেকটা বাধ্য হয়।
depressive,আমি ডিপ্রেশনে আছি মাসের বেশি। আল্লাহ রক্ষা করুক।
non_depressive,এতো সুন্দর হয়েছে বলার ভাষা নাই এটাই সেরা জুটি।
non_depressive,বারাসাত সাংগঠনিক জেলার বিড়া রাজীবপুর অঞ্চলে বিজয়ী প্রার্থীর চড়ুইভাতি অনুষ্ঠানে পঞ্চায়েত প্রার্থীদের সংগে সাক্ষাতকার ও আলোচনা । 
non_depressive,প্রথম মোবাইল দ্বিতীয়ত চাহিদা তিতিয়ত ফ্যামিলি থেকে পরামর্শ
depressive,এইবার তিন রানে ! তীরের তরি ডুবিয়ে দেওয়া টা যেনো আমাদের ঐতিহ্য বানিয়ে ফেলতেছি ! ছয় উইকেট হাতে রেখে এক ওভারে আট রান না নিতে পারা ব্যর্থতা ছাড়া আর কিছুই না ! 
non_depressive,"তোরই মতো কোনো একটা কেউ কথা দিয়ে যায় , ছায়া হয়ে যায় । তোরই মতো কোনো একটা কেউ ভাসিয়ে আমায় দূরে নিয়ে যায় "
depressive,মনে হয় জীবনের কষ্টের সমুদ্রে নিজেকে হারিয়ে ফেলেছি যেখানে মৃত্যুর মাঝেও কোনো আশা ছিল না।অনেক দিন ধরে আমি অশান্তির মধ্যে ভুগছি।
depressive,টাকার চুলায় রান্না করে টাকার চালের ভাত খেয়ে ইউনিট প্রতি টাকা বিদ্যুৎ বিল দিয়ে উন্নয়নের মহাসড়কে হাটতে চায়
depressive,যাদের কলমের জোর আমাদের শহরকে রাঙিয়ে তুলেছে আলাদা আলোয় সার্টিফিকেট দিয়ে আমি করবো মনে চায় মরে যাই
depressive,আমার মনে হয় আমি কিছু হারানোর পথে আছি।অনেক দিন ধরে আমি অশান্তির মধ্যে ভুগছি।
non_depressive,নামাজ আদায় করুন।দিন পথে চলুন। বিশন্নতা ধারের কাছেও আসবে না।
depressive,মুখে মিষ্টি অন্তরে বিশ মানুষ টার
depressive,এদেশের মানুষ বাস করে মানুষ যদি বাস করত তাহলে অবশ্যই বিচার হয়তো
non_depressive,২০০৯ সালের পর বিদেশের মাটিতে প্রথম সিরিজ জয় । অভিনন্দন বাংলাদেশ 
non_depressive,ইনশাআল্লাহ লবন মাটিতে ভালো হবে
depressive,ভাইয়া একদম ঠিক কথা বলছে খেয়ে বাচলে উন্নয়ন দিয়ে করব এমন উন্নয়ন দরকার নেই
non_depressive,ইউটিউব দিয়েন দেইখ্খা লমুনে।
depressive,দ্বিতীয় ওয়ানডেতে বাংলাদেশকে ৩ রানে হারিয়ে সিরিজ ১ ১ সমতা করলো কাল্লু মামুরা । নিশ্চিত জয়ী ম্যাচ হাতছাড়া হলো বাংলাদেশ দলের সারারাত ঠিকমতো না ঘুমিয়ে ম্যাচ দেখে শেষ পর্যন্ত বাশঁ মিললো 
non_depressive,দ্রুত আইন করে দোসীদের ফাসি চাই তাড়াতাড়ি বিচার নাই বলে হত্যা বেড়ে চলছে এই আসামির পক্ষে কোন আইন জীবি আসামি দের সাহায্য অরার দাবি জানাই
depressive,দোষ চাপিয়ে দেবে সাকিব খানের উপর।
depressive,"আজ শ্রাবণের আমন্ত্রণে দুয়ার কাঁপে ক্ষনে ক্ষনে , ঘরের বাঁধন যায় বুঝি আজ টুটে ধরিত্রী তাঁর অঙ্গনেতে নাচের তালে ওঠেন মেতে , চঞ্চল তাঁর অঞ্চল যায় লুটে প্রথম যুগের বচন শুনি মনে নবশ্যামল প্রাণের নিকেতনে । পুব হাওয়া ধায় আকাশতলে , তার সাথে মোর ভাবনা চলে কালহারা কোন্ কালের পানে ছুটে"
non_depressive,"যদি তোমরা কুফরী করো এবং পৃথিবীর সমস্ত অধিবাসীও কাফের হয়ে যায় তাহলে আল্লাহর কিছুই আসে যায় না , তিনি আপন সত্তায় আপনি প্রশংসিত । ইব্রাহিম ৮ "
depressive,আমি সময় অনুমান করি আমি নিজের সাথে সন্তুষ্ট নই।আমি সময় অনুমান করি আমি যেটা প্রয়োজন তাতে আমি সেটা করতে পারবো
depressive,দুঃখজনক টিকার ফলে স্কিন এলার্জি আরো নানা রকম সমস্যা আমরা মুখোমুখি হচ্ছি
depressive,ভেজা ভেজা চোখ আমি রোদ্দুরে শোখাবো ভালোবাসি তোমারে করে লুকাবো
non_depressive,অনেক দিন আগের কথা। একবার নানীর বাড়ি গেছিলাম। নানী কইছিলো দেখবি কিছু লোক হুদাই তোর কমেন্ট পড়বে সময় নষ্ট করবে
non_depressive,সদ্য ভূমিষ্ঠ হওয়া সন্তানের মৃত্যুতে ২দিন ধরে কাঁদল মা তিমি : 
depressive,আমি অবিশ্বাস্য বোধ করি আমার জীবনে কোন আর্থিক সমস্যা নেই তবে আমি সময় নিজেকে নিজের সাথে সন্তুষ্ট মনে করি।
depressive,শেষ মুহূর্তে চোখের আটকে রাখতে পারলাম  সালে পর্যন্ত যতগুলো নাটক দেখেছি তার মধ্যে আমার দেখা শ্রেষ্ঠ নাটক শেষ কিছুদিন
depressive,আমাদের দেশে যদি দুর্রনিতি। তাহলে বাংলাদেশের উন্নায়ন আরু অনেক দুর এগিয়ে যেতে তবু ওআলহামদুলিল্লাহ বাকি আল্লাহর উপর ভরসা
depressive,কোথাও নেই মানবতা কোথাও নেই বিচার ! সবখানেতে ঝুলে আছে আজগুবি সব ফিচার ! 
depressive,"আমার পোস্টে একটা ছেলে আর একটা মেয়ে রিপ্লাই দিতে দিতে রিলেশন হয়ে গেছে আজ ওদের বিয়ে আর আমি এখনো সিঙ্গেল কিছুই বলার নাই , সবই কপাল"
non_depressive,নিজেদের সংখ্যা লঘুদের খবর নাই পরের দেশের জনগোষ্ঠীর নিয়ে নাটক
non_depressive,সুষ্ঠু বিচার চাই
depressive,লজ্জাবতী গাছ । আর লজ্জাবতী নারী দুটাই আজ বিলুপ্ত । 
depressive,একটা চোখ ঢেকে রাখা আরেক চোখে স্পর্ধা পুড়েই গেলো এবার বুঝি ভালোবাসার পর্দা
non_depressive,লাগেজ হেন্ডেলিং দায়িত্ব জাপানের হাতে দেওয়াই উত্তম
non_depressive,এরা কারা আমি জীবনেও দেখি নাই এদের নাম শুনা দুরের কথা
depressive,এদেশের একটাই সমস্যা লোকে বলবে আমি কাজ করবো দেখ অমুকের ছেলে বিএ পাশ কইরা সবজির বেচছে
non_depressive,বস্তি আরেক বস্তিকে মারছে
non_depressive, মেলাদিন পরে সিরিজ জয়ের স্বাদ পেলাম 
depressive,উনার বাবার চিকিৎসার জন্য যখন মাত্র লক্ষ টাকার জন্য প্রধানমন্ত্রীর দ্বারস্থ হতে হয়
non_depressive,পৃথিবীতে সুখী মানুষের তালিকায় স্থানে আপনারা রয়েছেন
depressive,জীবনের অনিশ্চিততায় আমি নিজের হারিয়ে গেছি যেখানে দুঃখের অপেক্ষায় সুখের আশা ছিল।
non_depressive,হিন্দু মুসলমানের বিভেদ কি আদৌ দূর হবে ? : 
depressive,দহন সিনেমায় থেকে বছর পূর্বে বেকারত্ব নির্মমতা দেখানো হয়। তখনও ছিল আজও আছে।
depressive,ভাই এটাই ডিজিটাল বাংলাদেশ উন্নয়ন হবে কিন্তু পেটে ভাত পড়বে
depressive,মঙ্গলগ্রহে তরল পানির হ্রদ প্রাণের অস্তিত্বের সম্ভাবনা বাড়লো
non_depressive,"মঙ্গলগ্রহে তরল পানির হ্রদ , প্রাণের অস্তিত্বের সম্ভাবনা কি বাড়লো ? : "
depressive,আমার দেখা যতো জনই করোনার টিকা নিয়েছেন তারা সবাই রক্ত সমস্যা এখন অতিরিক্ত চুলকানিতে ভুগছেন
depressive,টাকার অংক শুনে মাথায় হাত।।তার ছেয়ে হিরো আলম ছবি অনেক ভালো
non_depressive,ভোট নিতে এখন নাটক
non_depressive,এরশাদ শিকদার একজন ভালো মানুষ ছিলেন যতটুকু জানিএখনকার সরকারের থেকেও হাজার গুন ভালো ছিলেন
depressive,সিলেটে ৩টি ভোট কেন্দ্রে রাতেই ব্যালটে সিল মারা হয়েছে : 
depressive,আমি চেষ্টা করছি জীবনের মাঝে একটি উদ্বিগ্ন উত্তেজনা খুঁজে পাওয়ার জন্য কিন্তু সেটি অসম্পূর্ণ হয়ে যাচ্ছে।
depressive,জীবনের সবচেয়ে দুঃখজনক দিনগুলি আমার জন্য সবসময় অবিচ্ছেদ্য।
depressive,আমি নিজেকে হারানোর অনুভূতি নিজেকে সবসময় আত্মহত্যার পথে নিয়ে যাচ্ছে।
non_depressive,নিউজ মিডিয়া তাখলে এরা করতো মাত্র আল্লাহ ভালো জানেন অনেক ধন্যবাদ সাংবাদিক ভাই দের আপনাদের জন্নে কিছু মানুষ রক্ষা পায়
depressive,আমি রাজনীতি বুঝি না কিংবা এটা নিয়ে মাথাও ঘামাই না কিন্তু গনতান্ত্রিক দেশের নাগরিক হিসেবে বলতে চাই এটা কেমন ডিজিটাল দেশ ? মৃতব্যক্তিরও ভোট গ্রহন হয় । ডিজিটাল গনতন্ত্রে মৃতব্যক্তিও ভোট দেওয়ার অধিকার রাখে রাজকুমার
non_depressive,সবাই চাকরি করলে চাকরি দিবে
non_depressive,এটাই আশা করি ! কারণ এইসব আবালদের জন্যই দলের বদনামী ! এগুলারে ডাস্টবিনের ময়লার সাথে চালান দেয়া দরকার ! ধন্যবাদ প্রধানমন্ত্রী ! স্যালুট আপনাকে 
non_depressive,হৃদয় ছোয়ে যায়নাটকটি
depressive,জীবনের ক্ষণে বেকারত্ব আমার জীবন শেষ করে দিচ্ছে পারি আমার পরিবার কিছু বুজাতে পারি অর্নাসে পড়ে লেবারের কাজ করতেখুব কষ্ট নিয়ে বেচে আছি
depressive,আমি চাই জুটিটা যেন রিলেশনে জড়ায় কারণ জুটিটা নষ্ট হয়ে যাবে
non_depressive,মনে হলো নাটক দেখি নাই আমার জীবনকাহিনী দেখলাম অসাধারণ ছিল নাটকটি
non_depressive,"গতকাল ওয়েস্ট ইন্ডিজের ব্যাটসম্যান হেটমেয়ার রুবেলের বলে বাউন্ডারি মারার পর রুবেল তাকে উদ্দেশ্য করে গালাগালি করেন , যা স্টাম্পে লাগানো মাইকের মাধ্যমে নিশ্চিত হয়েছে আইসিসি আচরণবিধি লঙ্ঘনের দায়ে রুবেল হোসেনকে আইসিসি একটি ডিমেরিট পয়েন্ট দিয়েছে । রুবেল তার দোষ স্বীকার করেছে "
non_depressive,এটা কোন দেশরে ভাইএকটা স্বাধীন দেশে এরকমভাবে অস্ত্র উচিয়ে চলবে
non_depressive,সিসি ক্যামেরার ফুটেজ দেখে বুঝলাম পাইবেটকারের দোষ
non_depressive,বাসের বেপরোয়া গতি রোধের জন্য ড্রাইভারদের জরুরি প্রশিক্ষণ জরুরি।
depressive,শিক্ষক নেই । নিয়োগ নেই । বিনিয়োগ নেই । চাকরি নেই । বাংলা তে আসলে গণতন্ত্র নেই । ধিক্কার 
non_depressive,আলহামদুলিল্লাহ সংসার ছোট্ট বেবিকে নিয়েও তুলতে পেরেছি একা বাচ্চা মানুষ করা তাই পড়ার সময় পাইনি ফাকে ফাকে পড়ে এমন রেজাল্ট আলহামদুলিল্লাহ
depressive,আমাদের জীবন একটি অনন্ত দুঃখের বাস্তবতা। সুখের গল্পের আওয়াজ একসাথে সাহস করা অকারণ এবং কষ্টকর।
depressive,অবৈধ পথের ধনী মানুষ গুলো সমাজে সম্মানীত বৈধ পথের গরীব মানুষ সমাজে অবহেলিত
non_depressive,এজন্যই টিকা থেকে দূরে ছিলাম
depressive,আল্লাহ তোমার দয়া হয় আল্লাহ
depressive,"ফুটপাত আর জনগনের নাই । আগে ছিল হকারদের , এখন বাস ড্রাইভারদের । "
depressive,নিয়ে দিয়ে ভালো প্রমানের চেষ্টা করলো আমরা অভিনন্দিত হলাম বাহ
depressive,অামি পড়ে অাছি। তার নেশায়
depressive,শহর ছাইড়া দিয়া গ্রামে গিয়ে চাষ করেন তাহলে দাম কমে যাবে
non_depressive,কমেন্ট করে গেলাম স্মৃতি হয়ে থাকবে। লাইক দিলে নোটিফিকেশন পেয়ে আবার আসবো কোনো নিঝুম রাতে নাটক দেখার জন্য
non_depressive,মেয়েটা পরিস্থিতির শিকার। যেন সুবিচার পায় শুভকামনা রইল।
depressive,জীবনের কোনো অর্থ উদ্দীপনা আমার জন্য নেই।
non_depressive,কটাকে ফাঁসিদেয়া
non_depressive,ভালোবাসার মানুষের গায়ের গন্ধ অক্সিজেনের কাজ করে। ভালোবাসার শক্তি অনেক। বৃষ্টিতে ভিজা প্রিয়জনের সাথে অনেক মধুময়।
depressive,এখন সবকিছু উল্টাপাল্টা এমনটা হওয়াটাই স্বাভাবিক
depressive,জীবন একটি অসংখ্য অন্ধকারের দিকে যাওয়ার একটি দীর্ঘ প্রয়াস।
non_depressive,অনলাইনে ছারলেও ভালো টাকা পাওয়া যেত
depressive,আর ভালো লাগেনা যাইতে ইচ্ছা হয় না কিন্তু যেতে হবে সব রেডি কইরা দিছে বাড়িতে এত আদর সবাইকে মিস করবো 
non_depressive,এদের জগড়া মানে ভিউ কামানো সাধারণ মানুষ বুঝে না।
depressive,আমি সময় বোধহয় আমি নিজেকে নিজের অংশ হিসেবে ধরে রাখতে পারি না।হতাশা দুচিন্তা বেকারত্বের প্রধান কারণ।
depressive,আমি ফাইজারের টিকা নিয়েছিলাম এখন মেরুদন্ড ব্যাথা মাথার সমস্যা বিদ্যমান
non_depressive,মাঝে মাঝে ইচ্ছে করে সব ছেড়ে দূরে কোথাও চলে যাই । কিন্তু গাড়ি ভাড়া নেই বলে যেথে পারিনা । 
non_depressive,দোষ এখন এসে পড়বে বাইক চালকের
depressive,এতো সুন্দর একটা নাটক। অনেক অনেক শুভকামনা থাকলো প্রিয় মানুষটাকে হারিয়েছি বলে এতো সুন্দর নাটকটা দেখা হলো কেউ লাইক করলে আবার কিছু লিখবো
non_depressive,এতেও বাইকারেই দোষ দেবে নতুন আইন প্রেরণকারী ব্যক্তিবর্গ
non_depressive,সুন্দর সাবলীল অভিনয়
depressive,দুপুর  তার সাথে শেষ দেখা মাস জীবনটা অন্য রকম ছিলো
depressive,বঙ্গ দেশে এখন জঙ্গি হইয়া গেছে বাস চালক । 
depressive,আমার অনিশ্চিততার মধ্যে হারিয়ে গেছে একটি নির্দিষ্ট গতি দিশায় যেতে পারে না।অনেক দিন ধরে আমি অশান্তির মধ্যে ভুগছি।
non_depressive,এতো উন্নয়নের জোয়ারে কিছুর দাম বেড়ে যাচ্ছে
non_depressive,এদের চিনতে পেরে জীবন যুদ্ধে আবারও ধাপ পিছিয়ে গেলাম
non_depressive,আল্লাহ বাচাইছেআমি এক্টাও দেই নাই
non_depressive,উদ্যোক্তা হও। নিজের কাজের ক্ষেত্রে নিজে তৈরি কর। চাকরি মানে অন্যের জন্য কাজ করা। ব্যবসায় মানে নিজের জন্য কাজ করা।
depressive,রাস্তাঘাটে প্রচণ্ড ভয় করে । বিশ্বাস করুন আতঙ্কে থাকি প্রতিটা সেকেন্ড । আমাকে পিষে দেয়ার জন্য কখন কোন গাড়ী কোথা দিয়ে ধেয়ে আসছে কে জানে আল্লাহ হেফাজত করো । আল্লাহ হেফাজন করো । আল্লাহ হেফাজত করো 
depressive,ভাই চাকুরী নির্ভর শিক্ষা দিয়ে কখনও উন্নত আদর্শ জাতী গড়া সম্ভব
non_depressive,দেশের সরকার বন্ধু রাষ্ট্র আপনাকে দুয়ে দিতেছে
depressive,সিরিজ জেতা মানেই অনেক জায়গায় এখনও অনেক উন্নতির দরকার যেগুলো এখন আমরা পারছি বলেছেন মাশরাফি
non_depressive,অভিনন্দন এ এইচ এম খায়রুজ্জামান লিটন ভাই নবনির্বাচিত নগর পিতা রাজশাহী সিটি কর্পোরেশন । অভিনন্দন সেরনিয়াবাদ সাদিক ভাই নবনির্বাচিত নগর পিতা বরিশাল সিটি কর্পোরেশন । 
depressive,"ভোট শান্তিপূর্ণ হয়নি এটা বলার উপায় নেই : আ লীগ আওয়ামী লীগের সাধারণ সম্পাদক ও সেতুমন্ত্রী ওবায়দুল কাদেরে বলেছেন , ৩ সিটিতে ভোটারা আগ্রহ নিয়ে ভোট দিয়েছেন । অথচ বিএনপির প্রার্থীরা ভোট বর্জনের কৌশল নিয়েছেন । তিনি বলেন , ভোট শান্তিপূর্ণ হয়নি এটা বলার উপায় নেই । "
non_depressive,ব্যাচেলর নাম মধ্য কয় বাচ্চাদের বাপও আছে আবার ছাত্রছাত্রীদের পাশাপাশি মাদক ব্যবসায়ীরাও আছে
depressive,তোমার গুরুত্ব বুঝেতাকে তুমি গুরুত্ব দাও যার কাছে তোমার মূল্য নাইতার থেকে দূরত্ব বাড়াও
depressive,আমি এটা ভেবেই অবাক কিছুই বলার নেই
depressive,শান্ত বুকের তপ্তক্ষুনে শক্তমাটি রক্তলাল মজলুমানের আর্তনাদে আরশে আজিম কম্পমান মানবতা দূর্বিপাকে আবাসভুমি ঘোর শ্মশান
non_depressive,১৩৪ কেন্দ্রের মধ্যে ১৩২টি কেন্দ্রে বিএনপির প্রার্থী আরিফুল হক চৌধুরী ধানের শীষ প্রতীক নিয়ে ৯০ হাজার ৪৯৬ ভোট পেয়েছেন । আওয়ামী লীগ প্রার্থী বদর উদ্দীন আহম্মদ কামরান পেয়েছেন ৮৫ হাজার ৮৭০ ভোট । : 
non_depressive,ভারতের নাগরিক বাংলাদেশ কাজ করে লাখ মানুষ
depressive,"যে দেশে মানুষের মৃত্যুর খবর শুনে মন্ত্রী মহোদয় হাসে , প্রতিদিন মৃত্যু ভয় নিয়ে বাইরে বের হতে হয় যেখানে প্রিয়জনের ঘরে ফেরার নিশ্চয়তা নেই , যেখানে রাস্তায় মা বোনদের নিরাপত্তা নেই , সেই দেশ আমার না । হয়তো দেশটা একদিন আমার ছিল । এখন আর নেই । এই দেশে আমি অসহায় ! সড়কদুর্ঘটনা"
depressive,হয়তো জীবনে আমাদের অন্ধকারে পথের দিকে পানিতে ডুবে যাওয়া সুবিধা সবসময় আরও বেশি হয়ে উঠে।
non_depressive,কালো টাকা সাদা করার উপায়
non_depressive,সরকারের দরকার বাড়িটা খুব যত্ন হবে রাখার যাতে কেউ যাতে এটার উপর আঘাত করে বাংলাদেশে ইতিহাসের কিছুই থাকে
depressive,কামলা দিয়ে বাসায় এলাম এখন রান্না করতে হবে প্রবাসজীবন
depressive,মারুফের বয়স নাই তাছাড়া নায়কাটাও অচল।
non_depressive,"প্রধানমন্ত্রী কৌশল বিকাশ যোজনা র মাধ্যমে হাজার হাজার যুবক যুবতী প্রশিক্ষণ নিয়ে , বেকারত্ব থেকে মুক্তি পাচ্ছে । ভান্ডারি অটোমোবাইল , ইউরেকা ফোবস , এবং আরো অনেক বানিজ্যিক প্রতিষ্টানে । ধন্যবাদ প্রধানমন্ত্রী । "
non_depressive,"বাংলাটা ঠিক করে দেখুন , নাহলে বিসর্জন হয়ে যাবে , মমতাকে কটাক্ষ দিলীপ ঘোষের : "
non_depressive,অবৈধ পথে টাকা করেখরচ করার জায়গা থাকা লাগবে তো।তাই বাচ্চাদের আবদারে এসব হোটেলে নামি দামি খাবার খেতে যায়।
non_depressive,টটিনী ইয়াশের ভক্তগুলারে দেখতে চাই
non_depressive,আপনাদের আমাদের সবার কমেন্টথেকে উঠে যাবে কোটি
depressive,জীবনের অজানা সময়ে আমি আরও কঠিন সময় পাচ্ছি।
depressive,ক্ষেত খ্যাতি থাকি খ্যাত কোনদিন রাস্তায় আসে
depressive,বিনপির কেউ যেন শুনে। মনে ব্যথা লাগে এসব কথা শুনলে
non_depressive,শক্তিপদ সর্দারের খুন নিয়ে নতুন করে কিছু আর বলার নেই আমার সংবিধান অনুযায়ী আইনশৃঙ্খলা রাজ্যের অধীন বলে আমরা দাঁড়িয়ে দাঁড়িয়ে দেখবো এটা হতে পারে না দৃষ্টান্তমূলক কোন পদক্ষেপ না নিতে পারলে নেতা হিসেবে সাধারণ কর্মীদের সঙ্গে চোখ মেলাতেও আমার লজ্জা করবে এটাই অনুভব করছি ছিঃ
depressive,বাংলাদেশ আরো উন্নত হতো যদি দুর্নীতি থাকতো
non_depressive,সেটা সরকারের চাটুকার সংবাদ মাধ্যমে প্রচার হচ্ছে
non_depressive,অপরাধী দের কঠিন শাস্তি হওয়া উচিত
non_depressive,রাশেদুল পূর্বে কোন রাজনৈতিক দলের কর্মী ছিলো জাতি জানতে চায়।
depressive,আমার জীবনে অন্ধকার বিরক্তি অস্বস্তিআমি আবারও হারানোর ভয়ে হারিয়ে গেছি।এত অস্বস্তি
depressive,জীবনের অজানা পথে আমি একটি হারিয়ে গেছে মনে হয়।
non_depressive,যাই হোক ভালো হলেই ভালো
depressive,হাইরে বাংলাদেশ হাইরে পুলিশ
depressive,"কতোদিন প্রাণ আমার হাসে না , ঠোঁটের কোনে তোমরা যা দেখো আসলে তা হাসি না । "
depressive,"প্রানের শহরে চলছে প্রানের সংহার এ যেন মৃত্যু পুরী , বেচেঁ থাকার নাই কোনো অধিকার ! কিছুই তো চাইনি , শুধু চেয়েছি নিরাপত্তা , নিরাপদে একটু বেঁচে থাকার অধিকার ! এই ইচ্ছাটুকু বলবো কার কাছে ? দেখার কেউ কি আছে ? নাকি ক্ষমতাধররা সবাই অমানুষ হয়ে গেছে ? "
depressive,এটার জন্য কেউ ভালো কথা বললেও খারাপ লাগে কোন কিছুই ভালো লাগেনা কেউ কোনো ভালো সমাধান দিতে পারবেন যদি সমাধান দিতেন তাহলে অনেক কৃতজ্ঞ থাকতাম
non_depressive,কোথাও নেই মানবতা কোথাও নেই বিচার ! সবখানেতে ঝুলে আছে আজগুবি সব ফিচার ! 
non_depressive,মাটি চিকিৎসায় কাজ হলে জলোচিকিৎসা দিয়ে দেখতেন
depressive,হবেই বাংলাদেশে এখন মানুষ দান সাদকা করে
depressive,বাসের তলায় পিষছে মানুষ হাসছে নরপিশাচ তিন তিনটা লাশ পরেছে কির পোলা লাশ চাস
depressive,আওয়ামী লীগের নেতা মন্ত্রী আমলাদের নিজেদের উন্নয়নের জোয়ারে ভাসছে বাংলাদেশ ডুবছে সাধারণ মানুষ।
depressive,বর্তমান সময় বন্ধুদের সাথে মনের কথা শেয়ার করা মানে নিজের
non_depressive,"এই পৃথিবীতে আমরা , কে কতোদিন বেঁচে থাকবো , এটা গুরুত্বপূর্ণ কোনো বিষয় না । গুরুত্বপূর্ণ বিষয় হলো , মানুষের মনে আমরা , কতোদিন বেঁচে থাকবো । "
non_depressive,বাস্তব কথা ফুটে ওঠেছে।
depressive,এসব এখন খায় বাংলাদেশে
non_depressive,বাংলাদেশের প্রিয় জুটি
depressive,সবকিছু মিথ্যে আমি মিথ্যে মিথ্যে আমার বসবাস মিথ্যে আমার গৃহ শুধু সত্য আমার নিরূপিত ছায়া মাত্র কষ্ট দিবিরে তোরা
non_depressive,কারিগরি শিকার  ভাগ করা উচিত
non_depressive,আল্লাহ্ তায়ালা আপনি মহান আপনি পরম দয়ালু আপনি সর্ব শক্তিমান আপনি উনাকে নেক হায়াত দান করুন সুস্থ করিয়া দিয়েন আমিন সুম্মা আমিন আল্লাহু আমিন
non_depressive,বাংলাদেশে বক্স অফিস বলতে কিছুই নেই যদিও ছিল নব্বইয়ের দশকে ছিল।
depressive,সুষ্ঠু বিচার সম্ভব নয় শুধু টাকা খাওয়ার জন্য কাহিনি
non_depressive,ফারনাজ আলম পাকিস্তান থেকে বাংলাদেশে এসে দিব্যি বিউটি পার্লার খুলে ব্যবসা করতেছে। আগেও একুশে ফেব্রুয়ারি নিয়ে বিতর্কিত
non_depressive,Rtv সুন্দর সুন্দর নিউজ করে একদম মুগ্ধ হয়ে উপায় নেই।
non_depressive,বাইকের স্পিড মনে উপরে ছিল তাই বাস বাইকের সংঘর্ষ
non_depressive,ঈশ্বর তুমি রক্ষা করো সকল সন্তানদের
depressive,প্রতিটি সূর্যের আলো তার পিছনে একটি অসম্পূর্ণ সৃষ্টি নিয়ে যাচ্ছে।আর কষ্ট দিবিরে তোরা বাঙালি কান্না সারা দেশের
depressive,আমি সময় অনুমান করি আমি সবার জন্য অপমানিত।হতাশা দুচিন্তা বেকারত্বের প্রধান কারণ।
depressive,"এক একজন ৭ ১০ করে ভোট দেবার সুযোগ পাচ্ছে । সরকার ভোটাধিকার প্রয়োগের সব্বোর্চ্য সুযোগ দিছে , মেনে নিতে হবে । "
non_depressive,আপনার ভিডিও ভাই অনেক খানি ইম্প্রুভ হইয়া যাচ্ছেআজকের ভিডিওটা একটু আসলেই ভালো এডিটিং ছিল।অনেক ভাল্লাগছে ভাই
depressive,কষ্ট কেও কখনো আপন করেনা কোনো কিছুই ঠিক হয়না।
non_depressive,এটা শুধু আমাদের সোনার বাংলাদেশে সম্ভব
depressive,কাচরীর বাজারে আমিও রুগি
non_depressive,"যেভাবে হলো বরিশাল , রাজশাহী আর সিলেটের সিটি কর্পোরেশন নির্বাচন : "
depressive,নিকোটিনের ধোয়ায় সময় কাটে রাতে রাতটা আমার জন্য দিন দিনটা রাত ।যুগ পাল্টাইছে কিন্তু মানুষের নষ্ট ধেনধারনা পরিবর্তন হয়নি খুব দুঃখ জনক
non_depressive,সালার সাংবাদিক দালালি ছাড়।
depressive,টাকা দিয়ে গাছ লাগাইলেও এখন একটু গরম পরতে পারতো
non_depressive,আপনাদের জন্য ভালো হয়েছে কয়েকদিন এসব পোষ্ট করে রিচ বাড়াইতে পারবেন
non_depressive,খুব ভালো লাগে দুজনের জুঠিকে
non_depressive,দেশ বিদেশে সড়ক দুর্ঘটনায় এতো সাধারণ মানুষের মৃত্যু হয় অথচ মানুষ খুনি এসব মন্ত্রীদের মৃত্যু কি হতে পারে না ? যতদিন এসব হায়েনাদের হাতে ক্ষমতা থাকবে ততদিনে এদেশের সড়ক পথের দুর্ঘটনার হার ও হ্রাস পাবেনা । 
non_depressive,নাউজুবিল্লাহ এভাবে একসাথে জামা খুলে করে এরা
depressive,আমি সময় অনুমান করি আমি অব্যবস্থা এবং আমি আমার জীবনের প্রতি সুবিধা হারাচ্ছি।হতাশা দুচিন্তা বেকারত্বের প্রধান কারণ।
non_depressive,সমস্যা নেই প্রধানমন্ত্রীর তহবিল খোলার পুষিয়ে দেবে
non_depressive,বিয়ে কি ? জানার জন্য এক বিজ্ঞানী বিয়ে করেছিল এখন সেই বিজ্ঞানী ভুলে গেছে বিজ্ঞান কি ? 
depressive,বালিকার জন্য গেছিলাম ফ্রান্সের বিখ্যাত ভালোবাসার সেতুতে তালা ঝুলাইতে ভাগ্যের নির্মম পরিহাস সেখানে তালা ঝুলানোই নিষেধ করে দিছে
non_depressive,জারা এমন কাজ করচে এদের সাতে জারা জরিত আচেতাদের ফাঁশি অল্প সময় মদ্দে চাই সবাই
non_depressive,"দুই শত্রুর মধ্যে এমন ভাবে কথাবার্তা বল , তারা পরস্পরে মিলে গেলেও যেন তোমাকে লজ্জিত হতে না হয় । শেখ সাদী রা "
depressive,ফাইজার টিকা দিয়ে আমিও এখন অসুস্থ হয়ে আছি
non_depressive,এরা বলে নিজেরাই জানে না।পাচার বন্ধ করে।দাম বারালে সমাধান হবে
non_depressive,নায়ক মারুফ যেটাই করে সেটাই ইতিহাস হয়ে যায়
depressive,"পেঙ্গুইন যদি মন্ত্রী হয় ! তাহলে কাউয়া র দোষ কি ? সারাটা দিন ট্রমার মধ্যে গেছে , ভিডিও টা দেখার পর ঠিক থাকা অসম্ভব ছিল তখন । কি কপাল ছেলেমেয়ে গুলোর "
non_depressive,যদি সততা বপন করেন ফলবে বিশ্বাস । যদি সৎ গুণ বপন করেন জুটবে বন্ধু । যদি বিনয় বপন করেন ফলবে মহত্ত্ব । যদি অধ্যবসায় বপন করেন আসবে বিজয় যদি বিবেচনাবোধ বপন করেন ফলবে সম্প্রীতি । যদি কঠোর পরিশ্রম বপন করেন ফলবে সাফল্য । যদি ক্ষমাশীলতা বপন করেন ফলবে মীমাংসা । যদি ধৈর্য বপন করেন ফলবে উন্নতি । 
depressive,ছিঃ এভাবে টাকা খেয়ে নিজের মাতৃভাষার বদলে অন্যভাষা প্রচার করা
non_depressive,আহারে এসব নিউজ
non_depressive,পূর্ব পাকিস্তান বোঝা ছিল পূর্বের টাকায় পশ্চিম চলতো সেটা বলেন শরীফ সাহেব।ইন আল্লাহ্ এখনো আপনাদের চেয়ে এগিয়েই থাকবে বাংলা
depressive,প্রতিদিন একটি নতুন আলোর প্রত্যাশা নিজেকে বাঁচিয়ে রাখতে কঠিন হচ্ছে।
depressive,আমি রাজনীতি বুঝি না কিংবা এটা নিয়ে মাথাও ঘামাই না কিন্তু গনতান্ত্রিক দেশের নাগরিক হিসেবে বলতে চাই এটা কেমন ডিজিটাল দেশ ? মৃতব্যক্তিরও ভোট গ্রহন হয় । ডিজিটাল গনতন্ত্রে মৃতব্যক্তিও ভোট দেওয়ার অধিকার রাখে রাজকুমার
depressive,"ক্ষোভের আগুনে জ্বলছে যখন ভুক্তভোগীরা , সাধারণে তখন দায়িত্বশীল কেউ কেমনে থাকে এত নির্বিকার মনে ? কোন আনন্দ পাওয়াতে কোন সুখ পাওয়াতে কোন মজা পাওয়াতেই জানি মানুষজন হাসে , অথচ মানুষরূপী শয়তানদের অন্যায়ের প্রশ্রয়দানকারীদের মানুষের দূর্ঘটনা , মৃত্যুতে ও মুখে হাসির পোয়ারা ভাসে ! "
depressive,"সাম্প্রদায়িকতার বিরুদ্ধে লড়াইয়ে মমতার নৈতিক জোর নেই , বিশ্বাসযোগ্যতাও নেই : "
non_depressive,আলহামদুলিল্লাহ নিয়ে যাও ভাই
non_depressive,গাছ লাগান পরিবেশ বাঁচান
depressive,সাব্বিরদের ব্যাট হাতুড়ি হয়ে উঠবে কবে ? : 
non_depressive,"নেশার গতি এবার ইতি । সপ্তাহের শেষে পরীক্ষকের বেশে । জোরে চালালে গাড়ি হাতে পড়বে বেড়ি । সৌজন্যে কলকাতা পুলিশ , দক্ষিণ শহরতলি বিভাগ যাদবপুর । "
non_depressive,"যেখানে ফুল , সেখানে ভ্রুমর । যেখানে মধু সেখানে মৌমাছি । যেখানে পাহাড় , সেখানে ঝড়না । আর যেখানে সুন্দর একটা মন , সেখানে বন্ধুত্বের বন্ধন । "
depressive,টাকার চুলায় রান্না করে টাকার চালের ভাত খেয়ে ইউনিট প্রতি টাকা বিদ্যুৎ বিল দিয়ে উন্নয়নের মহাসড়কে হাটতে চায়
depressive,চোখ বন্ধ করতে লাগে যদি তোমাকে দেখি কথাটা
depressive,বাংলাদেশে কোটি মানুষ টাকা করে দিলে কোটি টাকা
depressive,টিকা নেওয়ার আগে অনেক ভালো ছিলাম এখন ভালো একটা শরিরে শক্তি পাচ্ছিনা।
depressive,আমি সময় অনুমান করি আমি অন্যের জন্য পর্যাপ্ত নই।আমি সময় অনুমান করি আমি যেটা প্রয়োজন তাতে আমি সেটা করতে পারবো
non_depressive,একটা সমস্যা নাই। পাইজার একটা দিছি। সিনোভিকস টা দিলাম। সমস্যা
non_depressive,দেখা গেলাম সৃতি হিসেবে like kro
depressive,বৃষ্টিতে ভিজে এলার্জি দ্বারা লাঞ্চিত লোরাটিডিন ট্যাবলেট এর কাছে বিচার দিলুম রায়ে এক বস্তা ঘুম ঘাড়ে চাপিয়ে দিছে দেশে বিচার নাই রে
non_depressive,চাকুরীতে অবসরের বয়স বছর থেকে কমিয়ে বছর করা উচিত। তাহলে কিছু কর্মসংস্থান তাড়াতাড়ি খালি হলে কিছু নতুন মুখ তাড়াতাড়ি চাকুরী পাবে।
non_depressive,"সিলেট নির্বচনে ৬২ কেন্দ্রর ফলাফল ১ ঘড়ি ৪৭ , ৮৭০ ২ ধানের শীষ ৪০ , ৫৯০ ৩ নৌকা ৩৯ , ১০০"
depressive,বড়লোকের ছেলে টাকা পয়সা দিয়ে এসব জিনিস ধামাচাপা দিয়ে দিবে
depressive,যখন আমি সময়ের সাথে স্বপ্ন হারাতে চাই তখন আমি সমস্যা হারিয়ে যায়
depressive,ডিপ্রেশন থেকে মুক্তির দরকার নেই নিজেই ভিতরে মরে গেছি
non_depressive,"আর যে আল্লাহ ও তাঁর রাসূলের নাফরমানী করে এবং তাঁর সীমারেখা লঙ্ঘন করে , আল্লাহ তাকে আগুনে প্রবেশ করাবেন , সেখানে সে স্থায়ী হবে । আর তার জন্যই রয়েছে অপমানজনক আযাব । সূরা নিসা ১৪"
non_depressive,লাইসেন্স থাকলে তার সেফ্টির জন্য নিয়ে আসতেই পারে
non_depressive,খুবই মর্মস্পর্শী নাটক উপস্থাপনাও দারুণ। তটিনী অনেক পরিণত হয়ে উঠছে।  থেকে নাটক দেখছি এটাই pasttime আমার।
non_depressive,নিউজে মিউজিক কেন দিছে। ফালতু্
depressive,ডিপ্রেশনে থাকলে শারীরিক পরিশ্রম করেন। শরীরের উপর চাপ পড়লে মানসিক চাপ কমে যাবে
non_depressive,মূল সমস্যা হলো অর্থ কিছু
depressive,অনেক কষ্টের বিষন্নতা একাকীত্বের কারনেও হয়।
non_depressive,বিগত পঞ্চায়েত নির্বাচনের পূর্বে থেকে আজ অবধি একের পর এক বিজেপির কার্যকর্তাদের তৃণমূলী উন্নয়নবাহিনীর হাতে খুন হওয়ার প্রতিবাদে আজ গান্ধী মূর্তির পাদদেশে ভারতীয় জনতা পার্টির অবস্থান বিক্ষোভ । 
non_depressive,ইয়া আল্লাহ্ আমরা সবাইকে রকম বিপদ আপদ থেকে হেল্প করিও মাবুদ আমীন আমীন আমীন।
non_depressive,আইনের প্রতি দৃষ্টি আকর্ষণ করছি
depressive,জীবনের প্রতিটি ছবি অনেকটা একটি অনন্ত বিপর্যয়ের স্বপ্নের মতো।আর কষ্ট দিবিরে তোরা বাঙালি কান্না সারা দেশের
depressive,আমি সময় অস্থির আত্মসম্মান অনুভব করি।হতাশা দুচিন্তা বেকারত্বের প্রধান কারণ।
non_depressive,"সিলেট সিটি করপোরেশন নির্বাচনে বিএনপির প্রার্থী আরিফুল হক অভিযোগ করেন , গত রাতেই শহরের কয়েকটি ওয়ার্ডে ব্যালট পেপারে ছাপ মেরে বাক্স ভর্তি করে রাখা হয়েছে : "
depressive,দেশে বছর পড়াশোনা করে অভিজ্ঞতা ছাড়া চাকরি পাওয়া সম্ভব সত্যি আমরা জাতি হিসেবে লজ্জিত
depressive,আমি চেষ্টা করছি জীবনের মাঝে একটি উদ্বিগ্ন উত্তেজনা খুঁজে পাওয়ার জন্য কিন্তু সেটি অসম্পূর্ণ হয়ে যাচ্ছে।
non_depressive,আলহামদুলিল্লাহ। ভালোই আছি টিকা নিয়ে
non_depressive,আব্বা এটা কীভাবে সম্ভব আব্বা
depressive,আমি সবসময় ক্ষতিগ্রস্ত মনে হচ্ছে। আমার কাছে দুঃখের ব্যবস্থা করার জন্য কোনো নেই।অনেক দিন ধরে আমি অশান্তির মধ্যে ভুগছি।
depressive,আমি সময় সম্পর্কে চিন্তা করি এবং আমি সময় মনে করি আমি সম্পর্কটি সম্পন্ন করতে পারি না।হতাশা দুচিন্তা বেকারত্বের প্রধান কারণ।
depressive,আমার কাছে শুধু মনে আমার জন্য দুনিয়া আমার শুধু সুইসাইড চিন্তা মাথায় ঘোরে।
non_depressive,বরিশাল সিটি কর্পোরেশন নির্বাচনে জালভোটের প্রতিবাদ করায় বাসদের নারী মেয়রপ্রার্থী ডা মনীষা চক্রবর্তীর মই ওপর হামলা ও মারপিট করেছে ছাত্রলীগের গুণ্ডারা । 
depressive,সরকার লোকেরা সিন্ডিকেটের মধ্যমে সবকিছুর দাম বৃদ্ধি করা হয়েছে
non_depressive,"দুনিয়া ক্ষণস্থায়ী আর আখিরাত হল চিরস্থায়ী , দুনিয়া হল সরাই খানা আর আখিরাত হল আসল বাড়ী , "
non_depressive,"সুপ্ৰভাত , "
depressive,আমি চেষ্টা করছি আমার দুঃখের সাথে সাথে বুঝে নিতে কিন্তু করতে অসমর্থ।
depressive,রাকিবের টিম পেটায় নাই অন্তরার পরিবার সাথে ঝামেলা হয়ছিলো তাই অন্তরার পরিবার পিটিয়েছে ওখানে রাকিবের টিমের কেউ ছিলো
depressive,ভালো বাসা এমনি ।আমি আমার প্রিয় মানুষটাকে ভিশন ভালো বাসি ।আল্লাহ্ যেন চিরজীবন একসাথে রাখেন।ইহকাল পরকাল সবসময় যেন সাথে থাকতে পারি
depressive,জীবনের অজানা পথে আমি কতবার হারিয়ে যাচ্ছি কেউ জানে না। আমার মনে অনিশ্চিততা কখনো শেষ হবে না।
non_depressive,ভাই গরম আমার এতো ভালো লাগে ক্যা
non_depressive,জনগণ ভালো কাজ করেছে এরকম শাস্তি দরকার
non_depressive,হিন্দু সুরক্ষা আইন করা জন্য বাংলাদেশ সরকারের কাছে অনুরোধ
non_depressive,টাউজার পরে সাঁতার কাটা যায়না।
depressive,তীব্র শোক জাহান্নাম যেনো কারো জীবনে আসুক
depressive,হায়রে মানুষ কবে বুঝবে ভালোমন্দ ফয়সালা হয় আল্লাহর পক্ষ থেকে
non_depressive,রাকিব দেশ থেকে বের করে দেওযা হোক
depressive,চারিদিকে শুনি উন্নয়ন উন্নয়ন তাহলে জোর করে সিল মারার প্রয়োজন
depressive,তালাক এখন অনেক মুসলিম নারীর কাছে এককালীন টাকা উপার্জনের সেরা উপায় যার কারনে তালাক হয় নারী কর্তৃক
non_depressive,আমেরিকার দালালি করলে এরকমটাই হবে
non_depressive,থেকে পরিত্রাণ পাওয়ার একমাত্র উপায় ধর্মীয় শিক্ষা ধর্মীয় আইন অনুযায়ী চলা
depressive,আমি সময় মনে করি আমি অস্থির এবং অস্থির হতে চাই।
depressive,নিউজ অভাব তাইতো স্বনামধন্য টিভি চ্যানেল টিকটকার দের নিয়ে নিউজ করে
non_depressive,অপরাধীদের কঠিন শাস্তি দেওয়ার আহবান জানাচ্ছি
non_depressive,আল্লাহ আমাকে বাচিয়েছেন আল্লাহর কাছে অনেক অনেক অনেক শুকরিয়া আদায় করি
depressive,আমি চাইতেও সবকিছু হারাতে চাই কিন্তু আমার হারানোর অভাব কিছু রকম করে প্রভাব ফেলে।
non_depressive,জানোয়ার দের বিচার আল্লাহ করবেন
non_depressive,বাংলা আমার সোনার বাংলা
non_depressive,যাক শেষ পর্যন্ত বোধদয় হয়েছে
non_depressive,আলহামদুলিল্লাহ এজন্য টিকে নেই নাই
depressive,সিধ কাটিয়া তোমার ঘরে করতে গেলাম চুরি আসতে গিয়া অন্ধকারে আটকে গিয়াছে ভূড়ি
depressive,সালে গবেষণা শুরুর অবশেষে পানির অস্তিত্বের ব্যাপারে অনেকটাই নিশ্চিত বিজ্ঞানীরা সার্টিফিকেট দিয়ে আমি করবো মনে চায় মরে যাই
non_depressive,আরটিভি নিউজ পাচ্ছে
depressive,"প্রানের শহরে চলছে প্রানের সংহার এ যেন মৃত্যু পুরী , বেচেঁ থাকার নাই কোনো অধিকার ! কিছুই তো চাইনি , শুধু চেয়েছি নিরাপত্তা , নিরাপদে একটু বেঁচে থাকার অধিকার ! এই ইচ্ছাটুকু বলবো কার কাছে ? দেখার কেউ কি আছে ? নাকি ক্ষমতাধররা সবাই অমানুষ হয়ে গেছে ? "
depressive,আমি সময় অনুমান করি আমি নিজের সাথে সন্তুষ্ট নই।আমি সময় অনুমান করি আমি যেটা প্রয়োজন তাতে আমি সেটা করতে পারবো
non_depressive,সবাই কেমন আছেন আশা করি ভালো আছেন
non_depressive,টিকা খাইয়া আইলাম সৌদি আরব আলহামদুলিল্লাহ ভালো আছি
non_depressive,আসলে যাদের মন পরিস্কার হয় তাদের ভাগ্যটাই খারাপ হয় । 
non_depressive,দাম বাড়ছে বাড়ুক বেতন বাড়াতে হবে। আমরা কৃষকরা বাঁচবো কেমন করে ব্যাবসায়ীরা লাভ করছে।
non_depressive,আলহামদুলিল্লাহ টিকা ছাড়াই আল্লাহ ভালো রেখেছে
depressive,আমি সময় অনুমান করি আমি অন্যের জন্য অপরিচিত।আমি সময় অনুমান করি আমি যেটা প্রয়োজন তাতে আমি সেটা করতে পারবো
depressive,সবাই জনগনের চাকর হতে চায়। কারন জনগনের চাকর হওয়াটা আমাদের সমাজে বেশি সম্মানিয় পেশা।
depressive,ডিপ্রেশন মানে আমি যেটা বুঝি হলো প্রেম আজকাল বেশিরভাগ মানুষ ডিপ্রেশনে থাকে আত্মহত্যার বেছে নেয়
depressive,মানুষ বাঁচুক বাঁচুক তাতে কার এসে যায় চাইলে দেশে থাকেন চলে যান এমন কথা কেউ বললেও অবাক হওয়ার কিছু নাই
depressive,এইসব ফাইভ বুলেট ট্রেনের স্বপ্ন আছে বলেই আমরা বাসের পাদানিতে টেম্পুর পাদানিতে গাদাগাদি করে দাঁড়িয়ে প্রতিদিন চলাফেরা করতে পারি
non_depressive,ভারত সরকার সাধারণ জনগণের সুযোগ সুবিধা গুলো দিয়ে থাকে আমাদের দেশের সরকার সুযোগ সুবিধা গুলো কখনো দেয়।
non_depressive,ইনশাআল্লাহ পারবে সিনামাটি করে দাও ইউটিউবে
non_depressive,"সম্পর্ক কখনো দূরত্বের কারণে শেষ হয় না , সম্পর্ক শেষ হয় অহংকার , অসম্মান , স্বার্থপরতা , আর বিশ্বাস ঘাতকতার কারণে । "
depressive,আমি জানি আমার জীবনের সমস্যার সামনে অবস্থা হলে আমি কীভাবে সম্মুখীন হতে পারবো না।
non_depressive,মেয়েদের বলছি ভালো একটা নামাযি ছেলে দেখে বিয়ে করে ফেলুন আপনারা। তাহলেই আশা করি ভালো হবে এবং আল্লাহ তায়ালার অশেষ রহমতে ভালো থাকবেন
depressive,বাঙালি তোদের ছেড়ে দেবে ভেবেছিস বাংলাপক্ষ জয়বাংলা
depressive,"তোরই মতো কোনো একটা কেউ কথা দিয়ে যায় , ছায়া হয়ে যায় । তোরই মতো কোনো একটা কেউ ভাসিয়ে আমায় দূরে নিয়ে যায় "
non_depressive,"পৃথীবির সবথেকে কঠিন কাজ হলো , মানুষের মনের সত্যিকারের ভালোবাসা অর্জন করা ! "
depressive,পৃথিবীর সকল প্রেমিকায় চায় শুধুমাত্র তার চোখেই বারবার তার প্রেমিক হতাহত হোক যুগ পাল্টাইছে কিন্তু মানুষের নষ্ট ধেনধারনা পরিবর্তন হয়নি খুব দুঃখ জনক
depressive,"গেলে তোমার আমার আরো ৪ ৫ টা সন্তান যাবে , ত বোও শাজাহান এর মন্ত্রীত্ব যাবেনা এটা সাফ মনে রাখো । আন্দোলন অবরোধ করে টরে কোন লাভ হবেনা এটা সাফ মনে রাখো । এইটা আমার বাংলাদেশ "
non_depressive,শিক্ষিত মানুষ ডিভোর্স বেশী দেয় এজন্য শিক্ষা বন্ধ করলে হবে নাহবরং শিক্ষার মান উন্নয়ন করতে হবেনৈতিক শিক্ষা এবং ধর্মীয় শিক্ষায় গুরুত্ব দিতে হবে
non_depressive,"সৎকাজ করার আগে পবিত্র ও হালাল জিনিস খাওয়ার ব্যাপারে পরিষ্কার ইঙ্গিত রয়েছে যে , হারাম খেয়ে সৎকাজ করার কোন মানে হয় না । সৎকাজের জন্য প্রথম শর্ত হচ্ছে হালাল রিযিক খাওয়া । হাদীসে বলা হয়েছে , নবী সা বলেছেনঃ হে লোকেরা ! আল্লাহ নিজে পবিত্র , তাই তিনি পবিত্র জিনিসই পছন্দ করেন । "
depressive,পুলিশ হালারা রাতেও শুধু শুধু সাধারণ মানুষ হয়রানি করে ধান্দার জন্য কবো ওরা মানুষ হবে
depressive,জীবন আমাকে সবসময় একা এবং অসহায় অনুভব করার অনুভুতি দেয়।
non_depressive,ভারত সরকার অসংখ্য ধন্যবাদ এমন সিদ্ধান্ত নিয়েছে আমি আসছি বাংলাদেশ থেকে ভারতে জয় শ্রী রাম
non_depressive,সন্ধ্যা ছয়টার পুর্বে দোকানে সিগারেট কেনাবেচা নিষিদ্ধ আইন চাই।
non_depressive,সত্যি অসাধারণ নাটকটিতে হয়তো ভাসোবাসা পূর্ণতা পায়নি কিন্তু নাটকটিতে স্বল্প পরিসরে যেই ভালোবাসা ফুটে উঠছে সত্যিই অভাবনীয়
non_depressive,সেখানে নিত্যপন্যের দামের সাথে তুলনা করতে পারলি
depressive,আমি সময় অনুভব করি আমি কাউকে নির্দোষ প্রতিষ্ঠিত করতে পারি না।
non_depressive,র ্যাঙ্কিংয়েও পুরস্কার পেলেন তামিম : 
depressive,টাকায় অথচ টাকা চালের কেজি টাকায় চাউলের কেজি দেন
depressive,কিসের এতো ভয় বলো যেখানে ভালোবাসা শূণ্যতার উপর দাঁড়িয়ে সেখানে তোমাকে হারানোর ভয় বোকামী শুভ সকাল
depressive,আমি সময় অনুমান করি আমি অন্যের জন্য অপরিচিত।আমি সময় অনুমান করি আমি যেটা প্রয়োজন তাতে আমি সেটা করতে পারবো
non_depressive,ভারত সকল মুসলিমদের বাংলা পাকিস্তান পাঠানো হোক
non_depressive,খোঁজ নিয়ে দেখেন নায়ক নিজেই নিয়েছে কোটি। কোনও নেই
depressive,বক্স অফিস মারুফ উচ্চারণ করতেই জানে সেখানে হবেনা লাভ হবে কেমন
depressive,এখন সিনেমা দেখে কারা বুঝে শুনে বিনিয়োগ করা উচিত
depressive,বাংলার মন্ত্রীদের বেশিরভাগই যে আল্টিমেট অ্যাসহোল এইটা কিছু জনতা অনেক দিন পর বুঝতে পারতেসে দেইখা বেশ বিনুদন পাইলাম । যাও গিয়া চ্যাটনার গোড়ায় তেল মাখাও । 
non_depressive,ভালো মুবি গ্রান কার্ড
depressive,নতুন করে দেবে।কিন্তু বাবার সৃতি ভেঙে ফেললো।
depressive,পাড়া ছেলে ব্যবসায়ী সুখি বিবাহিত জীবন কাটাচ্ছে। আমরা শিক্ষিত হয় ভয় পাই বলি নিজের পায়ে দাঁড়াতে বেকার বসে থাকতে
non_depressive,"আবারও বৃষ্টি বৃষ্টি এমন একটা জিনিশ যেটা একদিন হলে প্রেম পায় কিন্তু রোজ রোজ হলে মনটা কয় , গালাগালি "
depressive,পৃথিবীরটা খারাপের বাজার হিদায়ত দিন আল্লাহ
non_depressive,রাশেদুল পূর্বে কোন রাজনৈতিক দলের কর্মী ছিলো জাতি জানতে চায়।
depressive,শান্ত বুকের তপ্তক্ষুনে শক্তমাটি রক্তলাল মজলুমানের আর্তনাদে আরশে আজিম কম্পমান মানবতা দূর্বিপাকে আবাসভুমি ঘোর শ্মশান
non_depressive,ভালো ফালতু নিউজ
depressive,সাব্বিরদের ব্যাট হাতুড়ি হয়ে উঠবে কবে
depressive,কারণ আমরা একলাফে চাকরি পাওয়ার সপ্ন দেখি ছোটখাট চাকরিগুল এড়িয়ে যাই ফলে মার্কেট আমাদের উপর ভরসা করতে পারে না।
non_depressive,এইগুলা যদি নিউজ তাহলে বুঝতে বাকি নাই বাংলাদেশের সাংবাদিকদের খেতেদেয়ে কোন কাজ নাই।
depressive,তোমাদের কোনদিন শোধ হবেনা অথচ স্বঘোষিত রাজাকারের বাচ্চারা তোমাদের আত্নত্যাগের কথা ভুলে গেছে
depressive,টাকা এইসব রেড কার্ড হোয়াইট কার্ড পিছে ব্যায় করে গাছ লাগালেও জনগণের এবং পশুপাখিদের অনেক উপকার থেকে দোয়া পেতো
non_depressive,নাকি বাংলাদেশের নম্বর ইউটিউবার
non_depressive,মিউজিকটা এডিটর দিছে ওনার নিশ্চয় কোনো সমস্যা আছে।
depressive,ধরনের কুসংস্কার শুধু বগুড়াতেই সম্ভব
depressive,টেস্টে বাজে খেলায় খেলোয়াড়দের অশ্লীল ভাবে গালি দেয়া ছেলে মেয়ে গুলার মূখে এখন প্রসংশা ফুল ফুটে অদ্ভুত
non_depressive,উন্নত কারিগরি শিক্ষার দরকার আমাদের দেশে
non_depressive,সারা দেশে ১০০ থেকে ৯০ মানুষ ভাল্লাগেনা রোগে আক্রান্ত কেউ কি আছো এই রকম
depressive,"আদরের ডাক যদি মুছে , এই নাও কিছু ঘুম পাড়ানি গান আলগোছে , বোঝনা এটুকু শিলালিপি , মন রে ব্যাথার আদরে অবুঝ আঙ্গুল রাখলাম "
depressive,আমি বুঝি না জনগণকে ভোট যখন দিতেই দিবে না তাহলে নির্বাচন দেয়ার প্রয়োজনটা কি সরকার কি বলবে আমরা জানি কিন্তু এইবার নির্বাচন কমিশন নুতন কি বলবে তা শোনার অপেক্ষায় : ব্যালট বইয়ে পুরোটাতেই নৌকায় সিল
depressive,"দেখুন কিভাবে রাতের অাধারে ভারতীয় ট্রাকে করে ২২৭ কোটি টাকার কয়লা ভারতে পাচার করা হচ্ছে ড তুহিন মানিক বলেছিলো , আওয়ামীলীগকে যদি সাহারা মরুভূমি যদি ইজারা দেওয়া হয় , কিছুদিন পর দেখা যাবে মরুভূমিতেও বালুর সংকট দেখা দিবে ! বাকীটা কমেন্ট বক্সে দেখুন "
non_depressive,"যদি তোমরা কুফরী করো এবং পৃথিবীর সমস্ত অধিবাসীও কাফের হয়ে যায় তাহলে আল্লাহর কিছুই আসে যায় না , তিনি আপন সত্তায় আপনি প্রশংসিত । ইব্রাহিম ৮ "
non_depressive,মারুফকে একটা নোবেল দেয়া উচিত
depressive,"আজ সংসদে নাগরিকপঞ্জী পেশ , লক্ষ বাঙালির নাম বাদ । সংসদে তৃণমূলের বিরোধিতা , কিন্তু ঠিক দিনেই বিমান বিভ্রাট । আড়াই ঘণ্টা বিমান বন্দরে তৃণমূল সাংসদ রা আটক । "
depressive,আমারও এটা আগে কোন কাজ করে আনন্দ পেতাম এখন তার চেয়েও ভালো কাজ করে আনন্দ পাই খুব খারাপ লাগে সবসময়
depressive,কাছের মানুষের এতোটাই ভালবাসা দিতে হবে যাতে Dipration ভুলে থাকতে পারে
depressive,অতি গরমে কারো মাথা ঠিক নাই রাতে ঠান্ডা মাথায় ঘুমালে সকালে ঠিক হয়ে যাবে। এগুলা নিয়ে নিউজ করার দরকার
non_depressive,DBC অনেক সুন্দর একটা গুরুত্ব পূর্ণ খবর দেওয়ার জন্য ধন্যবাদ
depressive,খুব কষ্ট হয়েছে বলো
non_depressive,ভাই ঢাকার জ্যাম নিয়া একটা ভিডিও বানান কিভাবে জ্যাম কমানো যায় কোন দেশ ট্রাফিক নিয়ন্ত্রণে ভালো করছে নিয়া একটা ভিডিও বানান।
depressive,দিল্লিতে অনাহারে মৃত্যু বেআব্রু অাচ্ছে দিন তিন শিশুকন্যার এক দানা খাবার জোটেনি আট দিন 
depressive,গান শুনলে চোখের পানি চলে আসে
non_depressive,এটা আমিও শুনেছি ভারত সরকার তারাতারি এটা করবে আমি ভারতে যাবোই
depressive,দিনে দুপুরে যেখানে মানুষের অধিকার হরন হয়সেখানে ইরম আজাব হবে স্বাভাবিক
depressive,প্রতিটি লক্ষন আমার ভিতর আছে মনের কথা কাউকে বুঝাতে পারলাম ভালো নেই আমি অবসাধ আমার সময় শেষ করে দিচ্ছে
depressive,বাসের তলায় পিষছে মানুষ হাসছে নরপিশাচ তিন তিনটা লাশ পরেছে কির পোলা লাশ চাস
non_depressive,অবশেষে কাজী ইব্রাহিম সাহেবের কথাই সঠিক হলো
depressive,সালে গবেষণা শুরুর অবশেষে পানির অস্তিত্বের ব্যাপারে অনেকটাই নিশ্চিত বিজ্ঞানীরা এবার তবে প্রাণের অস্তিত্ব মিলবে
non_depressive,ঠিক কী করেন তিনি তার নজির রাখলেন সোশ্যাল মিডিয়ায় । : ? 
depressive,দাত মাইজা লক্ষ হাজার মেক্টিকটন কয়লা শেষ করছত জন্যে তোর দাত সুন্দর
non_depressive,বাজারে যেয়ে আণদআজই খবর।
non_depressive,কারো পানে চাহিবো অনেক দিন অসাধারণ কিছু দেখলাম।
non_depressive,গতানুগতিক পড়াশোনামুখস্ত বিদ্যাভরি ভরি প্লাসকাজের পরিধি তাইলে বেকারত্ব বাড়বেই শধু কিন্তু যথাযথ ব্যাবস্থা কখনো নেওয়া হবে
non_depressive,গতকাল জেনেটিক ইঞ্জিনিয়ারিং এ চরম উন্নতি হয়েছে প্রথম বারের মতো বিজ্ঞানীরা মিলিয়ন বছর আগে মৃত এক প্রাণীর কোষকে জীবিত করতে পেরেছেন আপনাদের কি মনে হয় এই প্রযুক্তি দিয়ে কি হাজার বছর আগে মৃত ব্যক্তিদের জীবিত করা যাবে ? 
non_depressive,অসাধারণ মনের ভাষা প্রকাশ করার মতো
depressive,আটকে যায় সেগেন্টের মধ্যে পানি পান করলে আমি নিশ্চিত মারা যাবো। তাই পানি ছাড়া গুমোনো মানে মৃতুকে ডেকে আনার আমার কাছে
non_depressive,জীবনের শ্রেষ্ট শিক্ষক
depressive,ফসলের দাম নেই কিষান মান্ডি গুলো চালু নেই শূন্যপদে নিয়োগ নেই শিল্পে বিনিয়োগ নেই চাকরি নেই বাংলা আসলে গণতন্ত্র নেই ধিক্কার
depressive,সকাল সাড়ে ৮টায় সরেজমিনে দেখা যায় ক্ষমতাসীন দলের কর্মীরা কেন্দ্র দখল করে নৌকা প্রতীকে সিল মারছে । মাত্র আধা ঘণ্টার মধ্যে নৌকা প্রতীকে পড়েছে ৫৬টি ভোট । ব্যালটের কয়েকটি অবশিষ্ট অংশে মুড়ি দেখা যায়নি ভোটদাতাদের টিপসই বা স্বাক্ষর : 
non_depressive,দায় ভার নেবে
depressive,ছেলে মানুষের অর্ধেক জীবন নিজেকে শক্ত করতে করতেই পার হয়ে যায় পান্তাবুড়ি
depressive,"আসল অপরাধী ঐ শাজাহান সহ কর্তাব্যক্তিদের । আদতে বিবেচনা করতে গেলে বাস ড্রাইভারদের হেল্পারদের দোষ আমি দেখিনা । দিন দিন জমার টাকা বাড়িয়ে দেয় , সিটিং বাসে দাঁড়াইয়া গেলেও ফুল ভারা নিতে হবে মালিকের নির্দেশ । যে যত বেশি যাত্রী নিতে পারবে তার তত বেশি কমিশন । : "
non_depressive,"ছোটবেলায় জ্বর হলে বাজার থেকে বাবা আনারস কিনে আনতেন সে আনারস খেলেই আমার জ্বর ভালো হয়ে যেত । বাবা কাছে নেই , কয়েক বছর হলো , আনারস দেখলে এখন বাবার কথা খুব মনে পড়ে যায় । মিস ইউ বাবা"
depressive,বিসিএস বলে কথা সবাই সুযোগ পাচ্ছে বেসরকারি চাকুরির প্রবেশের বয়স আবদ্ধ আবার সরকারি চাকরির বাজার মধ্যে চাই অভিজ্ঞতা
non_depressive,সর্বশেষ ভোটে কারচুপির অভিযোগে সিলেট নির্বাচন কমিশনের কার্যালয়ে অবস্থান কর্মসূচি বিএনপির মেয়র প্রার্থী আরিফুল হক চৌধুরীর । 
non_depressive,জন্যই অংক মিলে
non_depressive,করুণা কোন মহামারী ছিল করোনা কোন ওষুধ অসুখ ছিল এটা ছিল মানুষ মারার একটা বিশ্বের মধ্যে সবচাইতে বড় সরয্ন্ত
non_depressive,বেটা ডলার পাওয়ার আসায় এমন মিউজিক দিলো।
depressive,"ওয়েস্টইন্ডিজে মাশরাফি ভাই লুঙ্গি পরে হাঁটছিল , ছবিটা আমাদের সাংবাদিকরা ভাইরাল করল ! এরপর দেশীয় কিছু আবাল , ছাগল সমালোচনায় মত্ত ! আরে ছাগলের দল এটা আমাদের জন্য গর্বের ! কারণ বাংলাদেশীদের ঐতিহ্যবাহী বস্ত্র এটা ! হায়রে দেশের মানুষ ! "
non_depressive,টিভি মনে ভয়তেছিল রিপোর্ট করবে করবে গেছে সপ্তাহের খবর এখন করে
non_depressive,আল্লাহ সবাইকে হেফাজত করুক আমিন
non_depressive,পৃথিবীতে সালাত নামাজসবচেয়ে meditationstreess একটুও থাকবে না।আমার মনে সাংবাদিক আপু নিজেই streess ভোগেন কারণবশত তিনি সালাতের কথা উল্লেখ করেন নি।
non_depressive,অশিক্ষিত সাংবাদিক এদের ডিগ্রী থাকতে পারে কিন্তু অটো পাস
non_depressive,আটাত্তর আটাশি কথাটা ঠিক হইছে বলা
depressive,বিচার হবে ঘটনার সঠিক বিচার যদি হইত তাহলে এসব হইত না।
non_depressive,এই পৃথিবীতে সবচেয়ে সুন্দর ও সৌভাগ্যময় মূহুর্ত গুলোর একটি হল সিজদাহ 
non_depressive,মঙ্গল গ্রহ থেকে আমলারা নতুন নতুন পদ্ধতি নিয়ে আসে।
depressive,পদ্ধতি যেমনই হোক কেন এটা নিয়ে তামাশা করার আছে যেদেশে হাসপাতাল গুলা একেকটা কসাইখানা। চিকিৎসা গরিবের জন্য বিলাসিতা।
non_depressive,মেয়েকে দেখে আমার অন্যরকম ফিলিংগচ তেচে
depressive,সাধারন মানুষের মধ্যে বিভেদ সৃষ্টি করাই লক্ষ
depressive,আমি সময় অনুমান করি আমি নিজের সাথে সন্তুষ্ট নই।আমি সময় অনুমান করি আমি যেটা প্রয়োজন তাতে আমি সেটা করতে পারবো
depressive,ভালোবাসা সময় রূপ দিয়ে হয়না এগুলো তারই প্রমাণ এসিড দগ্ধ মেয়েটি
depressive,জীবনের অজানা পথে আমি সবসময় হারিয়ে যাচ্ছি এবং নিজেকে খুঁজে পাচ্ছি না।অনেক দিন ধরে আমি অশান্তির মধ্যে ভুগছি।
non_depressive,আপনার কথার সাথে আমার পুরো জীবন্টাই মিলে যাচ্ছে
depressive,"আমার না খুব হাসি পায় টুইটে আসলে , যখন দেখি কিছু মানুষ কে বোকা বানানোর নাটক করে যাচ্ছে । নিজেই অভিনেতা সেজে । "
depressive,আমাদের প্রতিটি শুধু একটি বিপর্যয়ের চিহ্ন।আর কষ্ট দিবিরে তোরা বাঙালি
non_depressive,২০১৩ সালের ২৯ শে জুলাই পথ চলা শুরু হয়েছিল আমাদের । আজ দেখতে দেখতে ৫ টা বছর অতিক্রান্ত । সকল মোহনবাগানী বন্ধুদেরকে আন্তরিক কৃতজ্ঞতা জানাই আমাদের পাশে থাকার জন ্য । 
non_depressive,সকল অপরাধী ক্রসফায়ার করা হোক
non_depressive,বর্তমানে বিবাহ বিচ্ছেদ একটি আধুনিক ফ্যাশন বলা চলে আধুনিক যুগের আধুনিক আবেগের পরিনতি
depressive,অধিকাংশ সময় আমার জীবনে অনেক বিপদে পড়ে থাকে আমি অধিকাংশ সময় আমার মনের দুঃখে মুখ ফোটা দেখি।
depressive,আমি সময় অনুভব করি আমি অবশ্যই অন্যের হতে হবে।
depressive,আজও তার গন্ধ খুব মিা করি। হয়তো তারে পেয়ে গেলে হয়তো অনূভুতি পেতাম না। কিন্তু তারে আজও ভালোবাসি। ভালোবাসি সিনু বড্ড মিা করি তোমায়
non_depressive,অনেক দিন পর চট্টগ্রাম বিশ্ববিদ্যালয়ে 
depressive,বাসের তলায় পিষছে মানুষ হাসছে নরপিশাচ তিন তিনটা লাশ পরেছে কির পোলা লাশ চাস
non_depressive,তটিনী ইয়াশের নাটক অসাধারণ
depressive,আমি সময় অনুমান করি আমি নিজের সাথে অসন্তুষ্ট নই।আমি সময় অনুমান করি আমি যেটা প্রয়োজন তাতে আমি সেটা করতে পারবো
depressive,কখনো কখনো মনে হয় নিজেদের আপন জনদের থেকেও প্রবাসী ভাই বোনরাই প্রবাসী ভাই বোনদের সুখ দুঃখটা বেশি বোঝে আপন জনদের প্রকৃত পরিস্থিতি সব সময় বোঝানো কঠিন হয়ে পড়ে বাস্তবতা
depressive,কেউ কোনদিন বকবে আমাকে মায়ের সেই ভালোবাসা বাবার সেই সুপরামর্শ ঠাম্মার সেই আদর পাবো
non_depressive,একজন অভিনয় শিল্পীর সুন্দর কণ্ঠ সত্যিই অসাধারণ
non_depressive,তুমিই গুরু তুমিই বস ! তুমিই ফুল এন্ড ফাইনাল ! শুভ জন্মদিন ক্রিস্টোফার জেমস নোলান 
depressive,কোটি কোটি মানুষের কথা। উন্নয়ন দিয়ে হবে যদি পেটে খানা থাকে।
depressive,আমি সময় অনুমান করি আমি অন্যের জন্য অপরিচিত।আমি সময় অনুমান করি আমি যেটা প্রয়োজন তাতে আমি সেটা করতে পারবো
depressive,সুখের গল্প বললেও দেখি কষ্ট পাও কারণ গল্পে আমি থাকি থাকে অন্য কেউ
non_depressive,শটগান আলা লোকটা খুব ভালো ভদ্র মিথ্যা অভিযোগ একে ক্ষমা করে একে ছেড়ে দেওয়াটাই উচিত কারণ উনি আওয়ামী লীগের একজন নেতা।
depressive,"সবকিছু মিথ্যে , আমি মিথ্যে , মিথ্যে আমার বসবাস , মিথ্যে আমার গৃহ , শুধু সত্য আমার নিরূপিত ছায়া মাত্র । "
non_depressive,ওকে তারাতাড়ি আইনের আওতায় আনা
depressive,আজব একটা শব্দ মানুষ বললে ঝগড়া শেষ ডাক্তার বললে মানুষ শেষ অচেনা কবি
non_depressive,কাহিনীর সাথে ডায়ালগুলো অসাধারণ
depressive,ছুয়ে নয়ন বিজিয়ে দিলেন
depressive,আসলেই কিছু বলার ভাষা খুজে পাচ্ছি কথায় অসাধারণ।। তটিনী আপু হাসির জগতের আইডল উনার হাসির কাছে পৃথিবীর সবকিছু হার মানবে।। ভালোবাসা অবিরাম আপু
depressive,আকাশে যখন মেঘ দেখা গেছে বৃষ্টি নামবেই
non_depressive,"একটা পুরুষ পরিপূর্ণ আর্থিক , মানসিক ফিট না হওয়াপর্যন্ত বিয়ে করা কোনভাবেই উচিৎ না তবে এটা ছেলে ও মেয়ে উভয়ের জন্যই প্রযোজ্য । পুনশ্চঃ জীবনে চলার জন্য পরিমিত অর্থের প্রয়োজন । কম বা বেশী দুটোই সমস্যা সৃষ্টি করে । মনে রাখতে হবে টাকা দিয়ে অনেক কিছুই হয় সবকিছু নয় । "
non_depressive,আল্লাহ সভাইকে হেদায়েত দান করুন আমিন
non_depressive,আপনারা নিউজের জন্য কোনো টপিক পান নাকি
non_depressive,আল্লাহ পাক ছাড় দেন ছেড়ে দেন
depressive,ভাইয়া আমরা শারীরিক প্রতিবন্ধী চাকরির হয় হবে কি। চাকরির ডাক পত্রিকা উল্লেখ করে যে। শারীরিক প্রতিবন্ধী পাবে কাছে প্রশ্ন
non_depressive,জনসংখ্যা অনুপাতে সরকারি চাকরি বাংলাদেশে
non_depressive,আল্লাহ আপনি এসব ফেতনা এবং ভন্ডদের থেকে আমাদের হেফাজত করুন
non_depressive,হে মানুষ তোমরা তোমাদের সেই প্রতিপালকের ইবাদত কর যিনি তোমাদের ও তোমাদের পুর্ববর্তীদের সৃষ্টি করেছেন যাতে তোমরা মুত্তাকী পরহেযগার হতে পারো ! সুরা বাক্বারার আয়াত : ২ : ২১ শুভ রাত্রি আজাইরা জনগণ
non_depressive,সত্যি খুবই কস্টের বিষয়
depressive,দুপুর  তার সাথে শেষ দেখা মাস জীবনটা অন্য রকম ছিলো
depressive,"আজ এয়ারপোর্ট রোডে পাল্লা দিয়ে বেপরোয়া গতিতে আসা বাসের ধাক্কায় ৪ ছাত্র ছাত্রী নিহত , উত্তেজিত জনতা ব্যাপক ভাংচুর করেছে ! এই ভাংচুর কেন জানেন ? কারন এই অপরাধে ড্রাইভারের তেমন কোন সাজা হবে না । বিভিন্ন দেশে এক্সিডেন্ট হয় ভাংচুর হয়না কারন সেখানে আইন প্রয়োগ হয় । "
depressive,আমেরিকার আবেগ বাংলাদেশে চলে
non_depressive,মহান সৃষ্টি কর্তার কাছে ফরিয়াদ সবাই সুস্থ রাখেন সেই সাথে আমাদের সুস্থ রাখেন আমিন
depressive,খুবই কষ্টে আছি এজন্য
depressive,কি আশ্চর্য ক্রিকেট কিংবা ফুটবল ম্যাচে অতিরিক্ত সময় অতিবাহিত হলেও কিছু মনেই হয়না বরং মাঝে মাঝে তা উত্তেজনাকর কিন্তু জুম য়ার খুতবা একটু বড় হলেই তা বিরক্তিকর হয়ে যায় 
depressive,এটাকে কোন সঠিক শিক্ষা ব্যবস্থা বলেনা। হাস্যকর অবস্থা
non_depressive,ফরজ সালাতের পর ৩৩ বার সুবহানাল্লাহ ৩৩ বার আলহামদুলিল্লাহ ৩৪ বার আল্লাহু আকবার এবং ১০০ পূর্ণ করতে লা ইলাহা ইল্লাল্লাহু ওয়াদাহু লা শারিকালাহ লাহুল মুলকু ওয়া লাহুল হামদু ওয়াহুয়া আলা কুল্লি শায়্যিন ক্বদির পড়লে গোনাহসমুহ মাফ হবে যদি তা সমুদ্রের ফেনার সমানও হয় । মুসলিম : ৫৯৭ 
depressive,", দুনিয়ার কোন জানোয়ার তোমার নফসের চেয়ে অধিক অদম্য নয় । তোমার নফসকে যত মজবুত শৃংঙ্খলে আবদ্ধ রাখা আবশ্যক , দুনিয়ার কোন জানোয়ারকে বেঁধে রাখতে ততো মজবুত শৃঙ্খলের প্রয়োজন নেই । হাসান বসরী রহঃ "
non_depressive,আপনাকে অনেক ধন্যবাদ সুযোগ দেওয়ার জন্য প্রধানমন্ত্রী চিরজীবন আপনি বেঁচে থাকুন
depressive,"পেঙ্গুইন যদি মন্ত্রী হয় ! তাহলে কাউয়া র দোষ কি ? সারাটা দিন ট্রমার মধ্যে গেছে , ভিডিও টা দেখার পর ঠিক থাকা অসম্ভব ছিল তখন । কি কপাল ছেলেমেয়ে গুলোর "
depressive,ব্যালট বইয়ে পুরোটাতেই নৌকায় সিল : 
depressive,ব্যাক্তিগত ইচ্ছার থেকে এখনে পরিবার আশেপাশের মানুষের কথায় আমরা বিকশিত হতে পারি
depressive,আশা করি অন্তত লাখ টাকা হয়ে যাবে
non_depressive,সারাদিন নিলে সমিস্যা পরীক্ষা দেবে খাবে অল্প ঘুমাবে চাপ অনুভব করলে প্রকৃতির ডাকে সাড়াও দেবে। পুরো প্যাকেজ হাহাহা
depressive,আরে পুরাতন কারিকুলাম হবে তাহলে আমরা যারা সালে এসএসসি দিবো তাদের বিষয় গুলো নেই এটা নিয়ম বানালো
depressive,দ্রব্যমূল্য নিয়ন্ত্রণ করতে পারলে সরকারের উন্নয়ন ব্যর্থ হয়ে যাবে।
depressive,চোখে পানি চলে আসছে। আল্লাহ্
depressive,রাস্তাঘাটে একটা মেয়েরে পেটানো মোটেই সুপুরুষ কাজ নয়যদিও তারে ভিডিও দেখা যায় কিন্তু আশেপাশেই হয়তো ছিলো
depressive,আমি ওয়াসওয়াসা ভুগতেছি আমার জন্য সবাই দোয়া করবেন।
depressive,কি লাভ যাকে কোন দিনই পাবো না তার জন্য অপেহ্মা করে 
non_depressive,বিশ্বাস করেন রাসেল ভাই চ্যানেল গুলোরএই অধঃপতন দেখে আমার মনে ঈদের আনন্দ চলে আসেtrpএর সাংবাদিকদের নৈতিক বিবর্জিত কাজ।এগুলো নিউজ
depressive,আমি সময় অনুমান করি আমি কোন কারণে অসন্তুষ্ট।আমি সময় অনুমান করি আমি যেটা প্রয়োজন তাতে আমি সেটা করতে পারবো
non_depressive,ভারত প্রেমিক সংখ্যালঘুরা তাড়াতাড়ি ভারত চলে যান দেশপ্রেমিক সংখ্যালঘুরা দেশে থাকেন কারণ দেশ সবার
non_depressive,১৩৪ কেন্দ্রের মধ্যে ১৩২টি কেন্দ্রে বিএনপির প্রার্থী আরিফুল হক চৌধুরী ধানের শীষ প্রতীক নিয়ে ৯০ হাজার ৪৯৬ ভোট পেয়েছেন । আওয়ামী লীগ প্রার্থী বদর উদ্দীন আহম্মদ কামরান পেয়েছেন ৮৫ হাজার ৮৭০ ভোট । : 
non_depressive,সিলেটে কলোনির বাথরুমে মা ও দুই মেয়ের লাশ : 
depressive,খারাপ থাকলে আমি বেশি নাটক দেখি তখন আমার ভালো হয়ে যায়।।।।
depressive,পায়েল হত্যাকাণ্ডের কাহিনী শুনে আমার জীবনেও প্রায় হুবহু ঘটে যাওয়া একটা ঘটনা মনে পড়ে গেল সেটাও ছিল হানিফ পরিবহণ আমাকেও বাথরুমের জন্য রাস্তায় নামিয়ে দিয়ে আমাকে ছেড়ে চলে গেছিল সে দিনও আমার কাছে কোন মোবাইল ছিল 
depressive,পৃথিবী থেকে লজ্জবতী গাছ আর লজ্জবতী নারী বর্তমানে দুইটা বিলুপ্ত প্রায় 
depressive,এখন কোন হসপিটালের আসে জানান
non_depressive,দোষ মোটরসাইকেল কিমি থেকে কিমি করা হোক
non_depressive,এইডা কোন খবর নাকি
non_depressive,বাংলাদেশের কয়েকটা শিল্প কারখানা এইচআর আছে অতিষ্ঠ দিশেহারা শ্রমিকেরা আরো কিছু বলার আছে
depressive,আমি বুঝি না জনগণকে ভোট যখন দিতেই দিবে না তাহলে নির্বাচন দেয়ার প্রয়োজনটা কি সরকার কি বলবে আমরা জানি কিন্তু এইবার নির্বাচন কমিশন নুতন কি বলবে তা শোনার অপেক্ষায় : ব্যালট বইয়ে পুরোটাতেই নৌকায় সিল
depressive,মানুষ কতোটা জঘন্য হলে এরকম কাজ করতে পারে আপনারই বলুন
depressive,আমি সময় অনুভব করি আমি কাউকে নির্দোষ প্রতিষ্ঠিত করতে পারি না।
depressive,এদেশে আমাদের জিবীনের কোম দাম নেই৷ দোয়া করবেন যেনো দূত দেশ থেকে পালাতে পারি
non_depressive,বাংলাদেশের বর্তমান অবস্থা রেস্তোরার ন্যায়।
depressive,অনেক কষ্টের বিষন্নতা একাকীত্বের কারনেও হয়।
depressive,ডিপ্রেশন অনেক আনন্দের রোগ আমি ভুক্তভোগী। মাঝে মাঝে ইচ্ছা করে সুন্দর পৃথিবী মায়ার বাধন ছেরে দূরে কোথাও হারিয়ে যাই।
non_depressive,"আমার যত দুঃখ আছে লাল নীল সব মোমের বাতি আয় চলে আয় সন্ধ্যা রাতে খুলে বসি বুকের ছাতি , রাত বাড়াতে হাত বাড়াতে আলোর ছায়ায় নাচবে আঙ্গুল তোর ছোঁয়াতে রাত পোহাতে ভিজবে মাটি চষবে নাঙ্গল , দুজন মিলে গাঙের ঝিলে আবাদ হবে সুখ ফলাবো ফুসফুসের সব বাতাস মিলে আগুন দিলে মোম গলাবো । "
non_depressive,ব্যকগ্রাউন্ড মিউজিকটা একটু বাড়িয়ে দিলে ভালো হতো
depressive,"পৃথিবীর সবচেয়ে ক্ষমতাধর ব্যক্তি রাশিয়ার ভ্লাদিমির পুতিন , আর দ্বিতীয় ক্ষমতাধর ব্যক্তি নৌ মন্ত্রী শাহাজান খান । উনাকে ঠেকানোর ক্ষমতা আল্লাহ ছাড়া আর কারোও নেই । "
non_depressive,দেশে কোন কারেন্ট যায় না
non_depressive,হুম যারা যেতে চায় তাদের নিয়ে দেশ একটু ভারত মুক্ত হোক
depressive,আল্লাহ বৃষ্টিটা একটু থামাও সবার ঘরে নাই
depressive,তাদের বুঝা উচিৎ দেশের মানুষ এখন হলে গিয়ে সিনেমা দেখতে ইচ্ছুক নাতাদের এখন পেশা পরিবর্তন করা উচিৎ।
non_depressive,ভাই ইয়াস ভাইয়েরে আগে থেকেই ভালো লাগে এতু সুন্দর নাটক হতে পারে বাংলাদেশের সিনেমাকে হার মানাবে।
non_depressive,আরটিভি নিউজ পাচ্ছে
non_depressive,ভারতের সকল মুসলিম দের বাংলাদেশ পাকিস্তানে পাঠানো হবে
depressive,জীবনের পথে বাধা কাঁটা নেই তাই চলার অনন্ত পথে আমরা শুধু বিপর্যয়ের সম্মুখীন হচ্ছি।আর কষ্ট দিবিরে তোরা বাঙালি
depressive,ভারতের আসাম রাজ্যের নাগরিক তালিকা থেকে বাদ পড়েছে ৪০ লাখ মানুষ : 
depressive,সবার অংক মিলে আমার অংক মিলে না।
depressive,আমি অবিশ্বাস্য বোধ করি আমার জীবনে কোন আর্থিক সমস্যা নেই তবে আমি সময় নিজেকে নিজের সাথে সন্তুষ্ট মনে করি।
depressive,আপনার বক্তব্য বাংলাদেশে বসবাসরত আপনাদের ওয়ারিশগণ মানতে নারাজ
non_depressive,ধন্যবাদ মাননীয় স্বরাষ্ট্রমন্ত্রী মহাদয়কে
non_depressive,পুলিশ সমনে হেগে দিয়ে চলে গেল রাকিব টিম
depressive,আমি দিয়েছি এখন এলার্জি সমস্যা। যেকোনো সময় নাক দিয়ে সুতা সুতা পানি যায় ভালো হচ্ছিনা। তারপর একটু দুলা বালি পড়লেই সর্দি শুরু
depressive,"বিবর্ণ হয়ে পরে থাকা , মৃতদেহ খানিও লাশ নামের । তার গুপ্ত নিঃশ্বাসে ; কতো সুপ্ত প্রেমের কথা ঝড়ে গেছে শায়ান্নে । "
non_depressive,একাকীত্ব কখনোই মানুষকে আনন্দ দিতে পারেনা তাই জীবনের কিছু ছোট ছোট আনন্দের জন্য কিছু বন্ধুরও প্রয়োজন আছে বাস্তব ওসমান গনি 
depressive,আমারও এটা আগে কোন কাজ করে আনন্দ পেতাম এখন তার চেয়েও ভালো কাজ করে আনন্দ পাই খুব খারাপ লাগে সবসময়
depressive,টিভি এতো নিম্ম মানের নিউজ করবে আশা করি নাই।
non_depressive,ইয়াশ রোহানতটিনী সেরা জুটিতটিনীকে আমার অনেক ভালো লাগেনাটকের নাম শেষ কিছুদিন দেখে অনেক কিছু ভেবেছি তাই মনযোগ দিয়ে দেখছি শেষ কিছুদিন হবে
non_depressive,কিশোর চালক পরিবারকে আগে আইনের আওতায় আনা উচিত
non_depressive,অনেকদিন পরে অনেক সুন্দর একটা নাটক দেখলাম।মন ছুঁয়ে গেল।
non_depressive,দাড়ানো ট্রাকের দায় আছে
depressive,নাটকটা দেখে মনে হলো। আল্লাহ যদি দিতৃীয় বার সুযোগ দিতো। আমি মানুষটাকে চাইতাম। যেটা আমার আল্লাহ ছাড়া কেউ যানে না।
non_depressive,অনেক সুন্দর হয়েছে নাটক
non_depressive,অভিনন্দন এ এইচ এম খায়রুজ্জামান লিটন ভাই ; নবনির্বাচিত নগর পিতা রাজশাহী সিটি কর্পোরেশন । অভিনন্দন সেরনিয়াবাদ সাদিক আবদুল্লাহ নবনির্বাচিত নগর পিতা বরিশাল সিটি কর্পোরেশন । অপেক্ষায় বদর উদ্দিন আহমেদ কামরান । 
depressive,কান্না করাটা হয়তো সহজ কিন্তু কান্না করাটা খুবিই কঠিন যেটা বুক ফেটে তাই। তটিনি রোহান তোমাদের জুটি এক্টিং
depressive,"সিলেট , রাজশাহী , বরিশালের কবরস্থান গুলোতে আইনশৃঙ্খলা বাহিনী মোতায়েন করার জোর দাবী জানাচ্ছি । যাতে করে মৃত মানুষগুলো রাতের আঁধারে ভোট দিতে ভোট কেন্দ্রে আসতে না পারে । ফ্যাক্টঃ সিটি কর্পোরেশন নির্বাচন"
non_depressive,তোমাকে দেখিনা কোটি বছর আপু কমেন্ট কোনোদিন দেখে থাকলে রিপ্লে দিও প্রিয় তানিয়া আপু
non_depressive,এইটা  সালে যারা পরীক্ষা দিবে তাদের জন্য
depressive,এই সব জানতে গেলে ভারতবর্ষের ঐতিহ্য ও সংষ্কৃতি নিয়ে পড়াশোনা করতে হবে । সেইসব পড়াশোনা ওদের কোনও দিন ছিল না আর হবেও না । 
non_depressive,অনেক দিন আগের কথা। একবার নানীর বাড়ি গেছিলাম। নানী কইছিলো দেখবি কিছু লোক হুদাই তোর কমেন্ট পড়বে সময় নষ্ট করবে
non_depressive,তাকে শেখ মুজিবে ডেকেছিল সাক্ষাৎ করতে
non_depressive,আজাইরা খবর ছাড়া কিছু নাই
non_depressive,দান বক্স হলে কিছু একটা করা যেতো।
depressive,"পঞ্চায়েত নির্বাচনে আমরা ৩০ জন কর্মীকে হারিয়েছি । খুনি তৃণমূল । আমরা ভেবেছিলাম পঞ্চায়েত নির্বাচনের পর খুনের রাজনীতি বন্ধ হবে । এখনও যে তৃণমূলের রক্ততৃষ্ণা যায়নি , সেটা মন্দিরবাজারের খুন থেকে বোঝা যাচ্ছে । শক্তিপদকে খুন করেছিল তৃণমূল নেতারা । "
non_depressive,তারাতাড়ি নিয়ে ভাই
depressive,অনির্বাচিত সরকার এজন্য জনগণের প্রতি কোন দায়বদ্ধতা নেই।
non_depressive,আলেমদের কথা তখন কেউ বিশ্বাস যায় এখন দেখ।
non_depressive,"এটা বড় দুঃখের টাকা থাকবে , পরিচিতি থাকবে না । পর্দায় আয়ু কমবে অভিনেতাদের । গ্রহ , তারকা কিচ্ছু তৈরী হবে না ! শিল্পী , নির্মাতারা শুধু টাকাতেই খুশি কি ? মনে হয় না । অনুরোধ করছি মাত্র , নাম পদবী দিন । মানুষ ওদের বাপ মার দেওয়া নামে চিনুক । প্লিজ । : "
depressive,তোর চোখের মাপের আকাশ আমি নই তাই উড়তে বলিনি তোকে তোর মনের মাপের বাসাও নেই এ বুকে তাই বসতে বলিনি আরবার কিন্তু পাখি তবু বলি শোন আমার আকাশে সীমানা রাখিনি আমি খাঁচাও রেখেছি খুলে ফিরে দেখিস তোর আকাশে ঝড় এলে রুদ্র গোস্বামী শুভ সকাল 
non_depressive,টিক করেছে এলাকাবাসী তাদের সালাম
depressive,ডিপ্রেশনে ভোগা ব্যক্তির ভালবাসার প্রয়োজন
depressive,আমি একজন ব্যাক্তি হৃদপিন্ডের সমস্যায় ভুগছিটিকা নেওয়ার জন্য হয়তো
depressive,কোথাও রোমান্স নেই চারিদিকে খাঁটি করুন বাস্তবতা
depressive,মেয়ে হালকা পাতলা শাস্তি নিয়ে ছেরে দেওয়া হোক আসলে ওনার আবেগে কাজ করেছে বিভেগ কাজ করে নাই
non_depressive,আপনারা নিউজ পান নাহ
non_depressive,"যে ব্যক্তি জামায়াতের সঙ্গে এশার নামাজ আদায় করলো , সে যেন অর্ধেক রাত পর্যন্ত দাঁড়িয়ে ইবাদত করলো । আর যে ফজরের নামাজ জামায়াতসহ আদায় করলো সে যেন সারা রাত দাঁড়িয়ে নামাজ পড়লো । সহীহ মুসলিম "
non_depressive,"অসমে মুক্তি পেল জাতীয় নাগরিকত্ব পঞ্জীর চূড়ান্ত খসড়া , নাম বাদ ৪০ লক্ষের : "
non_depressive,"সৌন্দর্যায়নের নামে সেক্টর ফাইভে হকার উচ্ছেদের ঘোষণার পরেই পথের পাশের দোকানদাররা বিক্ষোভে সোচ্চার হয়েছেন । কিন্তু বামফ্রন্ট সরকারের সময়কালে তৈরি শিল্প তালু কের রাস্তার অবস্থাই ভয়াবহ । উচ্ছেদ অভিযানের ঘোষণা ঘিরে আতঙ্ক , অনিশ্চয়তায় দিন কাটাচ্ছে বহু মানুষ । "
non_depressive,এখন দেখি সেই ভাইরাল কিডনি নাটকের সাথে মিলে গেল আমি  সালে পাস করসি যুগে পাসের সমান
non_depressive,অসাধারণ ভাষা হারিয়ে ফেলেছি অনেক দিন মনে থাকবে ইয়াশ তটিনীর অভিনয়
non_depressive," নিশ্চয়ই আল্লাহ তোমাদের নির্দেশ দিচ্ছেন , তোমরা আমানতসমূহ তাদের যথার্থ মালিকের কাছে সোপর্দ করে দেবে । সুরা নিসাঃ৫৮ ভোট একটি আমানত , আপনার এই আমানত যেন আল্লাহর নির্দেশ মোতাবেক যথার্থ যোগ্য ব্যক্তির হাতে সোপর্দ করেন "
depressive,আমি সময় অত্যন্ত নিজের দিকে সমস্যা করি।
depressive,সকালে উঠিয়া আমি মনে মনে চিল্লাই এতো বড় হইছি আমার নাই কিল্লাই গুদ মন্নিং
non_depressive,ইয়াশ রোহানতটিনী সেরা জুটিতটিনীকে আমার অনেক ভালো লাগেনাটকের নাম শেষ কিছুদিন দেখে অনেক কিছু ভেবেছি তাই মনযোগ দিয়ে দেখছি শেষ কিছুদিন হবে
depressive,ডিপ্রেশনের কারণে কতবার নিজেকে শেষ করার কথা ভেবেছি তাবলে বুঝানো যাবে
non_depressive,কিছু রুচিহিন নাটক ছাড়া প্রতিটি নাটক জীবন থেকে নেওয়া একদম মনের গভীরে নাড়িয়ে দেয়
depressive,জীবনের দুর্দশায় আমি নিজের হারিয়ে গেছি যেটি ফিরিয়ে পেতে অসম্ভব মনে হয়।অনেক দিন ধরে আমি অশান্তির মধ্যে ভুগছি।
non_depressive,"যারা আল্লাহ ও তাঁর রসূলে বিশ্বাস করে না , আমি সেসব কাফেরের জন্যে জ্বলন্ত অগ্নি প্রস্তুত রেখেছি । আল ফাতহ ১৩ "
depressive,অনেক কিছু সম্পর্কে অজানা হওয়া অনেক বেশি কষ্টদায়ক যেন হৃদয়ের মুখে একটা ঘুম পড়ে যায়।
depressive,শুধু ঢাকা শহর কেন শহরেই ব্যাচেলরদের জীবন কষ্টের
non_depressive,তোমার মূল্য ততক্ষণ থাকবে যতক্ষণ তুমি রস এবং গন্ধ বিলাবে । অতপর তুমি আস্তাকুঁড়ে নিক্ষিপ্ত হবে 
non_depressive,আলহামদুলিল্লাহ টিকা ছাড়াই আল্লাহ ভালো রেখেছে
depressive,এইসব ফাইভ বুলেট ট্রেনের স্বপ্ন আছে বলেই আমরা বাসের পাদানিতে টেম্পুর পাদানিতে গাদাগাদি করে দাঁড়িয়ে প্রতিদিন চলাফেরা করতে পারি
depressive,পৃথিবীর সবচেয়ে কষ্ট অবহেলা গোলা হলো পরিবারের দেওয়া কষ্ট একটা মানুষকে ড্রিপ্রাশনে যেতে বেশি দেরি করে
non_depressive,হোয়াদ্দা ফাও কথা বক্স অফিস থেকে করে কিভাবে
non_depressive,বাঙালি তোদের ছেড়ে দেবে ভেবেছিস ? বাংলাপক্ষ জয়বাংলা 
depressive,নাটক সাথে মিলে গিয়েছে আমার জিবন
depressive,শেষ মুহূর্তে চোখের আটকে রাখতে পারলাম  সালে পর্যন্ত যতগুলো নাটক দেখেছি তার মধ্যে আমার দেখা শ্রেষ্ঠ নাটক শেষ কিছুদিন
non_depressive,পাচার বন্ধ করা আপনাদের কাজ। দাম বাড়ানো সমাধান নয়।।
non_depressive,আলহামদুলিল্লাহ ভালো আছি আল্লাহপাক সবাইকে হেফাজত করুক আমিন
non_depressive,Cকাছে আমার প্রশ্ন চাকরির ডাক পত্রিকা শারীরিক প্রতিবন্ধী নিয়োগ দেয় আড়া চাকরির প্রতিবন্ধীরা পায়
depressive,বাসের ড্রাইভার যদি মরে মেরে ফেলাদের জোর দাবি জানাচ্ছি
non_depressive,কারে মেসেজ দেয় সেই খবর ভালোই রাখে সাংবাদিকরা। অথচ চাইতেও গুরুত্বপূর্ণ খবর মানুষের কাছে আসেনা।
non_depressive,সাংবাদিক ভাইদের যতসব সাংঘাতিক খবর
non_depressive,"মন বলে ধৈর্য্য ধর , সব ঠিক হয়ে যাবে । আমার প্রশ্ন কিন্তু কবে "
depressive,শহরে ইটের পাহারে ছিল কেউ দেওয়ার প্রেরণা পুর্নতা
depressive,দেনমহর বেশিরভাগ নারীকে অসম্মান করাই জন্য দায়ীএতে ছেলে ছেলের পরিবারের সদস্যরাই বেশি করে।
non_depressive,আগেই ভেবেছিলাম এমন কিছু হবে। তবুও ডোজ নিয়েছে ইচ্ছের বিরুদ্ধে
depressive,অনেক সময় মনে হয় মরে যাই ভালো লাগে
depressive," , ওগো পথিক আর কত রবে বৃক্ষ ছায়াতে বসি ! ক্ষণিকের তরে মায়াবিনীর এ ছলনাকে ভালবাসি ! রবে নাকো হেথা যেতে হবে তব আসল সে ঠিকানায় ! তবে কেন তুমি ক্ষণিকার প্রেমে ? সময় যে বয়ে যায় ! "
depressive,কি আশ্চর্য ক্রিকেট কিংবা ফুটবল ম্যাচে অতিরিক্ত সময় অতিবাহিত হলেও কিছু মনেই হয়না বরং মাঝে মাঝে তা উত্তেজনাকর কিন্তু জুম য়ার খুতবা একটু বড় হলেই তা বিরক্তিকর হয়ে যায় 
depressive,মানুষ অনেক বোকা সামান্য আনন্দের জন্য নিজের জীবন শেষ করে দেয়
depressive,ভালোবাসা সময় রূপ দিয়ে হয়না এগুলো তারই প্রমাণ এসিড দগ্ধ মেয়েটি
depressive,দাজ্জালের ফিতনার যুগে অসম্ভব বলতে কিছুই নেই। মহান আল্লাহ আমাদের সকল দাজ্জালী ফিতনা থেকে রক্ষা করুন। আমিন
non_depressive,কর্মস্থলের প্রতিযোগীকে সবসময় শ্রদ্ধা করুন । শক্তিশালী প্রতিযোগী আপনার মেধার সর্বোত্তম শুভ সকাল 
depressive,আমি সময় অনুমান করি আমি আমার জীবনের প্রতিটি মৌলিক ব্যবস্থার দিকে অক্ষম।হতাশা দুচিন্তা বেকারত্বের প্রধান কারণ।
non_depressive,শিক্ষা মন্ত্রী যখন যৌন মন্ত্রী তখন এমন হবে এটাই সাভাবিক
depressive,ভাই আমি বড়ই অসহায় বড্ড গরীব মানুষ আমি। আমার কাছে দেয়ার মতো কিছুই নাই। ভরে গালি দেওয়া ছাড়া
depressive,"মাঝে মাঝে সত্ত্যি এই ভেবে অবাক হই , যাকে নিজেকে এত্ত ভালবাসি , তাকে সমাজে বেড়াজালে কেন বন্ধী করে রেখেছি ? তাকে সবকিছু থেকে কেন মুক্তি দিচ্ছি না ? "
depressive,টেস্টে বাজে খেলায় খেলোয়াড়দের অশ্লীল ভাবে গালি দেয়া ছেলে মেয়ে গুলার মূখে এখন প্রসংশা ফুল ফুটে অদ্ভুত
depressive,আললাহর দয়া রহমত আল্লাহু আকবার আগে চিকিৎসা ব্যবসথা উন্নত ছিলো না।আজ চিকিৎসা ব্যবসথা উননত কিন্তু রোগ ঘন্টায় ঘন্টায় তৈরি হচ্ছে
depressive,আমি সময় স্বপ্ন দেখি আমি হারিয়ে যাচ্ছি এবং আমি কোনও সমাধান খুঁজতে পারি না।হতাশা দুচিন্তা বেকারত্বের প্রধান কারণ।
depressive,এটা অত্যন্ত দুঃখজনক এতবার কেন কঠোর ব্যবস্থা নেওয়া হয়
depressive,স্ত্রী সন্তান কিভাবে বিশ্বাস করবেন সম্পত্তি নিয়ে জঘন্য ঘটনা হচ্ছে ওদের দৃষ্টান্ত মূলক শাস্তি দাবি করছি
depressive,শান্ত বুকের তপ্তক্ষুনে শক্তমাটি রক্তলাল মজলুমানের আর্তনাদে আরশে আজিম কম্পমান মানবতা দূর্বিপাকে আবাসভুমি ঘোর শ্মশান
depressive,আমি জানি কিভাবে দুঃখ থেকে বের হতে পারবো।
depressive,তার মৃত্যুর অনেকদিন হয়ে গেলো। এমন কিছু সামনে আসলে ভিতরটা অশান্ত হয়ে পড়ে
non_depressive,আমি যা আমি তাই ই ! আপনার ভাবনার উপর নির্ভরশীল নই । 
depressive,সময় চলে গেছে এবং চলছে চলতি জীবনের গল্প বলছে পাল্টে গেলি তুই আমিও পাল্টে গিয়েছি মাঝ পথে হাতে হাতে বন্ধু খবর দিন দেখ হয়নি
depressive,জীবনের দারুণ মেলায় আমি নিজের অস্তিত্বের অসংখ্য পরিমাণ হারিয়ে গেছি।
depressive,টেস্টে বাজে খেলায় খেলোয়াড়দের অশ্লীল ভাবে গালি দেয়া ছেলে মেয়ে গুলার মূখে এখন প্রসংশা ফুল ফুটে অদ্ভুত
non_depressive,"জীবন শেষে মরণ হয় , মরণ শেষে হয় কী ? অগ্নিতে যার আপত্তি নেই , মাটিতে তার ভয় কী ? সমকোণ"
non_depressive,"রাসুল সাঃ বলেছেন , সোমবার ও বৃহষ্পতিবার জান্নাতের সমস্ত দরজা খুলে দেওয়া হয় এবং মুশরিক ব্যতীত সকলকে ক্ষমা করে দেওয়া হয় । কিন্তু ঐ ব্যক্তি ব্যতীত যে তার ভাইয়ের সাথে হিংসা পোষণ করে । ফিরিশতাদের বলা হয় সংশোধন হওয়া পর্যন্ত তাদের অবকাশ দাও । মুসলিম , মিশকাত হাঃনং , ৫০২৯ । "
depressive,বর্তমান দেশের পরিস্থিত বাদী বিবাদীর টানা হেঁচড়ায় আইনজীবীদের চুষে খাওয়ার ধান্দা বেড়েছে
